folder,album_artist,album,current_genre,tracks,new_genre,
Y:\(We Are) Performance\(We Are) Performance - (We Are) Performance (2007),(We Are) Performance,(We Are) Performance,Pop,12,,
Y:\And You Will Know Us by the Trail of Dead\And You Will Know Us by the Trail of Dead - Source Tags & Codes(2002),...And You Will Know Us By The Trail Of Dead,Source Tags & Codes,Indie Rock,13,,
Y:\13th Floor Elevators\13th Floor Elevators - 7th Heaven Music of the Spheres the Complete Singles Collection (Limited Edition) (2010),13th Floor Elevators,7th Heaven: Music of the Spheres the Complete Singles Collection (Limited Edition),,18,Rock,
Y:\13th Floor Elevators\13th Floor Elevators - Easter Everywhere (1967),13th Floor Elevators,Easter Everywhere,,20,Rock,
Y:\13th Floor Elevators\13th Floor Elevators - The Psychedelic Sounds (1966),13th Floor Elevators,The Psychedelic Sounds,,11,Rock,
Y:\Alan Vega\Alan Vega - Alan Vega (1987)\2Pac - 2Pacalypse Now(1991),2Pac,2Pacalypse Now,,13,Hip Hop,
Y:\Alan Vega\Alan Vega - Alan Vega (1987)\2Pac - All Eyez On Me (2012 Reissue) (1996) (1),2Pac,All Eyez On Me (2012 Reissue) [CD 1],,27,Hip Hop,
Y:\Alan Vega\Alan Vega - Alan Vega (1987)\2Pac - Me Against The World(1995),2Pac,Me Against The World,,15,Hip Hop,
Y:\Alan Vega\Alan Vega - Alan Vega (1987)\2Pac - R U Still Down(1997),2Pac,R U Still Down [CD 2],,13,Hip Hop,
Y:\Alan Vega\Alan Vega - Alan Vega (1987)\2Pac - Until The End Of Time(2001),2Pac,Until The End Of Time [CD 1],Blues,29,,
Y:\5th Dimension\5th Dimension - The Age Of Aquarius (1969),5th Dimension,The Age Of Aquarius,,13,Rock,
Y:\Alan Vega\Alan Vega - Alan Vega (1987)\808 State - 90 (1989),808 State,90,,8,Rock,
Y:\808 State\808 State - Don Solaris (1996),808 State,Don Solaris,,12,Electronic,
Y:\Alan Vega\Alan Vega - Alan Vega (1987)\808 State - Ex_el (US)(1991),808 State,Ex:el (US),,13,Electronic,
Y:\Alan Vega\Alan Vega - Alan Vega (1987)\808 State - Newbuild (1999),808 State,Newbuild,,7,Electronic,
Y:\A Place To Bury Strangers\A Place To Bury Strangers - Pinned (Brainwashing Machine Edition) (2018),A Place To Bury Strangers,Pinned (Brainwashing Machine Edition),Alternative,20,,
Y:\A Tribe Called Red\A Tribe Called Red - Nation II Nation (2013),A Tribe Called Red,Nation II Nation,,10,Hip Hop,
Y:\A Tribe Called Red\A Tribe Called Red - We Are The Halluci Nation (2016),A Tribe Called Red,We Are the Halluci Nation,Electronic,15,,
Y:\Abba\Abba - ABBA Gold (2010),Abba,ABBA Gold,,19,Rock,
Y:\Alan Vega\Alan Vega - Alan Vega (1987)\Acid Lab - Odyssey LP(2014),Acid Lab,Odyssey LP,,13,Electronic,
Y:\Acid Mothers Temple & The Melting Paraiso UFO\Acid Mothers Temple & The Melting Paraiso UFO - Pink Lady Lemonade - You're from Inner Space (2011),Acid Mothers Temple & The Melting Paraiso UFO,Pink Lady Lemonade - You're from Inner Space,,4,Rock,
Y:\Acid Mothers Temple & The Melting Paraiso UFO\Acid Mothers Temple & The Melting Paraiso UFO - Son Of A Bitches Brew (2012),Acid Mothers Temple & The Melting Paraiso UFO,Son Of A Bitches Brew,Blues,7,,
Y:\Acid Mothers Temple\Acid Mothers Temple - the Melting Paraiso U.F.O. (1999),"Acid Mothers Temple, the Melting Paraiso U.F.O.",Wild Gals A Go-Go,,7,Rock,
Y:\Adam Ant\Adam Ant - Antmusic...The Very Best Of (2000),Adam Ant,Antmusic...The Very Best Of,,22,Rock,
Y:\Add N to (X)\Add N to (X) - Add Insult To Injury (2000),Add N to (X),Add Insult To Injury,Blues,12,,
Y:\Adelaide Van Wey\Adelaide Van Wey - Street Cries and Creole Songs of New Orleans (1956),Adelaide Van Wey,Street Cries and Creole Songs of New Orleans,Folk,19,,
Y:\African Head Charge\African Head Charge - My Life In A Hole In The Ground (1991),African Head Charge,My Life In A Hole In The Ground,,9,Rock,
Y:\Alan Vega\Alan Vega - Alan Vega (1987)\Various Artists Afrika Bambaataa - Looking For The Perfect Beat 1980-1985(2001),Afrika Bambaata & The Soul Sonic Force,Looking For The Perfect Beat 1980-1985,,12,Hip Hop,
Y:\Alan Vega\Alan Vega - Alan Vega (1987)\Afrika Bambaataa - Beware (1986),Afrika Bambaataa,Beware,,9,Hip Hop,
Y:\Alan Vega\Alan Vega - Alan Vega (1987)\Afrika Bambaataa - Jazzin_(1996),Afrika Bambaataa,Jazzin',,14,Hip Hop,
Y:\Alan Vega\Alan Vega - Alan Vega (1987)\Afrika Bambaataa Soul Sonic Force - Planet Rock(1986),"Afrika Bambaataa, Soul Sonic Force",Planet Rock,,7,Hip Hop,
Y:\#recycle\Releases\release_223278,AFX,2 es by AFX,,3,Electronic,
Y:\AFX\Analogue Bubblebath 4 (1994-08),AFX,Analogue Bubblebath 4,,5,Electronic,
Y:\AFX\Analord 08 (2005-05-09),AFX,Analord 08,,4,Electronic,
Y:\#recycle\Releases\release_223276,AFX,Analord 11,,3,,Deleted
Y:\AFX\London 03.06.17 [field day] (2017-07-20),AFX,London 03.06.17 [field day],Blues,17,,
Y:\AFX\orphaned deejay selek 2006–2008 (2017-07-20),AFX,orphaned deejay selek 2006–2008,Electronic,8,,
Y:\AFX\Orphans (2017-07-20),AFX,Orphans,Blues,4,,
Y:\#recycle\Releases\release_223280,AFX,Smojphace,,3,,Deleted
Y:\Al Green\Al Green - Let's Stay Together LP (1972),Al Green,Let's Stay Together LP,,9,,
Y:\Al Green\Al Green - The Definitive Greatest Hits (2007),Al Green,The Definitive Greatest Hits,,21,,
Y:\Compilations\Various Artists - Hard to Find 45s on CD - Volume 3 The Mid Fifties (1999),Al Martino,Hard to Find 45s on CD - Volume 3: The Mid Fifties,,20,,
Y:\Compilations\Various Artists - The Rough Guide To Australian Aboriginal Music (2008),Alan Maralung,The Rough Guide To Australian Aboriginal Music,,17,,
Y:\Alan Silvestri\Alan Silvestri - Back To The Future(1985),Alan Silvestri,Back To The Future,,18,,
Y:\Alan Silvestri\Alan Silvestri - Back To The Future Part II(1989),Alan Silvestri,Back To The Future Part II,,33,,
Y:\Alan Vega\Alan Vega - Alan Vega (1987),Alan Vega,Alan Vega,Blues,8,,
Y:\Albert Ayler\Albert Ayler - Ghosts (1988),Albert Ayler,Ghosts,,6,Jazz,
"Y:\Albert Ayler\Albert Ayler - Holy Ghost Rare & Unissued Recordings (1962–70) (10CD, Box-Set) (2004)",Albert Ayler,"Holy Ghost: Rare & Unissued Recordings (1962–70) (10CD, Box-Set) [CD 9]",,123,Jazz,
Y:\Albert Ayler\Albert Ayler - Love Cry (1991),Albert Ayler,Love Cry,Jazz,11,,
Y:\Albert Ayler\Albert Ayler - Music Is The Healing Force Of The Universe (2003),Albert Ayler,Music Is The Healing Force Of The Universe,,6,Jazz,
Y:\Albert Ayler\Albert Ayler - Spiritual Unity (1964),Albert Ayler,Spiritual Unity,,4,Jazz,
Y:\Albert Ayler\Albert Ayler - The Impulse Story (2006),Albert Ayler,The Impulse Story,,10,Jazz,
Y:\Albert Hammond Jr\Albert Hammond Jr. - Momentary Masters (2015),Albert Hammond Jr.,Momentary Masters,Blues,10,,
Y:\Albert Hammond Jr\Albert Hammond Jr. - Yours To Keep (2006),Albert Hammond Jr.,Yours To Keep,,12,Rock,
Y:\Albert Hammond Jr\Albert Hammond Jr. - їCуmo Te Llama (2008),Albert Hammond Jr.,їCуmo Te Llama?,,13,Rock,
Y:\Ivory Joe Hunter\Ivory Joe Hunter - Alberta Hunter (2010),Alberta Hunter,ABC of the Blues [52-CD Box Set]  [CD 17],,20,Blues,
Y:\Alex G\Alex G - Beach Music (2015),Alex G,Beach Music,,13,,
Y:\Ali Farka Toure\Ali Farka Toure - Niafunke (1999),Ali Farka Toure,Niafunke,,11,,
Y:\Ali Hassan Kuban\Ali Hassan Kuban - The Rough Guide to Ali Hassan Kubann (2002),Ali Hassan Kuban,The Rough Guide to Ali Hassan Kubann,,15,,
"Y:\Alice Coltrane\Alice Coltrane - A Monastic Trio (2004, Remaster - Japan) (1968)",Alice Coltrane,"A Monastic Trio (2004, Remaster - Japan)",Blues,6,,
Y:\Alice Coltrane\Alice Coltrane - Divine Songs (1987),Alice Coltrane,Divine Songs,,9,,
Y:\Alice Coltrane\Alice Coltrane - Journey In Satchidananda (1997),Alice Coltrane,Journey In Satchidananda,,5,Jazz,
Y:\Alice Coltrane\Alice Coltrane - Translinear Light (2004),Alice Coltrane,Translinear Light (cat #: Verve Records - B0002191-02),,11,,
"Y:\Alice Coltrane\Alice Coltrane - Turiya Sings (2015, Remaster) (1982)",Alice Coltrane,"Turiya Sings (2015, Remaster)",Blues,9,,
Y:\Alice Coltrane\Alice Coltrane - Universal Consciousness (1971),Alice Coltrane,Universal Consciousness,Blues,6,,
Y:\Buddy Rich\Buddy Rich - Alla Rakha (1968),"Alla Rakha, Buddy Rich","Rich A La Rakha (2001, Remaster)",Blues,5,,
Y:\Allen Ginsberg\Allen Ginsberg - First Blues (1975),Allen Ginsberg,First Blues,Blues,24,,
Y:\Allen Ginsberg\Allen Ginsberg - Howl And Other Poems (1959),Allen Ginsberg,Howl and Other Poems,Poetry,10,,
Y:\Allen Ginsberg\Allen Ginsberg - The Lion For Real (1997),Allen Ginsberg,The Lion For Real,Books & Spoken,17,,
Y:\Allen Toussaint\Allen Toussaint - American Tunes (2016),Allen Toussaint,American Tunes,Jazz/Blues,14,,
Y:\Allen Toussaint\Allen Toussaint - the Wild Sound of new Orleans (1957),Allen Toussaint,the Wild Sound of new Orleans,,12,,
Y:\Alva Noto\Alva Noto - For 2 (2010),Alva Noto,For 2,,12,,
Y:\Alva Noto\Alva Noto - Univrs (2011),Alva Noto,Univrs,,14,,
Y:\Alva Noto\Alva Noto - Xerrox Vol. 2 (2008),Alva Noto,Xerrox Vol. 2,,11,,
Y:\Alva Noto\Alva Noto - Xerrox Vol. 3 (2015),Alva Noto,Xerrox Vol. 3,Ambient,11,,
Y:\Alvvays\Alvvays - Alvvays (2014),Alvvays,Alvvays,Alternative,10,,
Y:\Compilations\Various Artists - Late NightTales presents Music For Pleasure (2012),Ambrosia,LateNightTales presents Music For Pleasure,Electronic,18,,
Y:\Amon Duul II\Amon Duul II - Tanz Der Lemminge (1971),Amon Düül II,"Tanz der lemminge [1997, Repertoire Rec., REP 4749]","Krautrock, Progressive rock",17,,
Y:\Amon Tobin\Amon Tobin - Bricolage(1997),Amon Tobin,Bricolage,,14,,
Y:\Amon Tobin\Amon Tobin - Permutation(1998),Amon Tobin,Permutation,,12,,
Y:\Amon Tobin\Amon Tobin - Supermodified(2000),Amon Tobin,Supermodified,,12,,
Y:\Amorphous Androgynous\Amorphous Androgynous - Various Artists (2009),Amorphous Androgynous,A Monstrous Psychedelic Bubble Vol. 2 - Pagan Love Vibrations [CD 2],,44,,
Y:\Compilations\Various Artists - A Monstrous Psychedelic Bubble (Exploding In Your Mind) The Wizards Of Oz (2015),Amorphous Androgynous,The Wizards of Oz,Psychedelic Rock,33,,
Y:\Amy Winehouse\Amy Winehouse - Back To Black(2006),Amy Winehouse,Back To Black,,10,,
Y:\Amy Winehouse\Amy Winehouse - Frank (2003),Amy Winehouse,Frank,,13,,
Y:\And So I Watch You From Afar\And So I Watch You From Afar - And So I Watch You From Afar (Deluxe Edition) (2009),And So I Watch You From Afar,And So I Watch You From Afar,Alternative,19,,
Y:\Andre Bratten\Andre Bratten - Be A Man You Ant (2013),Andre Bratten,Be A Man You Ant,,7,,
Y:\Andrew Hill\Andrew Hill - Black Fire (1963),Andrew Hill,Black Fire,Blues,9,,
Y:\Andrew Hill\Andrew Hill - Compulsion (1965),Andrew Hill,Compulsion,,4,,
Y:\Andrew Hill\Andrew Hill - Judgment! (1964),Andrew Hill,Judgment!,Blues,6,Jazz,
Y:\Andrew Hill\Andrew Hill - Point of Departure (1964),Andrew Hill,Point of Departure,,7,,
Y:\Andy Stott\Andy Stott - Faith In Strangers(2014),Andy Stott,Faith In Strangers,Techno,9,,
Y:\Angel Olsen\Angel Olsen - Burn Your Fire For No Witness (2014),Angel Olsen,Burn Your Fire For No Witness,,11,,
Y:\Angel Olsen\Angel Olsen - My Woman (2016),Angel Olsen,My Woman,Folk,10,,
Y:\Angelo Badalamenti\Angelo Badalamenti - Twin Peaks(1990),Angelo Badalamenti,Twin Peaks,,11,,
Y:\Angine de Poitrine\2024 - ANGINE DE POITRINE - VOL.1,Angine de Poitrine,ANGINE DE POITRINE - VOL.1,,6,,
Y:\Angine de Poitrine\Vol. II (2026-06-12),Angine de Poitrine,Vol. II,Rock,6,,
Y:\Animal Collective\Animal Collective - Campfire Songs(2003),Animal Collective,Campfire Songs,,5,,
Y:\Animal Collective\Animal Collective - Feels(2005),Animal Collective,Feels,,9,,
Y:\Animal Collective\Animal Collective - Here Comes the Indian(2003),Animal Collective,Here Comes the Indian,,7,,
Y:\Animal Collective\Animal Collective - Merriweather Post Pavilion(2009),Animal Collective,Merriweather Post Pavilion,,11,,
Y:\Animal Collective\Animal Collective - Spirit They_re Gone Spirit They_ve Vanished(2000),Animal Collective,Spirit They're Gone Spirit They've Vanished,,10,,
Y:\Animal Collective\Animal Collective - Strawberry Jam(2007),Animal Collective,Strawberry Jam,,9,,
Y:\Animal Collective\Animal Collective - Sung Tongs(2004),Animal Collective,Sung Tongs,,12,,
Y:\Animals\Animals - Absolute Animals 1964-1968 (Remastered_ 2003)(1964),Animals,"Absolute Animals 1964-1968 (Remastered, 2003)",,20,,
Y:\Animals\Animals - Animal Tracks(1965),Animals,Animal Tracks,,11,,
Y:\Animals\Animals - Inside Looking Out (The 1965 - 1966 Sessions) (1990),Animals,Inside Looking Out  - The 1965,Rock,22,,
Y:\Animals\Animals - The EP Collection (1989),Animals,The EP Collection,,20,,
Y:\Animals\Animals - The Singles Plus(1987),Animals,The Singles Plus,,20,,
Y:\Anthony Braxton\Anthony Braxton - For Alto (1968),Anthony Braxton,For Alto,,8,,
Y:\Anton Batagov\Anton Batagov - Bach (2017),Anton Batagov,Bach [CD 1],Blues,15,,
Y:\Aphex Twin\Aphex Twin - ...I Care Because You Do (1995),Aphex Twin,...I Care Because You Do,,12,,
Y:\Aphex Twin\Blackbox Life Recorder 21f _ in a room7 F760 (2023-07-28),Aphex Twin,Blackbox Life Recorder 21f / in a room7 F760,IDM,4,,
Y:\Aphex Twin\Cheetah EP (2016-07-07),Aphex Twin,Cheetah EP,Blues,6,,
Y:\Aphex Twin\CIRKLON3 [ Kolkhoznaya mix ] (2016-07-08),Aphex Twin,CIRKLON3 [ Kolkhoznaya mix ],Blues,1,,
"Y:\Aphex Twin\Aphex Twin - Classics (Remastered, 2008) (1995)",Aphex Twin,"Classics (Remastered, 2008)",,13,,
Y:\Aphex Twin\Collapse EP (2018-09-14),Aphex Twin,Collapse EP,Blues,6,,
Y:\Aphex Twin\Aphex Twin - Come To Daddy (1997),Aphex Twin,Come To Daddy,Blues,8,,
"Y:\Aphex Twin\Computer Controlled Acoustic Instruments, Part 2 (2015-01-23)",Aphex Twin,"Computer Controlled Acoustic Instruments, Part 2",Blues,13,,
Y:\Aphex Twin\Aphex Twin - Digeridoo (Expanded Edition) (2024),Aphex Twin,Digeridoo (Expanded Edition),IDM,10,,
Y:\Aphex Twin\Aphex Twin - Drukqs [2 CD](2001),Aphex Twin,Drukqs [2 CD],,30,,
Y:\Aphex Twin\Aphex Twin - Hangable Auto Bulb (1995),Aphex Twin,Hangable Auto Bulb,,6,,
Y:\Aphex Twin\Aphex Twin - London 03.06.17 (2017),Aphex Twin,London 03.06.17,Blues,11,,
Y:\Aphex Twin\MARCHROMT30a Edit 2b 96 (2015-04-06),Aphex Twin,MARCHROMT30a Edit 2b 96,"Electronic, Acid, Breakbeat, IDM, Downtempo",3,,
Y:\#recycle\Releases\release_1487125,Aphex Twin,Music From the Merch Desk (2016 – 2023),IDM,38,,
Y:\Aphex Twin\Peel Session 2 (2019-11-15),Aphex Twin,Peel Session 2,,4,,
Y:\Aphex Twin\Aphex Twin - Richard D. James Album (1996),Aphex Twin,Richard D. James Album,,15,,
Y:\Aphex Twin\Aphex Twin - Selected Ambient Works 85-92 (Remastered 2008) (1992),Aphex Twin,Selected Ambient Works 85-92 (Remastered 2008),,13,,
Y:\Aphex Twin\Aphex Twin - Selected Ambient Works 85-92 (Remastered 2008)(1992),Aphex Twin,Selected Ambient Works 85-92 (Remastered 2008),,13,,
Y:\Aphex Twin\Aphex Twin - Selected Ambient Works Volume II (1994),Aphex Twin,Selected Ambient Works Volume II [CD 2],Blues,23,,
Y:\Aphex Twin\Aphex Twin - Syro (2014),Aphex Twin,Syro,,13,,
Y:\_Untagged\Windowlicker (1999),Aphex Twin,Windowlicker,Blues,1,,
Y:\Aphex Twin\Windowlicker (1999),Aphex Twin,Windowlicker,Blues,2,,
Y:\Compilations\Various Artists - A Monstrous Psychedelic Bubble Exploding In Your Mind (2010),Aphrodite's Child,A Monstrous Psychedelic Bubble Exploding In Your Mind,,44,,
Y:\Compilations\Various Artists - Fabric 70 Apollonia (2013),Apollonia,Fabric 70: Apollonia (Cat #: Fabric - FABRIC139),,17,,
Y:\Apparat\Apparat - Various Artists (2010),Apparat,DJ-Kicks,,24,,
Y:\Arca\Arca - Arca (2017),Arca,Arca,,13,,
Y:\Arcade Fire\Arcade Fire - Everything Now (2017),Arcade Fire,Everything Now,Indie Rock / Art Rock / Baroque Pop,13,,
Y:\Arcade Fire\Arcade Fire - Funeral (2004),Arcade Fire,Funeral,,10,,
Y:\Arcade Fire\Arcade Fire - Neon Bible (2007),Arcade Fire,Neon Bible,,11,,
Y:\Arcade Fire\Arcade Fire - Reflektor (2013),Arcade Fire,Reflektor [CD 1],,14,,
Y:\Arctic Monkeys\Arctic Monkeys - AM(2013),Arctic Monkeys,AM,,12,,
Y:\Arctic Monkeys\Arctic Monkeys - BBC Radio 1 - Maida Vale(2009),Arctic Monkeys,BBC Radio 1 - Maida Vale,,10,,
Y:\Arctic Monkeys\Arctic Monkeys - Covers Mixtape(2008),Arctic Monkeys,Covers Mixtape,,7,,
Y:\Arctic Monkeys\Arctic Monkeys - Favourite Worst Nightmare (2007),Arctic Monkeys,Favourite Worst Nightmare,,14,,
Y:\Arctic Monkeys\Arctic Monkeys - Humbug(2009),Arctic Monkeys,Humbug,,12,,
Y:\Arctic Monkeys\Arctic Monkeys - Suck It And See(2011),Arctic Monkeys,Suck It And See,,12,,
Y:\Arctic Monkeys\Arctic Monkeys - Tranquility Base Hotel & Casino(2018),Arctic Monkeys,Tranquility Base Hotel & Casino,Blues,11,,
Y:\Arctic Monkeys\Arctic Monkeys - Unplugged Acoustic Session(2009),Arctic Monkeys,Unplugged Acoustic Session,,15,,
Y:\Arctic Monkeys\Arctic Monkeys - Whatever People Say I Am_ That_s What I_m Not(2006),Arctic Monkeys,"Whatever People Say I Am, That's What I'm Not",,13,,
Y:\Compilations\Various Artists - Delta Swamp Rock Vol. 2 (2012),Area Code 615,Delta Swamp Rock Vol. 2,Blues,20,,
Y:\Ariel Pink\Ariel Pink - Pom Pom (2014),Ariel Pink,pom pom,Indie Pop,17,,
Y:\Ariel Pink's Haunted Graffiti\Ariel Pink's Haunted Graffiti - Before Today (2010),Ariel Pink's Haunted Graffiti,Before Today,,12,,
Y:\Ariel Pink's Haunted Graffiti\Ariel Pink's Haunted Graffiti - Mature Themes (2012),Ariel Pink's Haunted Graffiti,Mature Themes,,13,,
Y:\Art Blakey - Jazz In Paris [Box Set](1959),Art Blakey,Jazz In Paris [Box Set] [CD 69]: Paris Olympia,,11,Jazz,
Y:\Art Blakey & The Jazz Messengers\Art Blakey & The Jazz Messengers - Moanin' (1999),Art Blakey & The Jazz Messengers,Moanin',,8,,
Y:\Arthur Alexander\Arthur Alexander - Greatest Hits (1989),Arthur Alexander,Greatest Hits,,21,,
Y:\Buddy Guy\Buddy Guy - Slim Gaillard (2010),Arthur Gunter,ABC of the Blues [52-CD Box Set] [CD 12],,20,Blues,
Y:\Arthur Russell\Arthur Russell - Another Thought(1994),Arthur Russell,Another Thought,Experimental,15,,
Y:\Arthur Russell\Arthur Russell - Calling Out Of Context(2004),Arthur Russell,Calling Out Of Context,Experimental,12,,
Y:\Arthur Russell\Arthur Russell - Corn(2015),Arthur Russell,Corn,,9,,
Y:\Arthur Russell\Arthur Russell - First Thought Best Thought Vol 1 & 2(2006),Arthur Russell,First Thought Best Thought,Experimental,16,,
Y:\Arthur Russell\Arthur Russell - Love Is Overtaking Me(2008),Arthur Russell,Love Is Overtaking Me,Experimental,21,,
Y:\Arthur Russell\Arthur Russell - Tower Of Meaning(1983),Arthur Russell,Tower Of Meaning,Experimental,7,,
Y:\Arthur Russell\Arthur Russell - World Of Echo (2004_ Remastered US)(1986),Arthur Russell,World Of Echo,Experimental,18,,
Y:\Arvo Part\Arvo Part - Alina (1999),Arvo Part,Alina,,5,,
Y:\Arvo Part\Arvo Part - Da Pacem (2006),Arvo Part,Da Pacem,,8,,
Y:\Arvo Part\Arvo Part - Lamentate (2005),Arvo Part,Lamentate,,10,,
Y:\Arvo Part\Arvo Part - Miserere (1991),Arvo Part,Miserere,,3,,
Y:\Arvo Part\Arvo Part - Orient Occident (2002),Arvo Part,Orient Occident,,7,,
Y:\Arvo Part\Arvo Part - Symphony No.1 Collage On The Theme B-A-C-H. Pro Et Contra. Tabula Rasa (2002),Arvo Part,Symphony No.1 Collage On The Theme B-A-C-H. Pro Et Contra. Tabula Rasa,,8,,
Y:\Arvo Part\Arvo Part - Tabula Rasa (1984),Arvo Part,Tabula Rasa,,4,,
Y:\Arvo Part\Arvo Part - Te Deum (1993),Arvo Part,Te Deum,,11,,
Y:\Arvo Part\Arvo Part - Te Deum (2012),Arvo Part,Te Deum,Blues,10,,
Y:\Arvo Part\Arvo Part - The Best Of Arvo Part (2004),Arvo Part,The Best Of Arvo Part,,14,,
Y:\Arvo Part\Arvo Part - The Symphonies (2018),Arvo Part,The Symphonies,Blues,11,,
Y:\Arvo Part\Arvo Part - Trivium (1992),Arvo Part,Trivium,,8,,
Y:\#recycle\Releases\release_1467764,Arvo Pärt,Silentium,Classique,4,,
Y:\_Untagged\1977 (1996),Ash,1977,,1,,
Y:\Ash\1977 (1996),Ash,1977,,9,,
Y:\Compilations\Various Artists - House Masters ATFC and David Penn (Unmixed DJ) (2CD) (2009),"ATFC, Lisa Millett",House Masters: ATFC and David Penn (Unmixed DJ) (2CD),,20,,
Y:\Atoms For Peace\Atoms For Peace - Amok (2013),Atoms For Peace,Amok,,9,,
"Y:\Au Revoir Simone\Au Revoir Simone - Still Night,Still Light (2009)",Au Revoir Simone,"Still Night,Still Light",Blues,12,,
Y:\Au Revoir Simone\Au Revoir Simone - The Bird Of Music (2007),Au Revoir Simone,The Bird Of Music,Blues,11,,
Y:\Compilations\Various Artists - Fabriclive.54 David Rodigan (2010),Augustus Pablo,Fabriclive.54 David Rodigan,,21,,
Y:\Augustus Pablo\Augustus Pablo - King Tubbys Meets Rockers Uptown (1994),Augustus Pablo,King Tubbys Meets Rockers Uptown,Blues,12,,
Y:\Ava Cherry\Ava Cherry - The Astronettes Sessions (2009),Ava Cherry,The Astronettes Sessions,,12,,
Y:\B.B. King\B.B. King - ABC of the Blues [52-CD Box Set](2010),B.B. King,ABC of the Blues [52-CD Box Set]  [CD 21],,20,Blues,
"Y:\B.B. King\B.B. King - Live At The Regal (1997, Remaster) (1964)",B.B. King,"Live At The Regal (1997, Remaster)",,10,,
Y:\Metro Area\Metro Area - Various Artists (2008),Babla's Disco Sensation,Fabric 43,,23,,
Y:\Backstreet Boys\Backstreet Boys - A Very Backstreet Christmas (Deluxe Edition)(2025),Backstreet Boys,A Very Backstreet Christmas (Deluxe Edition),Pop,15,,
Y:\Backstreet Boys\Backstreet Boys - Greatest Hits - Chapter One(2003),Backstreet Boys,Greatest Hits - Chapter One,,16,,
Y:\Backstreet Boys\Backstreet Boys - Playlist_ The Very Best Of Backstreet Boys (US)(2010),Backstreet Boys,Playlist: The Very Best Of Backstreet Boys (US),Blues,14,,
Y:\Bad Manners\Bad Manners - Gosh It's (2011),Bad Manners,Gosh It's,Ska,18,,
"Y:\Bad Manners\Bad Manners - Ska 'N' B (2011, Remaster) (1980)",Bad Manners,"Ska 'N' B (2011, Remaster)",,17,,
Y:\BadBadNotGood\BadBadNotGood - IV (2016),BADBADNOTGOOD,IV,Jazz,11,,
Y:\Ballake Sissoko\Ballake Sissoko - At Peace (2012),Ballake Sissoko,At Peace,,9,,
Y:\Ballake Sissoko Vincent Segal\Ballake Sissoko Vincent Segal - Chamber Music (2010),Ballake Sissoko Vincent Segal,Chamber Music,,10,,
Y:\_Untagged\Christmas Hits [3 CD] (2005),Band Aid,Christmas Hits [3 CD],,11,,
Y:\Bangles\Bangles - The Essential Bangles(2004),Bangles,The Essential Bangles,Pop,15,,
Y:\Barbara Morgenstern\Barbara Morgenstern - Doppelstern (2015),Barbara Morgenstern,Doppelstern,Blues,11,,
Y:\Barbara Morgenstern\Barbara Morgenstern - Fan No. 2 (2010),Barbara Morgenstern,Fan No. 2,,23,,
Y:\Barbara Morgenstern\Barbara Morgenstern - Sweet Silence (2012),Barbara Morgenstern,Sweet Silence,,13,,
Y:\Compilations\Various Artists - House Masters - Louie Vega (2CD) (2008),Barbara Tucker,House Masters - Louie Vega (2CD),,20,,
Y:\Barry Adamson\Barry Adamson - Back To The Cat(2008),Barry Adamson,Back To The Cat,,10,,
Y:\Barry Adamson\Barry Adamson - Oedipus Schmoedipus(1996),Barry Adamson,Oedipus Schmoedipus,,13,,
Y:\Barry Adamson\Barry Adamson - The King Of Nothing Hill(2002),Barry Adamson,The King Of Nothing Hill,,10,,
Y:\Barry Adamson\Barry Adamson - The Murky World Of Barry Adamson(1999),Barry Adamson,The Murky World Of Barry Adamson,,12,,
Y:\Basement Jaxx\Kish Kash (2003),Basement Jaxx,Kish Kash,,14,,
Y:\Basement Jaxx\Remedy (1999),Basement Jaxx,Remedy,,15,,
Y:\Basement Jaxx\Basement Jaxx - Rooty(2001),Basement Jaxx,Rooty,,13,,
Y:\Cassy\Cassy - Various Artists (2013),Basic soul unit,Fabric 71,,17,,
Y:\Bat For Lashes\Bat For Lashes - Fur And Gold (2007),Bat For Lashes,Fur And Gold,,11,,
Y:\Bat For Lashes\Bat For Lashes - The Bride (2016),Bat For Lashes,The Bride,Alternative/Indie,13,,
Y:\Bat For Lashes\Bat For Lashes - The Haunted Man (2012),Bat For Lashes,The Haunted Man,,11,,
Y:\Bat For Lashes\Bat For Lashes - Two Suns (2009),Bat For Lashes,Two Suns,,11,,
Y:\Gary Numan\Gary Numan - Yamantaka Eye (2011),Battles,Gloss Drop,Indie Rock,12,,
Y:\Battles\Battles - La Di Da Di (2015),Battles,La Di Da Di,"Math Rock, Electronic, Experimental",12,,
"Y:\Bauhaus\Bauhaus - In The Flat Field (Omnibus Edition) (Remastered, 2009) (1980)",Bauhaus,"In The Flat Field (Omnibus Edition) (Remastered, 2009)",,25,,
"Y:\Bauhaus\Bauhaus - Mask (Remastered, 2008) (1981)",Bauhaus,"Mask (Remastered, 2008)",,10,,
Y:\Baxter Dury\Baxter Dury - Floor Show(2005),Baxter Dury,Floor Show,Indie Rock,9,,
Y:\Baxter Dury\Baxter Dury - Happy Soup(2011),Baxter Dury,Happy Soup,Indie,10,,
Y:\Baxter Dury\Baxter Dury - It_s A Pleasure(2014),Baxter Dury,It's A Pleasure,Indie,10,,
Y:\Baxter Dury\Baxter Dury - Len Parrot_s Memorial Lift(2002),Baxter Dury,Len Parrot’s Memorial Lift,Indie Rock,9,,
Y:\Baxter Dury\Baxter Dury - Prince Of Tears (2017),Baxter Dury,Prince Of Tears,Indie,10,,
Y:\Baxter Dury\Baxter Dury - The Night Chancers(2020),Baxter Dury,The Night Chancers,Indie Rock,10,,
"Y:\Beach Boys, The\15 Big Ones","Beach Boys, The",15 Big Ones,Pop,15,,
"Y:\Beach Boys, The\20_20","Beach Boys, The",20/20,Pop,12,,
"Y:\Beach Boys, The\All Summer Long","Beach Boys, The",All Summer Long,Pop,12,,
"Y:\Beach Boys, The\Beach Boys' Christmas Album","Beach Boys, The",Beach Boys' Christmas Album,Pop,12,,
"Y:\Beach Boys, The\Carl and the Passions – _So Tough_","Beach Boys, The","Carl and the Passions – ""So Tough""",Pop,8,,
"Y:\Beach Boys, The\Friends","Beach Boys, The",Friends,Pop,12,,
"Y:\Beach Boys, The\Holland","Beach Boys, The",Holland,Pop,9,,
"Y:\Beach Boys, The\Keepin' the Summer Alive","Beach Boys, The",Keepin' the Summer Alive,Pop,10,,
"Y:\Beach Boys, The\L.A. (Light Album)","Beach Boys, The",L.A. (Light Album),Pop,10,,
"Y:\Beach Boys, The\Little Deuce Coupe","Beach Boys, The",Little Deuce Coupe,Pop,12,,
"Y:\Beach Boys, The\Love You","Beach Boys, The",Love You,Pop,14,,
"Y:\Beach Boys, The\M.I.U. Album","Beach Boys, The",M.I.U. Album,Pop,12,,
"Y:\Beach Boys, The\Party","Beach Boys, The",Party,Pop,12,,
"Y:\Beach Boys, The\Pet Sounds","Beach Boys, The",Pet Sounds,Pop,13,,
"Y:\Beach Boys, The\Shut Down Vol. 2","Beach Boys, The",Shut Down Vol. 2,Pop,12,,
"Y:\Beach Boys, The\Smiley Smile","Beach Boys, The",Smiley Smile,Pop,11,,
"Y:\Beach Boys, The\Stars and Stripes, Vol. 1","Beach Boys, The","Stars and Stripes, Vol. 1",Pop,12,,
"Y:\Beach Boys, The\Still Cruisin'","Beach Boys, The",Still Cruisin',Pop,10,,
"Y:\Beach Boys, The\Summer Days And Summer Nights","Beach Boys, The",Summer Days And Summer Nights,Pop,12,,
"Y:\Beach Boys, The\Summer in Paradise","Beach Boys, The",Summer in Paradise,Pop,12,,
"Y:\Beach Boys, The\Sunflower","Beach Boys, The",Sunflower,Pop,12,,
"Y:\Beach Boys, The\Surfer Girl","Beach Boys, The",Surfer Girl,Pop,12,,
"Y:\Beach Boys, The\Surfin' Safari","Beach Boys, The",Surfin' Safari,Pop,12,,
"Y:\Beach Boys, The\Surfin' USA","Beach Boys, The",Surfin' USA,Pop,12,,
"Y:\Beach Boys, The\Surf's Up","Beach Boys, The",Surf's Up,Pop,10,,
"Y:\Beach Boys, The\That's Why God Made The Radio","Beach Boys, The",That's Why God Made The Radio,Pop,12,,
"Y:\Beach Boys, The\The Beach Boys","Beach Boys, The",The Beach Boys,Pop,12,,
"Y:\Beach Boys, The\Today!","Beach Boys, The",Today!,Pop,12,,
"Y:\Beach Boys, The\Wild Honey","Beach Boys, The",Wild Honey,Pop,11,,
Y:\Beach House\Beach House - Beach House (2006),Beach House,Beach House,,9,,
Y:\Beach House\Beach House - Bloom (2012),Beach House,Bloom,,10,,
Y:\Beach House\Beach House - Depression Cherry (2015),Beach House,Depression Cherry,indie / dream pop,9,,
Y:\Beach House\Beach House - Devotion (2008),Beach House,Devotion,,11,,
Y:\Beach House\Beach House - Teen Dream(2010),Beach House,Teen Dream,Dream Pop,10,,
Y:\Beach House\Beach House - Thank You Lucky Stars (2015),Beach House,Thank Your Lucky Stars,Alternative,9,,
Y:\Beastie Boys\Beastie Boys - Check Your Head (1992),Beastie Boys,Check Your Head,,20,,
Y:\Beastie Boys\Beastie Boys - Hello Nasty (1998),Beastie Boys,Hello Nasty,,22,,
Y:\Beastie Boys\Beastie Boys - Hot Sauce Committee Part Two (2011),Beastie Boys,Hot Sauce Committee Part Two,,17,,
Y:\Beastie Boys\Beastie Boys - Ill Communication (1994),Beastie Boys,Ill Communication,,20,,
"Y:\Beastie Boys\Beastie Boys - Licensed To Ill (2013, Remaster) (1986)",Beastie Boys,"Licensed To Ill (2013, Remaster)",,13,,
Y:\Beastie Boys\Beastie Boys - Paul's Boutique (1989),Beastie Boys,Paul's Boutique,,15,,
Y:\Beastie Boys\Beastie Boys - The Mix-Up (2007),Beastie Boys,The Mix-Up,,12,,
Y:\Beastie Boys\Beastie Boys - To The 5 Boroughs (2004),Beastie Boys,To The 5 Boroughs,,15,,
Y:\Beatles\Beatles - 1962 - 1966(1973),Beatles,1962 - 1966 [CD 1],,26,,
Y:\Beatles\Beatles - A Hard Day_s Night [2009 Mono Remaster](1964),Beatles,A Hard Day's Night [2009 Mono Remaster],,13,,
Y:\Beatles\Beatles - Beatles For Sale [2009 Mono Remaster](1964),Beatles,Beatles For Sale [2009 Mono Remaster],,14,,
Y:\Beatles\Beatles - Help! [2009 Mono Remaster](1965),Beatles,Help! [2009 Mono Remaster],,28,,
Y:\Beatles\Beatles - Love(2006),Beatles,Love,Blues,26,,
Y:\Beatles\Beatles - Magical Mystery Tour [2009 Mono Remaster](1967),Beatles,Magical Mystery Tour [2009 Mono Remaster],,11,,
Y:\Beatles\Beatles - Mono Masters_ Vol. 1 [2009 Mono Remaster](1988),Beatles,"Mono Masters, Vol. 1 [2009 Mono Remaster]",,18,,
Y:\Beatles\Beatles - Mono Masters_ Vol. 2 [2009 Mono Remaster](1988),Beatles,"Mono Masters, Vol. 2 [2009 Mono Remaster]",,16,,
Y:\Beatles\Beatles - Please Please Me [2009 Mono Remaster](1963),Beatles,Please Please Me [2009 Mono Remaster],,14,,
Y:\Beatles\Beatles - Revolver (Stereo - 2009 Remaster)(1966),Beatles,Revolver (Stereo - 2009 Remaster),,14,,
Y:\Beatles\Beatles - Revolver [2009 Mono Remaster](1966),Beatles,Revolver [2009 Mono Remaster],,14,,
Y:\Beatles\Beatles - Rubber Soul [2009 Mono Remaster](1965),Beatles,Rubber Soul [2009 Mono Remaster],,28,,
Y:\Beatles\Beatles - Sgt. Pepper_s Lonely Hearts Club Band [2009 Mono Remaster](1967),Beatles,Sgt. Pepper's Lonely Hearts Club Band [2009 Mono Remaster],,13,,
Y:\Beatles\Beatles - Sgt. Pepper_s Lonely Hearts Club Band [2009 Mono Remaster](1967) (1),Beatles,Sgt. Pepper's Lonely Hearts Club Band [2009 Mono Remaster],,13,,
Y:\Beatles\Beatles - The Beatles (White Album)  [2009 Mono Remaster](1968),Beatles,The Beatles (White Album) [Disc 1] [2009 Mono Remaster],,30,,
Y:\Beatles\Beatles - With The Beatles [2009 Mono Remaster](1963),Beatles,With The Beatles [2009 Mono Remaster],,14,,
Y:\Beck\Beck - Guero(2005),Beck,Guero,,13,,
Y:\Beck\Beck - Mellow Gold (Japan)(1994),Beck,Mellow Gold (Japan),Blues,12,,
Y:\Beck\Beck - Mellow Gold (Japan)(1994) (1),Beck,Mellow Gold (Japan),Blues,12,,
Y:\Beck\Beck - Midnite Vultures(1999),Beck,Midnite Vultures,,11,,
Y:\Beck\Beck - Modern Guilt(2008),Beck,Modern Guilt,Alt. Rock,10,,
Y:\Beck\Beck - Morning Phase(2014),Beck,Morning Phase,,13,,
Y:\Beck\Beck - Mutations(1998),Beck,Mutations,,13,,
Y:\Beck\Beck - Odelay (Japan)(1996),Beck,Odelay (Japan),Blues,14,,
Y:\Beck\Beck - The Information(2006),Beck,The Information,,15,,
Y:\Bedhead\Bedhead - Bedhead (1992-1998) (2014),Bedhead,Bedhead (1992-1998) [CD 4]: Singles / EPs / B-Sides,,45,,
Y:\Bee Gees\Bee Gees - Greatest (1979),Bee Gees,Greatest [CD 1],,20,,
Y:\Beirut\Beirut - Gulag Orkestar(2006),Beirut,Gulag Orkestar,,11,,
Y:\Beirut\Beirut - The Flying Club Cup(2007),Beirut,The Flying Club Cup,,13,,
Y:\Beirut\Beirut - The Rip Tide(2011),Beirut,The Rip Tide,,9,,
Y:\Compilations\Various Artists - Hard to Find 45s on CD - Volume 4 The Late Fifties (1999),Bell Notes,Hard to Find 45s on CD - Volume 4: The Late Fifties,,20,,
Y:\Belle & Sebastian\Belle & Sebastian - Dear Catastrophe Waitress (2003),Belle & Sebastian,Dear Catastrophe Waitress,,12,,
Y:\Belle & Sebastian\Belle & Sebastian - Fold Your Hands Child_ You Walk Like A Peasant(2000),Belle & Sebastian,"Fold Your Hands Child, You Walk Like A Peasant",,11,,
Y:\Belle & Sebastian\Belle & Sebastian - If You_re Feeling Sinister(1996),Belle & Sebastian,If You're Feeling Sinister,,10,,
Y:\Belle & Sebastian\Belle & Sebastian - Peel XMas Session 18-12-2002 (2002),Belle & Sebastian,Peel XMas Session 18-12-2002,,15,,
Y:\Belle & Sebastian\Belle & Sebastian - Storytelling(2002),Belle & Sebastian,Storytelling,,18,,
Y:\Belle & Sebastian\Belle & Sebastian - The BBC Sessions (2008),Belle & Sebastian,The BBC Sessions [CD 1],,26,,
Y:\Belle & Sebastian\Belle & Sebastian - The Boy With The Arab Strap(1998),Belle & Sebastian,The Boy With The Arab Strap,,12,,
Y:\Belle & Sebastian\Belle & Sebastian - The Third Eye Centre(2013),Belle & Sebastian,The Third Eye Centre,,19,,
Y:\Belle & Sebastian\Belle & Sebastian - Tigermilk(1996),Belle & Sebastian,Tigermilk,,10,,
Y:\Belle and Sebastian\Belle and Sebastian - Girls In Peacetime Want To Dance(2015),Belle and Sebastian,Girls in Peacetime Want to Dance,,12,,
Y:\Belle & Sebastian\Belle & Sebastian - Late Night Tales Vol. 2 (2012),Belle And Sebastian,Late Night Tales Vol. 2,,25,,
Y:\Belle & Sebastian\Belle & Sebastian - The Life Pursuit (2006),Belle And Sebastian,The Life Pursuit,,13,,
Y:\Belle & Sebastian\Belle & Sebastian - Write About Love(2010),Belle And Sebastian,Write About Love,,11,,
Y:\Ben Sims\Ben Sims - Various Artists (2013),Ben Sims,Fabric 73 (cat #: Fabric - FABRIC145),,44,,
Y:\Compilations\Various Artists - Hillbillies In Hell Country Music's Tormented Testament (1952-1974) The Resurrection (2018),Ben Wasson & The Hardtimes,Hillbillies In Hell: Country Music's Tormented Testament (1952-1974) The Resurrection,Blues,32,,
"Y:\Ben Webster\Ben Webster - Soulville (2013, Remaster) (1957)",Ben Webster,"Soulville (2013, Remaster)",,7,,
Y:\Gerry Mulligan\Gerry Mulligan - Ben Webster (1959),"Ben Webster, Gerry Mulligan",Gerry Mulligan Meets Ben Webster,,11,,
Y:\Ben Webster\Ben Webster - Oscar Peterson (1959),"Ben Webster, Oscar Peterson",Ben Webster Meets Oscar Peterson,,7,,
Y:\Benjamin Zephaniah\Benjamin Zephaniah - Free South Afrika (1986),Benjamin Zephaniah,Free South Afrika,,4,,
Y:\Compilations\Various Artists - It's Saturday Night! Starday-Dixie Rockabilly 1955-1961 Vol 3 (2012),Benny Joy,It's Saturday Night! Starday-Dixie Rockabilly 1955-1961 Vol 3,,34,,
Y:\Compilations\Various Artists - FabricLive. 11 (Mixed By Bent) (2003),Bent,FabricLive. 11 (Mixed By Bent),,17,,
Y:\Bernard Herrmann\Bernard Herrmann - North By Northwest (2012),Bernard Herrmann,North By Northwest,,28,,
Y:\Compilations\Various Artists - Psycho - The Essential Hitchcock (1999),Bernard Herrmann,Psycho - The Essential Hitchcock [CD 2],,27,,
"Y:\Bert Jansch\Bert Jansch - Bert Jansch (2001, Remaster) (1965)",Bert Jansch,"Bert Jansch (2001, Remaster)",,17,,
Y:\Bert Jansch\Bert Jansch - It Don't Bother Me (1965),Bert Jansch,It Don't Bother Me,,14,,
Y:\Bert Jansch\Bert Jansch - The Black Swan (2006),Bert Jansch,The Black Swan,,12,,
Y:\Bessie Smith\Bessie Smith - ABC of the Blues [52-CD Box Set](2010),Bessie Smith,ABC of the Blues [52-CD Box Set]  [CD 39],,20,Blues,
Y:\Beth Orton\Beth Orton - Central Reservation(1999),Beth Orton,Central Reservation,,12,,
Y:\Bicep\Bicep - Bicep (2017),Bicep,Bicep,Deep House / Tech House / Techno,12,,
Y:\Big Bill Broonzy\Big Bill Broonzy - Blind Blake (2010),Big Bill Broonzy,ABC of the Blues [52-CD Box Set] [CD 5],,20,Blues,
Y:\Big Brother and the Holding Co\Big Brother and the Holding Co - Cheap Thrills (1968),Big Brother and the Holding Co,Cheap Thrills,,7,,
Y:\Big Joe Turner Eddie _Cleanhead_ Vinson\Big Joe Turner Eddie _Cleanhead_ Vinson - ABC of the Blues [52-CD Box Set](2010),Big Joe Turner,ABC of the Blues [52-CD Box Set]  [CD 45],,20,Blues,
Y:\Blind Willie McTell\Blind Willie McTell - Big Maceo (2010),Big Maceo,ABC of the Blues [52-CD Box Set]  [CD 31],,20,Blues,
Y:\Bikini Kill\Bikini Kill - Pussy Whipped (1993),Bikini Kill,Pussy Whipped,,12,,
Y:\Bill Callahan\Bill Callahan - Apocalypse (2011),Bill Callahan,Apocalypse,,7,,
Y:\Bill Callahan\Bill Callahan - Dream River (2013),Bill Callahan,Dream River,,8,,
Y:\Bill Dixon\Bill Dixon - Tapestries For Small Orchestra (2 CD) (2009),Bill Dixon,Tapestries For Small Orchestra (2 CD),,8,,
Y:\Bill Evans\Bill Evans - Bill Evans Alone (1968),Bill Evans,Bill Evans Alone,,12,,
Y:\Bill Evans\Bill Evans - Everybody Digs Bill Evans (1958),Bill Evans,Everybody Digs Bill Evans,,10,,
Y:\Bill Evans\Bill Evans - Sunday At The Village Vanguard (1961),Bill Evans,Sunday At The Village Vanguard,,10,,
Y:\Bill Fay\Bill Fay - Bill Fay (1971),Bill Fay,Bill Fay,,15,,
Y:\Bill Fay\Bill Fay - Life Is People (2012),Bill Fay,Life Is People,"Rock, Folk Rock",12,,
Y:\Bill Fay\Bill Fay - Time Of The Last Persecution (1971),Bill Fay,Time Of The Last Persecution,Blues,14,,
Y:\Compilations\Various Artists - Rockin' In The Jungle 1950s American Jungle Songs (2010),Bill Haley,Rockin' In The Jungle: 1950s American Jungle Songs,,24,,
Y:\Miles Davis - Full Discography Mp3 320 kbps Pack 1\3 Compilations\1998 Panthalassa The Music of Miles Davis 1969-1974 @320,Bill Laswell,Panthalassa The Music of Miles Davis 1969-1974,,4,,
Y:\Bill Laswell\Bill Laswell - Toshinori Kondo (2001),"Bill Laswell, Toshinori Kondo, the Dalai Lama","Life, Space, Death",,4,,
Y:\Chris Corsano\Chris Corsano - Bill Orcutt (2018),"Bill Orcutt, Chris Corsano",Brace Up!,Blues,12,,
Y:\Billie Holiday\Billie_Holiday_-_Billie_Holiday_Essentials__The_Greatest_Songs_Of_The_Jazz_Diva_(2024),Billie Holiday,Billie Holiday Essentials : The Greatest Songs of the Jazz Diva,Jazz,100,,
Y:\Billie Holiday\Billie Holiday - Jazz at the Philharmonic (1958),Billie Holiday,Jazz at the Philharmonic,,30,Jazz,
Y:\Billie Holiday\Billie Holiday - Lady In Satin (1958),Billie Holiday,Lady In Satin,,12,,
Y:\Billie Holiday\Billie Holiday - Songs For Distingue Lovers (1957),Billie Holiday,Songs For Distingue Lovers,,12,,
Y:\Billie Holiday\Billie Holiday - The Definitive Collection(2008),Billie Holiday,The Definitive Collection,,22,,
Y:\Billie Holiday\Billie Holiday - The Definitive Collection(2008) (1),Billie Holiday,The Definitive Collection,,22,,
Y:\Billie Holiday\Billie_Holiday_-_The_Master_Takes_and_Singles_(4CD)_(2008),Billie Holiday,The Master Takes and Singles (4CD),,80,,
Y:\Billie Holiday\Billie Holiday - Lester Young (1946),"Billie Holiday, Lester Young",Complete Billie Holiday  Lester Young 1937-1946 [CD 1],,22,,
Y:\Wilco\Wilco - Billy Bragg (2000),"Billy Bragg, Wilco",Mermaid Avenue Vol. 2,Blues,15,,
Y:\Compilations\Various Artists - Hard to Find 45s on CD - Volume 7 More Sixties Classics (2001),Billy J Kramer & Dakotas,Hard to Find 45s on CD - Volume 7: More Sixties Classics,,19,,
Y:\Compilations\Various Artists - Hard to Find 45s on CD - Volume 8 Seventies Pop Classics (2002),Billy Ocean,Hard to Find 45s on CD - Volume 8: Seventies Pop Classics,,20,,
Y:\Bonnie Prince Billy\Bonnie Prince Billy - Bitchin Bajas (2016),Bitchin Bajas And Bonnie 'Prince' Billy,Epic Jammers And Fortunate Little Ditties,,9,,
Y:\_Untagged\Debut (Japan) (1993),Bjork,Debut (Japan),,1,,
Y:\_Untagged\Post (1995),Bjork,Post,,1,,
Y:\Björk\Debut (1994-01-26),Björk,Debut,,12,,
Y:\Björk\Homogenic (1997),Björk,Homogenic,Blues,10,,
Y:\Björk\Post (1995),Björk,Post,,9,,
Y:\Björk\Post (1995-06-13),Björk,Post,,1,,
Y:\Bjork\Bjork - Utopia (2017),Björk,Utopia,One Little Indian,14,,
Y:\Black Grape\Black Grape - It's Great When You're Straight...Yeah (1995),Black Grape,It's Great When You're Straight...Yeah,,10,,
Y:\Black Lips\Black Lips - Satan's Graffiti Or God's Art (2017),Black Lips,Satan's Graffiti Or God's Art?,Blues,18,,
Y:\Black Lips\Black Lips - Underneath The Rainbow(2014),Black Lips,Underneath The Rainbow,,12,,
Y:\Black Rebel Motorcycle Club\Black Rebel Motorcycle Club - B.R.M.C. (2001),Black Rebel Motorcycle Club,B.R.M.C.,Rock,11,,
Y:\Black Rebel Motorcycle Club\Black Rebel Motorcycle Club - Howl (0),Black Rebel Motorcycle Club,Howl,,13,,
Y:\Compilations\Various Artists - FabricLive 16 - Adam Freeland (2004),Black Rebel Motorcycle Club - Loveburns,FabricLive 16 - Adam Freeland,,16,,
Y:\Skip James\Skip James - Blind Willie Johnson (2010),Blind Willie Johnson,ABC of the Blues [52-CD Box Set]  [CD 20],,20,Blues,
Y:\Bloc Party\Bloc Party - Four (Deluxe Edition) (2012),Bloc Party,Four (Deluxe Edition),Indie Rock,14,,
Y:\Blondie\Blondie - Autoamerican (1980),Blondie,Autoamerican,,12,,
Y:\Blondie\Blondie - Blondie(1976),Blondie,Blondie,,11,,
Y:\Blondie\Blondie - Blondie Singles Collection (1977-1982) (2CD)(2009),Blondie,Blondie Singles Collection (1977-1982) (2CD),,39,,
Y:\Blondie\Blondie - Eat To The Beat (1979),Blondie,Eat To The Beat,,12,,
Y:\Blondie\Blondie - Parallel Lines(1978),Blondie,Parallel Lines,"Indie, Post-Rock & Post-Punk",12,,
Y:\Blondie\Blondie - Plastic Letters(1977),Blondie,Plastic Letters,,17,,
Y:\Blondie\Blondie - The Hunter (1982),Blondie,The Hunter,,11,,
Y:\Blood Orange\Blood Orange - Cupid Deluxe (2013),Blood Orange,Cupid Deluxe,,12,,
Y:\Blossom Dearie\Blossom Dearie - Blossom Dearie (1956),Blossom Dearie,Blossom Dearie,,17,,
Y:\Blossom Dearie\Blossom Dearie - Blossom Dearie For Cafe Apres-Midi (2003),Blossom Dearie,Blossom Dearie For Cafe Apres-Midi,,29,,
Y:\Blossom Dearie\Blossom Dearie - My Gentleman Friend (1959),Blossom Dearie,My Gentleman Friend,,10,,
Y:\Blossom Dearie\Blossom Dearie - The Pianist Les Blue Stars (1954-1955) (2002),Blossom Dearie,The Pianist: Les Blue Stars (1954-1955),,12,,
Y:\Blossom Dearie\Blossom Dearie - Verve Jazz Masters 51 (1996),Blossom Dearie,Verve Jazz Masters 51,,16,,
Y:\Blue Brazil\Blue Brazil - Blue Note In A Latin Groove (1999),Blue Brazil,Blue Note In A Latin Groove,,17,,
Y:\Bluetones\Bluetones - Expecting To Fly (1996),Bluetones,Expecting To Fly,,11,,
Y:\Blur\Blur - Blur (1997),Blur,Blur,,15,,
Y:\Blur\Blur - Leisure (1991),Blur,Leisure,Britpop,12,,
Y:\Blur\Blur - Modern Life Is Rubbish (1993),Blur,Modern Life Is Rubbish,,14,,
Y:\Blur\Blur - Parklife (1994),Blur,Parklife,,16,,
Y:\Blur\Blur - The Ballad of Darren (Deluxe Edition) (2023),Blur,The Ballad of Darren (Deluxe Edition),Brit-Pop / Indie-Rock,12,,
Y:\Blur\Blur - The Best of Blur (2000),Blur,The Best of Blur,,18,,
Y:\Blur\Blur - The Great Escape (1995),Blur,The Great Escape,,15,,
Y:\Blur\Blur - The Magic Whip(2015),Blur,The Magic Whip,Blues,12,,
Y:\Blur\Blur - Think Tank (2003),Blur,Think Tank,,13,,
Y:\Bo Diddley\Bo Diddley - ABC of the Blues [52-CD Box Set](2010),Bo Diddley,ABC of the Blues [52-CD Box Set] [CD 8],,20,Blues,
Y:\Boards of Canada\Boards of Canada - Geogaddi (2002),Boards of Canada,Geogaddi,Blues,24,,
Y:\Boards of Canada\Boards of Canada - Music Has The Right To Children (1998),Boards of Canada,Music Has The Right To Children,,17,,
Y:\Boards of Canada\Boards of Canada - Peel Session (1999),Boards of Canada,Peel Session,Blues,3,,
Y:\Boards of Canada\Boards of Canada - Trans Canada Highway (2006),Boards of Canada,Trans Canada Highway,,6,,
Y:\Boards of Canada\Boards of Canada - Ctrl All Del (2014),"Boards of Canada, Ctrl All Del",The Phasefire Camphead,,16,,
Y:\Bob Dylan\Bob Dylan - Another Side Of Bob Dylan(1964),Bob Dylan,Another Side Of Bob Dylan,Rock,11,,
Y:\Bob Dylan\Bob Dylan - Blonde On Blonde (2013_ Remaster)(1966),Bob Dylan,"Blonde On Blonde (2013, Remaster)",,14,,
Y:\Bob Dylan\Bob Dylan - Blood On The Tracks (1974),Bob Dylan,Blood On The Tracks,,10,,
Y:\Bob Dylan\Bob Dylan - Bob Dylan(1961),Bob Dylan,Bob Dylan,,13,,
Y:\Bob Dylan\Bob Dylan - Bob Dylan_s Greatest Hits Vol. II (2013_ Remaster)(1971),Bob Dylan,"Bob Dylan's Greatest Hits Vol. II (2013, Remaster) [CD 2]",,21,,
Y:\Bob Dylan\Bob Dylan - Bob Dylan_s Greatest Hits Vol.1(1967),Bob Dylan,Bob Dylan's Greatest Hits Vol.1,,10,,
Y:\Bob Dylan\Bob Dylan - Bringing It All Back Home (2012_ Remaster)(1965),Bob Dylan,"Bringing It All Back Home (2012, Remaster)",,11,,
Y:\Bob Dylan\Bob Dylan - Christmas In The Heart (2009),Bob Dylan,Christmas In The Heart,,15,,
Y:\Bob Dylan\Bob Dylan - Desire (1975),Bob Dylan,Desire,,9,,
Y:\Bob Dylan\Bob Dylan - Down In The Groove (1988),Bob Dylan,Down In The Groove,,10,,
Y:\Bob Dylan\Bob Dylan - Empire Burlesque (1985),Bob Dylan,Empire Burlesque,,10,,
Y:\Bob Dylan\Bob Dylan - Freewheelin_ Bob Dylan(1963),Bob Dylan,Freewheelin' Bob Dylan,,13,,
Y:\Bob Dylan\Bob Dylan - Good As I Been To You (1992),Bob Dylan,Good As I Been To You,,13,,
Y:\Bob Dylan\Bob Dylan - Highway 61 Revisited (2013_ Remaster - Japan)(1965),Bob Dylan,"Highway 61 Revisited (2013, Remaster - Japan)",,9,,
Y:\Bob Dylan\Bob Dylan - Infidels (1983),Bob Dylan,Infidels,,8,,
Y:\Bob Dylan\Bob Dylan - John Wesley Harding (2003_ Remaster)(1967),Bob Dylan,"John Wesley Harding (2003, Remaster)",,12,Rock,
Y:\Bob Dylan\Bob Dylan - Knocked Out Loaded (1986),Bob Dylan,Knocked Out Loaded,,8,,
"Y:\Bob Dylan\Bob Dylan - Love And Theft (2003, Remastered USA) (2001)",Bob Dylan,"Love And Theft (2003, Remastered USA) (cat #: Columbia Records / Sony - 90340)",,12,,
Y:\Bob Dylan\Bob Dylan - Modern Times (2006),Bob Dylan,Modern Times,,10,,
Y:\Bob Dylan\Bob Dylan - Nashville Skyline (2003_ Remaster)(1969),Bob Dylan,"Nashville Skyline (2003, Remaster)",,10,,
Y:\Bob Dylan\Bob Dylan - New Morning (1970),Bob Dylan,New Morning,,12,,
Y:\Bob Dylan\Bob Dylan - Oh Mercy (1989),Bob Dylan,Oh Mercy,,10,,
Y:\Bob Dylan\Bob Dylan - Pat Garrett & Billy The Kid (1973),Bob Dylan,Pat Garrett & Billy the Kid,Folk/Rock,10,,
Y:\Bob Dylan\Bob Dylan - Saved (1980),Bob Dylan,Saved,,9,,
Y:\Bob Dylan\Bob Dylan - Shadows In The Night (2015),Bob Dylan,Shadows In The Night,Blues,10,,
Y:\Bob Dylan\Bob Dylan - Shot Of Love (1981),Bob Dylan,Shot Of Love,,10,,
Y:\Bob Dylan\Bob Dylan - Slow Train Coming (1979),Bob Dylan,Slow Train Coming,,9,,
Y:\Bob Dylan\Bob Dylan - Street Legal (1978),Bob Dylan,Street Legal,,9,,
Y:\Bob Dylan\Bob Dylan - Tell Tale Signs the Bootleg Series Vol.8 (2CD) (2008),Bob Dylan,Tell Tale Signs: the Bootleg Series Vol.8 (2CD),,27,,
Y:\Bob Dylan\Bob Dylan - Tempest (2012),Bob Dylan,Tempest,,10,,
Y:\Compilations\Various Artists - The Big Lebowski (Original Soundtrack) (1998),Bob Dylan,The Big Lebowski (Original Soundtrack),,14,,
Y:\Bob Dylan\Bob Dylan - The Bootleg Series Vol. 10 Another Self Portrait 1969-1971 (Deluxe Edition) (2013),Bob Dylan,The Bootleg Series Vol. 10: Another Self Portrait 1969-1971 (Deluxe Edition) [CD 4]: Self Portrait,,59,,
"Y:\Bob Dylan\Bob Dylan - The Bootleg Series Vol. 4 Bob Dylan Live 1966, The Royal Albert Hall Concert (1966)",Bob Dylan,"The Bootleg Series Vol. 4: Bob Dylan Live 1966, The ""Royal Albert Hall"" Concert",,15,,
Y:\Bob Dylan\Bob Dylan - The Bootleg Series Vol. 5 Live 1975 - The Rolling Thunder Revue (2002),Bob Dylan,The Bootleg Series Vol. 5: Live 1975 - The Rolling Thunder Revue,,22,,
Y:\Bob Dylan\Bob Dylan - The Bootleg Series Vol. 6 (2004),Bob Dylan,"The Bootleg Series Vol. 6 [CD 1]: Bob Dylan Live 1964, Concert at Philharmonic Hall",,11,,
Y:\Bob Dylan\Bob Dylan - The Bootleg Series Vol. 8 Tell Tale Signs Rare and Unrelease (2006),Bob Dylan,The Bootleg Series Vol. 8: Tell Tale Signs Rare and Unrelease [CD 3],,12,,
"Y:\Bob Dylan\Bob Dylan - The Bootleg Series, Vol. 7 No Direction Home - The Soundtrack, Disc 1 (2005)",Bob Dylan,"The Bootleg Series, Vol. 7: No Direction Home - The Soundtrack, Disc 1",,28,,
"Y:\Bob Dylan\Bob Dylan - The Cutting Edge 1965 - 1966 The Bootleg Series Vol. 12 - Deluxe Edition (6CD, Box-Set) (2015)",Bob Dylan,"The Cutting Edge 1965 - 1966: The Bootleg Series Vol. 12 - Deluxe Edition (6CD, Box-Set) [CD 1]",Blues,111,,
Y:\Bob Dylan\Bob Dylan - The Times They Are A-Changin_(1964),Bob Dylan,The Times They Are A-Changin',,10,,
Y:\Bob Dylan\Bob Dylan - The Witmark Demos 1962-1964 (The Bootleg Series Vol. 9) (2010),Bob Dylan,The Witmark Demos: 1962-1964 (The Bootleg Series Vol. 9),,47,,
Y:\Bob Dylan\Bob Dylan - Time Out Of Mind (1997),Bob Dylan,Time Out Of Mind,,11,,
Y:\Bob Dylan\Bob Dylan - Together Through Life (2009),Bob Dylan,Together Through Life,,10,,
Y:\Bob Dylan\Bob Dylan - Triplicate (2017),Bob Dylan,Triplicate [CD 1]: 'Til The Sun Goes Down,Blues,30,,
Y:\Bob Dylan\Bob Dylan - Under The Red Sky (1990),Bob Dylan,Under The Red Sky,,10,,
Y:\Bob Dylan\Bob Dylan - World Gone Wrong (1993),Bob Dylan,World Gone Wrong,,10,,
Y:\Bob Dylan\Bob Dylan - Band (2014),Bob Dylan and the Band,The Bootleg Series: The Basement Tapes Complete [CD 2],Blues,139,,
Y:\Bob Marley\Bob Marley - Exodus (1977),Bob Marley,Exodus,,12,,
Y:\Bob Marley\Bob Marley - One Love At Studio One (1991),Bob Marley,One Love At Studio One,,41,,
Y:\Bob Marley\Bob Marley - the Wailers (2004),"Bob Marley, the Wailers",Grooving Kingston 12,,69,,
Y:\Bob Marley\Bob Marley - the Wailers (2000),"Bob Marley, the Wailers",The Complete Upsetter Collection,,110,,
Y:\Bobbie Gentry\Bobbie Gentry - Ode To Billie Joe (1967),Bobbie Gentry,Ode To Billie Joe,"Country, Contemporary Folk, Singer/Songwriter",10,,
Y:\Bobbie Gentry\Bobbie Gentry - The Girl From Chickasaw County - The Complete Capitol Masters (2018),Bobbie Gentry,The Girl From Chickasaw County - The Complete Capitol Masters,"Country, Contemporary Folk, Singer/Songwriter",175,,
Y:\Bobbie Gentry\Bobbie Gentry - Touch 'em With Love (1969),Bobbie Gentry,Touch 'em With Love,,10,,
Y:\Bobby Blue Bland\Bobby Blue Bland - Charles Brown (2010),Bobby Blue Bland,ABC of the Blues [52-CD Box Set] [CD 3],,20,Blues,
Y:\Compilations\Various Artists - 101 60s Party Hits (2010),Bobby Vee,101 60s Party Hits,,2,,
Y:\Bon Jovi\Bon Jovi - Slippery When Wet (1986),BON JOVI,"Slippery When Wet (Japan, SHM-CD, UICY-91195, 2008, 20bit DR 1998)",Rock,10,,
Y:\Bonnie Prince Billy\Bonnie Prince Billy - I See A Darkness (1999),"Bonnie ""Prince"" Billy",I See A Darkness,"Folk, Folk-Rock, Alternative country, Indie",11,,
Y:\Boo Radleys\Boo Radleys - Wake Up! (1995),Boo Radleys,Wake Up!,,12,,
Y:\Boys Noize\Boys Noize - Various Artists (2013),Boys Noize,Fabriclive 72,,31,,
Y:\Compilations\Various Artists - Brandt Brauer Frick - DJ-Kicks (2014),Brandt Brauer Frick,Brandt Brauer Frick - DJ-Kicks,,28,,
Y:\Brandt Brauer Frick\Brandt Brauer Frick - Miami (2013),Brandt Brauer Frick,Miami,,10,,
Y:\Brian Eno\Brian Eno - Ambient 1 - Music for Airports (1978),Brian Eno,Ambient 1 - Music for Airports,,4,,
Y:\Brian Eno\Brian Eno - Ambient 4 On Land (1984),Brian Eno,Ambient 4: On Land,Blues,8,,
Y:\Brian Eno\Brian Eno - Another Green World (1975),Brian Eno,Another Green World,Blues,14,,
"Y:\Brian Eno\Brian Eno - Before And After Science (2004, Remaster) (1977)",Brian Eno,"Before And After Science (2004, Remaster)",Blues,10,,
Y:\Brian Eno\Brian Eno - Eno Box I Instrumental (1993),Brian Eno,Eno Box I: Instrumental [CD 1],Blues,54,,
Y:\Brian Eno\Brian Eno - Eno Box II Vocal (1993),Brian Eno,Eno Box II Vocal [CD 2],Blues,55,,
"Y:\Brian Eno\Brian Eno - Here Come The Warm Jets (2004, Remaster) (1973)",Brian Eno,"Here Come The Warm Jets (2004, Remaster)",,10,,
Y:\Brian Eno\Brian Eno - Nerve Net (1992),Brian Eno,Nerve Net,,12,,
"Y:\Brian Eno\Brian Eno - Taking Tiger Mountain By Strategy (2004, Remaster) (1974)",Brian Eno,"Taking Tiger Mountain: By Strategy (2004, Remaster)",Blues,10,,
Y:\Brian Eno David Byrne\Brian Eno David Byrne - My Life In The Bush Of Ghosts(1981),"Brian Eno, David Byrne",My Life In The Bush Of Ghosts,,11,,
Y:\John Cale Brian Eno\John Cale Brian Eno - Wrong Way Up(1990),"Brian Eno, John Cale",Wrong Way Up,,10,,
Y:\Brian Manker\Brian Manker - Johann Sebastian Bach Les six suites pour violoncelle (2010),Brian Manker,Johann Sebastian Bach: Les six suites pour violoncelle,,36,Classical,
Y:\Britney Spears\Britney Spears - Oops!... I Did It Again The Best of Britney Spears (2012),Britney Spears,Oops!... I Did It Again: The Best of Britney Spears,,16,,
Y:\Britney Spears\Britney Spears - The Singles Collection (29 singles) (2009),Britney Spears,The Singles Collection (29 singles),,58,,
Y:\Broken Social Scene\Broken Social Scene - Bee Hives (2004),Broken Social Scene,Bee Hives,,9,,
Y:\Broken Social Scene\Broken Social Scene - Forgiveness Rock Record (2010),Broken Social Scene,Forgiveness Rock Record,,14,,
Y:\Broken Social Scene\Broken Social Scene - You Forgot It In People (2002),Broken Social Scene,You Forgot It In People,,13,,
"Y:\Bryan Ferry\Bryan Ferry - Another Time, Another Place (2015, Remaster - Japan) (1974)",Bryan Ferry,"Another Time, Another Place PT-SHM",Pop,10,,
Y:\Bryan Ferry\Bryan Ferry - As Time Goes By (1999),Bryan Ferry,As Time Goes By,,15,,
Y:\Bryan Ferry\Bryan Ferry - Avonmore (2014),Bryan Ferry,Avonmore,"Pop, Pop Rock",10,,
Y:\Bryan Ferry\Bryan Ferry - Bete Noire (1987),Bryan Ferry,Bete Noire,,9,,
"Y:\Bryan Ferry\Bryan Ferry - Boys And Grils (2015, Remaster - Japan) (1985)",Bryan Ferry,Boys And Grils PT-SHM,Pop,9,,
Y:\Bryan Ferry\Bryan Ferry - Dylanesque (2007),Bryan Ferry,Dylanesque,,11,,
"Y:\Bryan Ferry\Bryan Ferry - In Your Mind (2015, Remaster - Japan) (1977)",Bryan Ferry,In Your Mind PT-SHM,Pop,8,,
"Y:\Bryan Ferry\Bryan Ferry - Let's Stick Together (2015, Remaster - Japan) (1976)",Bryan Ferry,Let's Stick Together PT-SHM,Pop,11,,
Y:\Bryan Ferry\Bryan Ferry - Mamouna (1994),Bryan Ferry,Mamouna,,10,,
Y:\Bryan Ferry\Bryan Ferry - Olympia (2010),Bryan Ferry,Olympia [CD 1],,19,,
"Y:\Bryan Ferry\Bryan Ferry - The Bride Stripped Bare (2015, Remaster - Japan) (1978)",Bryan Ferry,The Bride Stripped Bare PT-SHM,Pop,10,,
"Y:\Bryan Ferry\Bryan Ferry - These Foolish Things (2015, Remaster - Japan) (1973)",Bryan Ferry,These Foolish Things PT-SHM,Pop,13,,
Y:\Bud Powell\Bud Powell - Salt Peanuts (1988),Bud Powell,Salt Peanuts,,7,,
Y:\Bud Powell\Bud Powell - The Genius Of Bud Powell (1951),Bud Powell,The Genius Of Bud Powell,,12,,
Y:\Bud Powell\Bud Powell - Ultimate Bud Powell (1998),Bud Powell,Ultimate Bud Powell,,16,,
Y:\Thelonious Monk\Thelonious Monk - Bud Powell (1994),"Bud Powell, Thelonious Monk",Pianology,,11,,
Y:\The Crickets\The Crickets - Buddy Holly (1957),"Buddy Holly, The Crickets",The 'Chirping' Crickets,Rock & Roll,12,,
Y:\Buddy Rich\Buddy Rich - Buddy Rich in London (Remastered 2005) (1971),Buddy Rich,Buddy Rich in London (Remastered 2005),,9,,
Y:\Buddy Rich\Buddy Rich - Compact Jazz (1987),Buddy Rich,Compact Jazz,,10,,
Y:\Buddy Rich\Buddy Rich - Plays and Plays and Plays (1977),Buddy Rich,Plays and Plays and Plays,,9,,
"Y:\Buddy Rich\Buddy Rich - That's Rich, Man - From The Archives (Digitally Remastered) (2010)",Buddy Rich,"That's Rich, Man - From The Archives (Digitally Remastered)",,10,,
Y:\Buddy Rich\Buddy Rich - Very Alive at Ronnie Scotts (1972),Buddy Rich,Very Alive at Ronnie Scotts,,4,,
Y:\Max Roach\Max Roach - Buddy Rich (1991),"Buddy Rich, Max Roach",Rich Versus Roach,,12,,
Y:\Bugge Wesseltoft\Bugge Wesseltoft - Prins Thomas (2018),"Bugge Wesseltoft, Prins Thomas",Bugge Wesseltoft & Prins Thomas,Blues,5,,
Y:\Bukka White\Bukka White - Josh White (2010),Bukka White,ABC of the Blues [52-CD Box Set]  [CD 51],,20,Blues,
Y:\Buzzcocks\Buzzcocks - A Different Kind Of Tension (1979),Buzzcocks,A Different Kind Of Tension,Blues,12,,
Y:\Buzzcocks\Buzzcocks - Another Music In A Different Kitchen (1978),Buzzcocks,Another Music In A Different Kitchen,,15,,
"Y:\Buzzcocks\Buzzcocks - Love Bites (2001, Remastered US) (1978)",Buzzcocks,"Love Bites (2001, Remastered US)",Punk Rock,15,,
Y:\Buzzcocks\Buzzcocks - Singles Going Steady (2001 Remastered EU) (1979),Buzzcocks,Singles Going Steady (2001 Remastered EU),Punk Rock,24,,
Y:\Buzzcocks\Buzzcocks - Time's Up (1977),Buzzcocks,Time's Up,,11,,
Y:\Byrds\Byrds - Ballad of Easy Rider(1969),Byrds,Ballad of Easy Rider,,18,,
Y:\Byrds\Byrds - Byrdmaniax(1971),Byrds,Byrdmaniax,,11,,
Y:\Byrds\Byrds - Dr. Byrds And Mr. Hyde(1969),Byrds,Dr. Byrds And Mr. Hyde,,15,,
Y:\Byrds\Byrds - Farther Along(1971),Byrds,Farther Along,,14,,
Y:\Byrds\Byrds - Fifth Dimension(1966),Byrds,Fifth Dimension,,17,,
Y:\Byrds\Byrds - Mr. Tambourine Man(1965),Byrds,Mr. Tambourine Man,,18,,
Y:\Byrds\Byrds - Preflyte(1969),Byrds,Preflyte,,11,,
Y:\Byrds\Byrds - Sweetheart Of The Rodeo(1968),Byrds,Sweetheart Of The Rodeo,,19,,
Y:\Byrds\Byrds - The Notorious Byrd Brothers(1968),Byrds,The Notorious Byrd Brothers,,17,,
Y:\Byrds\Byrds - Turn! Turn! Turn!(1965),Byrds,Turn! Turn! Turn!,,18,,
Y:\Byrds\Byrds - Unissued(1970),Byrds,Unissued,,14,,
Y:\Byrds\Byrds - Untitled(1970),Byrds,Untitled,,16,,
Y:\Compilations\Various Artists - Where The Action Is! Los Angeles Nuggets (1965-1968) (2009),Byrds,Where The Action Is! Los Angeles Nuggets (1965-1968) [CD 2]: Beyond The City,,101,,
Y:\Byrds\Byrds - Younger Than Yesterday (1967),Byrds,Younger Than Yesterday,,17,,
Y:\Byrds\Byrds - Younger Than Yesterday(1967),Byrds,Younger Than Yesterday,,17,,
Y:\C Duncan\C Duncan - Architect (2015),C Duncan,Architect,,12,,
Y:\Cabaret Voltaire\Cabaret Voltaire - Johnny Yesno (1981),Cabaret Voltaire,Johnny Yesno,,6,Rock,
Y:\Cabaret Voltaire\Cabaret Voltaire - Johnny Yesno Redux (2011),Cabaret Voltaire,Johnny Yesno Redux [CD 1],Blues,10,Rock,
Y:\Cabaret Voltaire\Cabaret Voltaire - Live At The Hacienda 110383 (2003),Cabaret Voltaire,Live At The Hacienda 11/03/83,,10,,
Y:\Cabaret Voltaire\Cabaret Voltaire - Live At The Hacienda 190286 (2003),Cabaret Voltaire,Live At The Hacienda 19/02/86,,10,,
Y:\Cabaret Voltaire\Cabaret Voltaire - Mix-Up (1990),Cabaret Voltaire,Mix-Up,,9,,
Y:\Cabaret Voltaire\Cabaret Voltaire - Red Mecca (1981),Cabaret Voltaire,Red Mecca,,9,,
"Y:\Caetano Veloso\Caetano Veloso - Caetano Veloso - Tropicalia (2000, Remaster) (1968)",Caetano Veloso,"Caetano Veloso - Tropicalia (2000, Remaster)",,12,,
Y:\Calexico Iron & Wine\Calexico Iron & Wine - In The Reins(2005),"Calexico, Iron & Wine",In The Reins,,7,,
Y:\Compilations\Various Artists - Pebbles Vol. 4 Surf 'N' Tunes! (1992),California Suns,Pebbles Vol. 4: Surf 'N' Tunes!,,19,,
Y:\Calyx & Teebee\Calyx & Teebee - Various Artists (2014),Calyx & Teebee,Fabriclive 76,,34,,
Y:\Camera Obscura\Camera Obscura - Desire Lines(2013),Camera Obscura,Desire Lines,,12,,
Y:\Camera Obscura\Camera Obscura - Let's Get Out Of This Country (2006),Camera Obscura,Let's Get Out Of This Country,,10,,
Y:\Camera Obscura\Camera Obscura - Lloyd I_m Ready to Be Heartbroken(2006),Camera Obscura,Lloyd I'm Ready to Be Heartbroken,,3,,
Y:\Camera Obscura\Camera Obscura - My Maudlin Career(2009),Camera Obscura,My Maudlin Career,,11,,
Y:\Camera Obscura\Camera Obscura - Underachievers Please Try Hard(2003),Camera Obscura,Underachievers Please Try Hard,,11,,
Y:\Can\Can - Future Days(1973),Can,Future Days,,4,,
Y:\Can\Can - Landed (1975),Can,Landed,,6,,
Y:\Can\Can - Monster Movie (2004 Remaster)(1969),Can,Monster Movie (2004 Remaster),,4,,
Y:\Can\Can - Radio Waves(1972),Can,Radio Waves,,6,,
Y:\Can\Can - Soon Over Babaluma (2005_ Reissue - Japan)(1974),Can,"Soon Over Babaluma (2005, Reissue - Japan)",,5,,
Y:\Can\Can - Tago Mago(1971),Can,Tago Mago,,7,,
Y:\Can\Can - The Singles (2017),Can,The Singles,Alternative,23,,
Y:\Cannonball Adderley\Cannonball Adderley - Somethin' Else (1958),Cannonball Adderley,Somethin' Else,,6,,
"Y:\Miles Davis - Full Discography Mp3 320 kbps Pack 1\1.1 Studio albums - Prestige-Debut, 1945–1961\1959 Something Else (with Cannonball Adderley) @320",Cannonball Adderley,Somethin' Else,Jazz,6,,
Y:\Compilations\Various Artists - Blue Note Plays Bossa Nova (3CD) (2008),Cannonball Adderley And The Bossa Rio Sextet,Blue Note Plays Bossa Nova (3CD),,45,,
Y:\Car Seat Headrest\Car Seat Headrest - Teens Of Style (2015),Car Seat Headrest,Teens Of Style,Blues,11,,
Y:\Caravan Palace\Caravan Palace - Panic (2012),Caravan Palace,Panic,Electro Swing / Nu Jazz / Pop Jazz / Broken Beat,14,,
Y:\Compilations\Various_Artists_-_The_Sun_Records_Anthology_(2010),Carl Perkins,The Sun Records Anthology,,75,,
Y:\Carla Bley\Carla Bley - Social Studies (1981),Carla Bley,Social Studies,Jazz,6,,
Y:\Carla Bley\Carla Bley - Paul Haines (1971),"Carla Bley, Paul Haines",Escalator over the Hill [CD 1],Jazz,27,,
Y:\Carly Rae Jepsen\Carly Rae Jepsen - Emotion (2015),Carly Rae Jepsen,Emotion,Pop,18,,
Y:\The World's Greatest Jazz Collection\The World's Greatest Jazz Collection - Various Artists (2008),Casa Loma Orchestra,The World's Greatest Jazz Collection: Big Bands Vol. 063 (Casa Loma Orchestra 1931-33),Blues,22,,
"Y:\Cat Mother And The All Night Newsboys\Cat Mother And The All Night Newsboys - The Street Giveth... And The Street Taketh Away (2013, Remaster) (1969)",Cat Mother & The All Night News Boys,The Street Giveth... And The Street Taketh Away,Rock,11,,
Y:\Cavern Of Anti-Matter\Cavern Of Anti-Matter - Void Beats  Invocation Trex (2016),Cavern Of Anti-Matter,Void Beats / Invocation Trex,Blues,12,,
Y:\Cecil Taylor\Cecil Taylor - Jazz Advance (1956),Cecil Taylor,Jazz Advance,Blues,7,Jazz,
Y:\Cecil Taylor\Cecil Taylor - Gunter Sommer (1989),"Cecil Taylor, Gunter Sommer",In East-Berlin [CD 1],,11,,
Y:\Celia Cruz\Celia Cruz - The Rough Guide To Celia Cruz (2005),Celia Cruz,The Rough Guide To Celia Cruz,,19,,
Y:\Champion Jack Dupree\Champion Jack Dupree - Cousin Joe (2010),Champion Jack Dupree,ABC of the Blues [52-CD Box Set] [CD 6],,20,Blues,
"Y:\Charles Mingus\Charles Mingus - East Coasting (Remastered, 2003) (1957)",Charles Mingus,"East Coasting (Remastered, 2003)",,9,,
Y:\Charles Mingus\Charles Mingus - Mingus Mingus Mingus Mingus Mingus (1963),Charles Mingus,Mingus Mingus Mingus Mingus Mingus,,7,,
Y:\Charles Mingus\Charles Mingus - Oh Yeah (1962),Charles Mingus,Oh Yeah,,10,,
Y:\Charles Mingus\Charles Mingus - Pithecanthropus Erectus & New York Sketchbook - Luis Joos (2CD) (2009),Charles Mingus,Pithecanthropus Erectus & New York Sketchbook - Luis Joos (2CD),,19,,
"Y:\Charles Mingus\Charles Mingus - The Black Saint And The Sinner Lady (1995, Remaster) (1963)",Charles Mingus,"The Black Saint And The Sinner Lady (1995, Remaster)",Blues,4,,
Y:\Charles Mingus\Charles Mingus - The Clown (1984),Charles Mingus,The Clown,Blues,4,,
"Y:\Charles Mingus\Charles Mingus - The Jazz Workshop Concerts 1964-65 (7CD, Box-Set) (2012)",Charles Mingus,The Jazz Workshop Concerts 1964-65 [Disc 7],Jazz,35,,
Y:\Charles Mingus Sextet With Eric Dolphy\Charles Mingus Sextet With Eric Dolphy - Cornell 1964 (2007),Charles Mingus Sextet With Eric Dolphy,Cornell 1964,,10,,
Y:\Charles_Trenet_-_Definitive_Collection_(2010),Charles Trenet,Definitive Collection,,75,,
Y:\Charles Webster\Charles Webster - Various Artists (2013),Charles Webster,Defected presents House Masters : Charles Webster,,36,,
Y:\Charley Patton\Charley Patton - Snooky Pryor (2010),Charley Patton,ABC of the Blues [52-CD Box Set]  [CD 35],,20,Blues,
Y:\Charlie Parker\Charlie Parker - Bird And Chet - Live At The Trade Winds (1952),Charlie Parker,Bird And Chet - Live At The Trade Winds,,4,,
Y:\Charlie Parker\Charlie Parker - Jazz At The Philharmonic (1996),Charlie Parker,Jazz At The Philharmonic,,7,Jazz,
Y:\Charlie Parker\Charlie Parker - Liveology (2005),Charlie Parker,Liveology,,15,,
Y:\Charlie Parker\Charlie Parker - The Complete Dial Sessions (4CD) (1999),Charlie Parker,The Complete Dial Sessions (4CD) [CD 1],,22,,
Y:\Charlie Parker\Charlie Parker - The complete Savoy sessions (4CD) (1999),Charlie Parker,The complete Savoy sessions (4CD) [CD 2],,28,,
Y:\Charlie Parker\Charlie Parker - Verve Jazz Masters 28 (1994),Charlie Parker,Verve Jazz Masters 28,,14,,
Y:\Charlie Parker\Charlie Parker - Yardbird Suite Vol.1 (1954),Charlie Parker,Yardbird Suite Vol.1,,19,,
Y:\Charlie Parker\Charlie Parker - Yardbird Suite Vol.2 (1954),Charlie Parker,Yardbird Suite Vol.2,,18,,
Y:\Charlie Parker\Charlie Parker Quartet With Jimmy Carroll Orchestra\Charlie Parker Quartet With Jimmy Carroll Orchestra - Charlie Parker with Strings (1949),Charlie Parker Quartet With Jimmy Carroll Orchestra,Charlie Parker with Strings,Jazz,6,,
Y:\Charlie Parker\Charlie Parker - Dizzy Gillespie (1947),"Charlie Parker, Dizzy Gillespie",Diz 'N Bird At Carniegie Hall,,15,,
Y:\Charlie Singleton\Charlie Singleton - Buck Clayton (1953),Charlie Singleton,Jazz In Paris [Box Set] [CD 06]: Club Session,,15,Jazz,
"Y:\Chas & Dave\Chas & Dave - The Rockney Box 1981-1991 (8CD, Box-Set) (2014)",Chas & Dave,CD6 Jamboree Bag Number 2,Pop,89,,
Y:\Chet Baker\Chet Baker - 111 Songs! (Original Jazz Sound) (1958),Chet Baker,111 Songs! (Original Jazz Sound),Cool...,110,,
Y:\Compilations\Various Artists - Blue Note Trip 6 (2007),Chet Baker,Blue Note Trip 6 (CD 2): Somethin' Blue,,38,,
Y:\Chet Baker\Chet Baker - Chet (1959),Chet Baker,Chet,,10,,
Y:\Chet Baker\Chet Baker - Chet Baker in Milan (1959),Chet Baker,Chet Baker in Milan,,8,,
Y:\Chet Baker\Chet Baker - Chet Baker in New York (1958),Chet Baker,Chet Baker in New York,,7,,
"Y:\Chet Baker\Chet Baker - Chet Baker Plays The Best Of Lerner & Loewe (2013, Remaster) (1959)",Chet Baker,"Chet Baker Plays The Best Of Lerner & Loewe (2013, Remaster)",,8,,
Y:\Chet Baker\Chet Baker - Chet Baker Sings (Original Jazz Sound) (1959),Chet Baker,Chet Baker Sings (Original Jazz Sound),Cool...,10,,
Y:\Chet Baker\Chet Baker - Chet Baker Sings And Plays From The Film 'Let's Get Lost' (1989),Chet Baker,Chet Baker Sings And Plays From The Film 'Let's Get Lost',Blues,12,,
Y:\Chet Baker\Chet Baker - Chet in Chicago the Legacy Vol. 5 (2008),Chet Baker,Chet in Chicago the Legacy Vol. 5,,9,,
Y:\Chet Baker\Chet Baker - Comin' On with Chet Baker Quintet (1965),Chet Baker,Comin' On with Chet Baker Quintet,,7,,
Y:\Chet Baker\Chet Baker - Embraceable You (1957),Chet Baker,Embraceable You,,13,,
Y:\Chet Baker\Chet Baker - It Could Happen To You (1958),Chet Baker,It Could Happen To You,,12,,
Y:\Chet Baker\Chet Baker - Jazz In Paris [Box Set](1955),Chet Baker,Jazz In Paris [Box Set] [CD 53]: Plays Standards,,15,Jazz,
Y:\Chet Baker\Chet Baker - Quartet Russ Freeman  Chet Baker (1995),Chet Baker,Quartet Russ Freeman  Chet Baker,,8,,
Y:\Chet Baker\Chet Baker - Somewhere Over The Rainbow (1962),Chet Baker,Somewhere Over The Rainbow,,6,,
"Y:\Chet Baker\Chet Baker - The Trumpet Artistry Of Chet Baker (2018, Remaster) (1955)",Chet Baker,"The Trumpet Artistry Of Chet Baker (2018, Remaster)",Blues,12,,
Y:\Chet Baker\Chet Baker - Time After Time (1989),Chet Baker,Time After Time,,6,,
Y:\Chet Baker\Chet Baker - Boto Brasilian Quartet (1980),"Chet Baker, Boto Brasilian Quartet",Salsamba,,8,,
"Y:\Childish Gambino\Childish Gambino - Awaken, My Love! (2016)",Childish Gambino,"Awaken, My Love!",R&B/Soul,11,,
Y:\Chris Bell\Chris Bell - I Am The Cosmos(1992),Chris Bell,I Am The Cosmos,,15,,
Y:\Compilations\Various Artists - Hard to Find 45s on CD - Volume 6 More Sixties Classics (2001),Chris Montez,Hard to Find 45s on CD - Volume 6: More Sixties Classics,,21,,
Y:\Chromatics\Chromatics - Kill for Love (2012),Chromatics,Kill for Love,Electronic,16,,
Y:\Chromatics\Chromatics - Night Drive (2007),Chromatics,Night Drive,,10,,
Y:\Chromatics\Chromatics - Plaster Hounds (2004),Chromatics,Plaster Hounds,Blues,10,,
Y:\Cigarettes After Sex\Cigarettes After Sex - Affection (2011),Cigarettes After Sex,Affection,,11,,
Y:\Cigarettes After Sex\Cigarettes After Sex - Affection (2015),Cigarettes After Sex,Affection,,2,,
Y:\Cigarettes After Sex\Cigarettes After Sex - Cigarettes After Sex (2017),Cigarettes After Sex,Cigarettes After Sex,Indie Pop,10,,
Y:\Cigarettes After Sex\Cigarettes After Sex - I. (EP) (2012),Cigarettes After Sex,I.,Dream Pop,4,,
Y:\Cinematic Orchestra\Cinematic Orchestra - Everyday(2002),Cinematic Orchestra,Everyday,,9,,
Y:\Various Artists Cinematic Orchestra\Various Artists Cinematic Orchestra - LateNightTales(2010),Cinematic Orchestra,LateNightTales,,19,,
Y:\Cinematic Orchestra\Cinematic Orchestra - Ma Fleur(2007),Cinematic Orchestra,Ma Fleur,,11,,
Y:\Cinematic Orchestra\Cinematic Orchestra - Motion(1999),Cinematic Orchestra,Motion,,7,,
Y:\Cinematic Orchestra\Cinematic Orchestra - Ninja Tune XX (single)(2002),Cinematic Orchestra,Ninja Tune XX (single),,2,,
Y:\Circuit des Yeux\Circuit des Yeux - In Plain Speech (2015),Circuit des Yeux,In Plain Speech,Indie,9,,
Y:\The John Peel Sessions,Clan Of Xymox,The John Peel Sessions,Darkwave,6,,
Y:\Joseph Capriati\Joseph Capriati - Various Artists (2015),Clap! Clap!,Fabric 80,Blues,18,,
Y:\Clarence Gatemouth Brown\Clarence Gatemouth Brown - Blue Lu Barker (2010),Clarence Gatemouth Brown,ABC of the Blues [52-CD Box Set] [CD 4],,20,Blues,
Y:\Thelonious Monk\Thelonious Monk - Clark Terry (1958),"Clark Terry, Thelonious Monk","In Orbit (1987, Reissue Germany) (cat #: Riverside Records – OJCCD-302-2)",,10,,
Y:\Ray Charles\Ray Charles - Cleo Laine (1976),"Cleo Laine, Ray Charles",Porgy & Bess,,19,,
Y:\Compilations\Various Artists - It's Saturday Night! Starday-Dixie Rockabilly 1955-1961 Vol 2 (2012),Cliff Blakley,It's Saturday Night! Starday-Dixie Rockabilly 1955-1961 Vol 2,,34,,
Y:\Compilations\Various Artists - NOW That's What I Call Christmas (2013),Cliff Richard,NOW That's What I Call Christmas [CD 2],,63,,
Y:\Clifford Brown and Max Roach\Clifford Brown and Max Roach - At Basin Street (2002),Clifford Brown and Max Roach,At Basin Street,,15,,
Y:\Cluster\Cluster - Zuckerzeit(1974),Cluster,Zuckerzeit,,10,,
Y:\Cluster & Eno\Cluster & Eno - Cluster & Eno (1977),Cluster & Eno,Cluster & Eno,Blues,9,,
Y:\Colin Stetson\Colin Stetson - Sorrow - A Reimagining Of Gorecki's 3rd Symphony (2016),Colin Stetson,Sorrow - A Reimagining Of Gorecki's 3rd Symphony,Blues,3,,
Y:\Comets On Fire\Comets On Fire - Blue Cathedral (2004),Comets on Fire,Blue Cathedral,"Neo-Psychedelic Rock, Noise, Garage, Stoner",8,,
Y:\Confidence Man\Confidence Man - Confident Music For Confident People (2018),Confidence Man,Confident Music For Confident People,Synthwave / Dance-Pop / Nu-Disco,11,,
Y:\Connan Mockasin\Connan Mockasin - Jassbusters (2018),Connan Mockasin,Jassbusters,Alternative,8,,
Y:\Cornershop\Cornershop - When I Was Born for the 7th Time (1997),Cornershop,When I Was Born for the 7th Time,,15,,
Y:\Courtney Barnett\Courtney Barnett - Sometimes I Sit And Think_ and Sometimes I Just Sit(2015),Courtney Barnett,"Sometimes I Sit And Think, and Sometimes I Just Sit",Blues,11,,
Y:\Cowboy Junkies\Cowboy Junkies - The Trinity Session (1988),Cowboy Junkies,The Trinity Session,,12,,
Y:\Cream\Cream - Disraeli Gears (1967),Cream,Disraeli Gears,,11,,
"Y:\Cream\Cream - Fresh Cream (1996, Remastered US) (1966)",Cream,"Fresh Cream (1996, Remastered US)",,13,,
Y:\Cream\Cream - Goodbye (1969),Cream,Goodbye,,7,,
Y:\Creedence Clearwater Revival\Creedence_Clearwater_Revival_-_Creedence_Clearwater_Revival_(2008),Creedence Clearwater Revival,"40th Anniversary Editions (7CD, Box-Set) [CD 3]: 1969, Green River",,87,,
Y:\Crosby_ Stills & Nash\Crosby_ Stills & Nash - CSN (2013_ Remaster)(1977),"Crosby, Stills & Nash","CSN (2013, Remaster)",,12,,
Y:\Crosby_ Stills_ Nash & Young\Crosby_ Stills_ Nash & Young - Crosby_ Stills_ Nash Deja Vu(1970),"Crosby, Stills, Nash & Young","Crosby, Stills, Nash Deja Vu",,20,,
Y:\Crystal Castles\Crystal Castles - Crystal Castles (II) (2010),Crystal Castles,Crystal Castles (II),,14,,
Y:\Crystal Castles\Crystal Castles - III (2012),Crystal Castles,III,Blues,12,,
Y:\Cul de Sac\Cul de Sac - Ecim (1991),Cul de Sac,Ecim,,10,,
Y:\Curtis Mayfield\Curtis Mayfield - Curtis (1970),Curtis Mayfield,Curtis,,17,,
Y:\Compilations\Various Artists - Fabriclive 29 - Cut Copy (2006),Cut copy,Fabriclive 29 - Cut Copy,,25,,
Y:\Thievery Corporation\Thievery Corporation - Various Artists (1999),Da Lata,DJ Kicks,,18,,
Y:\Daft Punk\Daft Punk - Discovery(2001),Daft Punk,Discovery,Electronic / Pop / Disco / Funk,14,,
Y:\Daft Punk\Daft Punk - Homework(1997),Daft Punk,Homework,,16,,
Y:\Daft Punk\Daft Punk - Human After All(2005),Daft Punk,Human After All,Electronic,10,,
Y:\#recycle\Releases\release_620959,Daft Punk,Random Access Memories,,1,,
Y:\Daft Punk\Random Access Memories (2023-05-12),Daft Punk,Random Access Memories,,12,,
Y:\Damon Albarn\Damon Albarn - Everyday Robots (2014),Damon Albarn,Everyday Robots,,12,,
Y:\Dan Sartain\Dan Sartain - Century Plaza (2016),Dan Sartain,Century Plaza,,8,,
Y:\Dan Sartain\Dan Sartain - Too Tough to Live(2012),Dan Sartain,Too Tough to Live,,13,,
Y:\Daniel Avery\Daniel Avery - Song For Alpha (2018),Daniel Avery,Song For Alpha,Tech House / Techno / Experimental,14,,
Y:\Compilations\Various Artists - Fabric 09 Slam (2003),Danilo Vigorito,Fabric 09 Slam,,19,,
Y:\Daphni\Daphni - Jiaolong (2012),Daphni,Jiaolong,Blues,9,,
Y:\Daughter\Daughter - Music From Before The Storm (2017),Daughter,Music From Before The Storm,Blues,13,,
Y:\Dave Brubeck Quartet\Dave Brubeck Quartet - Time Out (1959),Dave Brubeck Quartet,Time Out (CD 6),,7,,
Y:\David Bowie\David Bowie - 1.Outside (1995),David Bowie,1.Outside,,19,,
Y:\David Bowie\David Bowie - Aladdin Sane(1973),David Bowie,Aladdin Sane,,10,,
Y:\David Bowie\David Bowie - Black Tie White Noise (1993),David Bowie,Black Tie White Noise,Blues,14,,
Y:\David Bowie\David Bowie - Blackstar(2016),David Bowie,Blackstar,Blues,7,,
Y:\David Bowie\David Bowie - Changesbowie(1990),David Bowie,Changesbowie,,18,,
Y:\David Bowie\David Bowie - David Bowie (1967),David Bowie,David Bowie,,14,,
Y:\David Bowie\David Bowie - Diamond Dogs(1974),David Bowie,Diamond Dogs,Rock,11,,
Y:\David Bowie\David Bowie - Earthling (1997),David Bowie,Earthling,,9,,
Y:\David Bowie\David Bowie - Heathen (2002),David Bowie,Heathen,Blues,12,,
Y:\David Bowie\David Bowie - Heroes (2017_ Remaster)(1977),David Bowie,"Heroes (2017, Remaster)",Blues,10,,
Y:\David Bowie\David Bowie - Hours... (1999),David Bowie,Hours...(CD 2),,27,,
Y:\David Bowie\David Bowie - Hunky Dory(1971),David Bowie,Hunky Dory,,15,,
Y:\David Bowie\David Bowie - Let_s Dance(1983),David Bowie,Let's Dance,,8,,
Y:\David Bowie\David Bowie - Lodger(1979),David Bowie,Lodger,Rock,10,,
Y:\David Bowie\David Bowie - Low (1977),David Bowie,Low,,11,,
Y:\David Bowie\David Bowie - Never Let Me Down (1987),David Bowie,Never Let Me Down,Blues,10,,
Y:\David Bowie\David Bowie - Pinups(1973),David Bowie,Pinups,Blues,12,,
Y:\David Bowie\David Bowie - Reality (2003),David Bowie,Reality,,14,,
Y:\David Bowie\David Bowie - Scary Monsters(1980),David Bowie,Scary Monsters,Blues,10,,
Y:\David Bowie\David Bowie - Space Oddity (2019 Mix)(1969),David Bowie,Space Oddity (2019 Mix),Rock,10,,
Y:\David Bowie\David Bowie - Station to Station(1976),David Bowie,Station to Station,,6,,
Y:\David Bowie\David Bowie - The Man Who Sold The World(1970),David Bowie,The Man Who Sold The World,Rock,9,,
Y:\David Bowie\David Bowie - The Next Day(2013),David Bowie,The Next Day (Deluxe Japanese Edition),Classic Rock / Hard Rock / Glam,14,,
Y:\David Bowie\David Bowie - The Rise And Fall Of Ziggy Stardust And The Spiders From Mars(1971),David Bowie,The Rise And Fall Of Ziggy Stardust And The Spiders From Mars,,11,,
Y:\David Bowie\David Bowie - Tin Machine (1989),David Bowie,Tin Machine,,14,,
Y:\David Bowie\David Bowie - Tonight(1984),David Bowie,Tonight,,9,,
Y:\David Bowie\David Bowie - Young Americans(1975),David Bowie,Young Americans,Blues,8,,
Y:\David Byrne\David Byrne - Rei Momo(1989),David Byrne,Rei Momo,,15,,
Y:\Pharoah Sanders\Pharoah Sanders - David Murray (2004),"David Murray, Gwo-Ka Masters, The, Pharoah Sanders",Gwotet,,8,,
Y:\David S. Ware\David S. Ware - Earthquation (1994),David S. Ware,Earthquation,,7,,
Y:\David S. Ware\David S. Ware - Flight Of I (1991),David S. Ware,Flight Of I,,6,,
"Y:\David S. Ware\David S. Ware - Organica (Solo Sacaphone, Vol. 2) (2010)",David S. Ware,"Organica (Solo Sacaphone, Vol. 2)",,4,,
Y:\David S. Ware Planetary Unknown\David S. Ware Planetary Unknown - Live At Jazzfestival Saalfelden 2011 (2011),David S. Ware Planetary Unknown,Live At Jazzfestival Saalfelden 2011,Blues,3,,
Y:\David S.Ware Quartet\David S.Ware Quartet - Go See The World (1997),David S.Ware Quartet,Go See The World,,7,,
Y:\David S.Ware Quartet\David S.Ware Quartet - Godspelized (1996),David S.Ware Quartet,Godspelized,,7,,
Y:\Holger Czukay\Holger Czukay - David Sylvian (2018),David Sylvian & Holger Czukay,Plight & Premonition Flux & Mutability,Krautrock/Experimental,4,,
"Y:\Miles Davis - Full Discography Mp3 320 kbps Pack 1\1.1 Studio albums - Prestige-Debut, 1945–1961\1958 '58 Sessions (Featuring Stella By Starlight) @320","Davis, Miles",'58 Sessions Featuring Stella By Starlightz,Jazz,7,,
Y:\Lee Scratch Perry\Miles Davis\Miles Davis - Full Discography Mp3 320 kbps Pack 2\2 Live albums\1960 In Copenhagen (Miles Davis Quintet with John Coltrane) @320,"Davis, Miles",In Copenhagen 1960,Jazz,4,,
Y:\Miles Davis - Full Discography Mp3 320 kbps Pack 2\2 Live albums\1960 In Copenhagen (Miles Davis Quintet with John Coltrane) @320,"Davis, Miles",In Copenhagen 1960,Jazz,4,,
Y:\Lee Scratch Perry\Miles Davis\Miles Davis - Full Discography Mp3 320 kbps Pack 2\2 Live albums\1963 Live at the 1963 Monterey Jazz Festival @320,"Davis, Miles","Monteray, CA 9/20/1963",Jazz,6,,
Y:\Miles Davis - Full Discography Mp3 320 kbps Pack 2\2 Live albums\1963 Live at the 1963 Monterey Jazz Festival @320,"Davis, Miles","Monteray, CA 9/20/1963",Jazz,6,,
Y:\De La Soul\De La Soul - 3 Feet High And Rising(1989),De La Soul,3 Feet High And Rising,,23,,
Y:\Dean Martin\Dean Martin - A Winter Romance (1959),Dean Martin,A Winter Romance,,13,,
Y:\Dean Martin\Dean Martin - Everybody Loves Somebody (2010),Dean Martin,Everybody Loves Somebody,,20,,
Y:\Dean Martin\Dean Martin - My Christmas Album (2012),Dean Martin,My Christmas Album,Christmas,16,,
Y:\Dean Martin\Dean Martin - Volare (2010),Dean Martin,Volare,,58,,
"Y:\Compilations\Various Artists - Punk 45 Sick On You! One Way Spit! After the Love & Before the Revolution, Vol. 3 Proto-Punk 1969-77 (2014)",Debris,"Punk 45: Sick On You! One Way Spit! After the Love & Before the Revolution, Vol. 3: Proto-Punk 1969-77",,21,,
Y:\Deep Purple\Deep Purple - Deep Purple (1969),Deep Purple,Deep Purple,,7,,
"Y:\Deep Purple\Deep Purple - Fireball (2011, Remastered) (1971)",Deep Purple,"Fireball (2011, Remastered)",,8,,
"Y:\Deep Purple\Deep Purple - In Rock (2012, Remastered) (1970)",Deep Purple,"In Rock (2012, Remastered)",,8,,
"Y:\Deep Purple\Deep Purple - Machine Head (2011, Remastered) (1972)",Deep Purple,"Machine Head (2011, Remastered)",,7,,
Y:\Deep Purple\Deep Purple - Shades Of Deep Purple (1968),Deep Purple,Shades Of Deep Purple,,8,,
Y:\Deep Purple\Deep Purple - The Book of Taliesyn (1968),Deep Purple,The Book of Taliesyn,,7,,
Y:\Deerhunter\Deerhunter - Cryptograms(2007),Deerhunter,Cryptograms,,12,,
Y:\Deerhunter\Deerhunter - Fading Frontier (2015),Deerhunter,Fading Frontier,Indie,9,,
Y:\Deerhunter\Deerhunter - Halcyon Digest (Japanese Edition)(2010),Deerhunter,Halcyon Digest (Japanese Edition),,13,,
Y:\Deerhunter\Deerhunter - Microcastle _ Weird Era Cont.(2008),Deerhunter,Microcastle / Weird Era Cont.,,25,,
Y:\Deerhunter\Deerhunter - Monomania(2013),Deerhunter,Monomania,Rock,12,,
Y:\Deerhunter\Deerhunter - Turn It Up_ Faggot!(2005),Deerhunter,"Turn It Up, Faggot!",,9,,
Y:\Compilations\Various Artists - Maya Jane Coles DJ-Kicks (2012),Deft,Maya Jane Coles: DJ-Kicks,,22,,
Y:\Dennis Brown\Dennis Brown - Love's Gotta Hold On Me (2011),Dennis Brown,Love's Gotta Hold On Me,Reggae,19,,
Y:\Compilations\Various Artists - House Masters By Dennis Ferrer (2CD) (2009),Dennis Ferrer,House Masters By Dennis Ferrer (2CD),,20,,
Y:\Dennis Wilson\Dennis Wilson - Pacific Ocean Blue(2008),Dennis Wilson,Pacific Ocean Blue [CD 2],Blues,33,,
Y:\Dent May\Dent May - Do Things (2012),Dent May,Do Things,,10,,
Y:\Grimes\Grimes - D'eon (2011),"D'eon, Grimes",Darkbloom,,9,,
Y:\Depeche Mode\Depeche Mode - 101 (1989),Depeche Mode,101 (cat #: Intercord INT 892.650) [CD 2],Pop,20,,
Y:\Depeche Mode\Depeche Mode - A Broken Frame (1982),Depeche Mode,A Broken Frame,,11,,
Y:\Depeche Mode\Depeche Mode - Black Celebration (1986),Depeche Mode,Black Celebration (cat #: Intercord INT 836.809),Blues,14,,
Y:\Depeche Mode\Depeche Mode - Construction Time Again (1983),Depeche Mode,Construction Time Again,,10,,
Y:\Depeche Mode\Depeche Mode - Music For The Masses (1987),Depeche Mode,Music For The Masses (cat #: Virgin 30102),Blues,14,,
Y:\Depeche Mode\Depeche Mode - Songs Of Faith And Devotion (1993),Depeche Mode,Songs Of Faith And Devotion (cat #: Intercord INT 846.888),Electronic,10,,
Y:\Depeche Mode\Depeche Mode - Speak & Spell (1981),Depeche Mode,Speak & Spell (cat #: Mute Czechoslovakia CD STUMM 5),Blues,16,,
Y:\Depeche Mode\Depeche Mode - Violator (1990),Depeche Mode,Violator (cat #: Sire 9.26081-2),Blues,9,,
Y:\Destroyer\Destroyer - Ken (2017),Destroyer,ken,Indie Rock,11,,
Y:\Destroyer\Destroyer - Poison Season (2015),Destroyer,Poison Season,Alternative,13,,
Y:\Detroit Cobras\Detroit Cobras - Mink Rat Or Rabbit(1998),Detroit Cobras,Mink Rat Or Rabbit,,13,,
Y:\Detroit Cobras\Detroit Cobras - The Original Recordings (2008),Detroit Cobras,The Original Recordings,,15,,
Y:\Detroit Cobras\Detroit Cobras - Tied & True(2007),Detroit Cobras,Tied & True,,13,,
Y:\Devo\Devo - Q_ Are We Not Men_  A_ We Are Devo! (2008_ Remaster)(1978),Devo,"Q: Are We Not Men?  A: We Are Devo! (2008, Remaster)",,11,,
"Y:\Dexter Gordon\Dexter Gordon - Go! (1987, Remaster) (1962)",Dexter Gordon,"Go! (1987, Remaster)",Blues,6,,
Y:\Dexys\Dexys - Let The Record Show Dexys Do Irish And Country Soul (2016),Dexys,Let The Record Show: Dexys Do Irish and Country Soul,"Folk, Celtic, Soul",12,,
Y:\Dexys\Dexys - One Day I'm Going To Soar (2012),Dexys,One Day I'm Going To Soar,,11,,
Y:\Dexys Midnight Runners\Dexys Midnight Runners - Don't Stand Me Down (1985),Dexys Midnight Runners,Don't Stand Me Down,,8,,
Y:\Dexys Midnight Runners\Dexys Midnight Runners - Projected Passion Revue (2007),Dexys Midnight Runners,Projected Passion Revue,,19,,
Y:\Dexys Midnight Runners\Dexys Midnight Runners - Searching For The Young Soul Rebels (2010),Dexys Midnight Runners,Searching For The Young Soul Rebels,,32,,
Y:\Dexys Midnight Runners\Dexys Midnight Runners - Too-Rye-Ay (1982),Dexys Midnight Runners,Too-Rye-Ay,,15,,
Y:\Dick Gaughan\Dick Gaughan - Handful Of Earth (1981),Dick Gaughan,Handful of Earth,"Celtic, Scottish Folk, Contemporary Folk, Protest Songs, Singer/Songwriter",10,,
Y:\Compilations\Various Artists - Hard to Find 45s on CD - Volume 2 1961-64 (1996),Dickey Lee,Hard to Find 45s on CD - Volume 2: 1961-64,,18,,
Y:\Digitalism\Digitalism - Various Artists (2012),Digitalism,DJ-Kicks (cat #: Studio !K7 – K7298DTM),,23,,
Y:\Dilly Dally\Dilly Dally - Sore (2015),Dilly Dally,Sore,,11,,
Y:\Compilations\Various Artists - The Look Of Love - The Burt Bacharach Collection (2001),Dionne Warwick,The Look Of Love - The Burt Bacharach Collection [CD 1],,50,,
Y:\Dirty Beaches\Dirty Beaches - Badlands (2011),Dirty Beaches,Badlands,,8,,
Y:\Dirty Beaches\Dirty Beaches - Drifters - Love Is The Devil (2013),Dirty Beaches,Drifters / Love Is The Devil,Electronic,16,,
Y:\MGMT\MGMT - Various Artists (2011),Disco Inferno,Late Night Tales,,21,,
Y:\Dizzee Rascal\Dizzee Rascal - Boy In Da Corner(2003),Dizzee Rascal,Boy In Da Corner,,15,,
Y:\Dizzee Rascal\Dizzee Rascal - Don_t Take It Personal(2024),Dizzee Rascal,Don't Take It Personal,,16,,
Y:\Dizzee Rascal\Dizzee Rascal - Maths + English(2008),Dizzee Rascal,Maths + English,,16,,
Y:\Dizzee Rascal\Dizzee Rascal - Raskit(2017),Dizzee Rascal,Raskit,Blues,16,,
Y:\Dizzee Rascal\Dizzee Rascal - Showtime(2004),Dizzee Rascal,Showtime,,15,,
Y:\Dizzee Rascal\Dizzee Rascal - The Fifth(2013),Dizzee Rascal,The Fifth,,16,,
Y:\Dizzee Rascal\Dizzee Rascal - Tongue N_ Cheek(2009),Dizzee Rascal,Tongue N' Cheek,,11,,
Y:\Dizzy Gillespie\Dizzy Gillespie - Sarah Vaughn (1995),Dizzy Gillespie,"Big Bands Of The Swingin' Years: Dizzy Gillespie With Sarah Vaughn (Remastered, 2010)",,7,,
Y:\Dizzy Gillespie\Dizzy Gillespie - Bird And Diz (1950),Dizzy Gillespie,Bird And Diz,,13,,
Y:\Dizzy Gillespie\Dizzy Gillespie - Complete RCA Victor Recordings (1937-1949) (2CD) (1995),Dizzy Gillespie,Complete RCA Victor Recordings (1937-1949) (2CD) [CD 1],,43,,
Y:\Dizzy Gillespie\Dizzy Gillespie - Dizzy Gillespie At Newport (1957),Dizzy Gillespie,Dizzy Gillespie At Newport,,9,,
Y:\Dizzy Gillespie\Dizzy Gillespie - Dizzy's Big 4 (1975),Dizzy Gillespie,Dizzy's Big 4,,7,,
Y:\Dizzy Gillespie\Dizzy Gillespie - Gillespiana And Carnegie Hall Concert (1960-61) (1960),Dizzy Gillespie,Gillespiana And Carnegie Hall Concert (1960-61),,9,,
"Y:\Dizzy Gillespie\Dizzy Gillespie - Swing Low, Sweet Cadillac (single) (1967)",Dizzy Gillespie,"Swing Low, Sweet Cadillac (single)",,5,,
Y:\Dizzy Gillespie\Dizzy Gillespie - The Greatest of Dizzy Gillespie(1993),Dizzy Gillespie,The Greatest of Dizzy Gillespie,,12,,
Y:\Dizzy Gillespie Quintet\Dizzy Gillespie Quintet - An Electrifying Evening With The Dizzy Gillespie Quintet (1961)  (single) (1999),Dizzy Gillespie Quintet,An Electrifying Evening With The Dizzy Gillespie Quintet (1961)  (single),,5,,
Y:\Charlie Parker\Charlie Parker - Dizzy Gillespie (1996),"Dizzy Gillespie, Charlie Parker, Bud Powell, Charles Mingus, Max Roach","Toronto, Massey Hall",,12,,
Y:\Dizzy Gillespie\Dizzy Gillespie - Stan Getz (1958),"Dizzy Gillespie, Sonny Stitt, Stan Getz",For Musicians Only (single),,5,,
Y:\Compilations\Various Artists - Defected Presents House Masters - Derrick Carter (2012),DJ Bang,Defected Presents House Masters - Derrick Carter,,20,,
Y:\Compilations\Various Artists - House Masters (2012),DJ Chus & Rob Mirage,House Masters,,33,,
Y:\DJ Craze\DJ Craze - FabricLive 38 Craze (2008),DJ Craze,FabricLive 38: Craze,,27,,
Y:\Nightmares On Wax\Nightmares On Wax - LateNightTales (2003),Dj Fietchie,LateNightTales,,16,,
Y:\DJ Gregory\DJ Gregory - House Masters (2010),DJ Gregory,House Masters,,20,,
Y:\DJ Kicks\DJ Kicks - Various Artists (2011),DJ Kicks,DJ Kicks: Motor City Drum Ensemble,,22,,
Y:\DJ Koze\DJ Koze - Various Artists (2015),DJ Koze,DJ-Kicks,Blues,17,,
Y:\DJ Koze\DJ Koze - Knock Knock (2018),DJ Koze,Knock Knock,Deep House / Chill House,16,,
Y:\Compilations\Various Artists - FABRICLIVE 55 DJ Marky (2011),DJ Marky,FABRICLIVE 55: DJ Marky,Electronic,24,,
Y:\DJ Shadow\DJ Shadow - Entroducing Deluxe edition(2005),DJ Shadow,Entroducing Deluxe edition,,27,,
Y:\DJ Shadow\DJ Shadow - The 4-Track Era Collection (1990-1992) (3CD) (2009),DJ Shadow,The 4-Track Era Collection (1990-1992) (3CD),,35,,
Y:\Django Django\Django Django - Born Under Saturn (2015),Django Django,Born Under Saturn,Indie Rock,13,,
Y:\Django Django\Django Django - Django Django (2012),Django Django,Django Django,,13,,
Y:\Django Django\Django Django - Marble Skies (2018),Django Django,Marble Skies,Blues,10,,
Y:\Django Reinhardt\Django_Reinhardt_-_Jazz_In_Paris_[Box_Set]_(1935),Django Reinhardt,Jazz In Paris [Box Set] [CD 11]: Django Et Compagnie,,76,Jazz,
Y:\Django Reinhardt\Django Reinhardt - Jazz In Paris [Box Set](1951),Django Reinhardt,Jazz In Paris [Box Set] [CD 90]: Nuits De Saint-Germain-des-Pres,,12,Jazz,
Y:\Dmitri Shostakovich\Dmitri Shostakovich - Kim Kashkashian (2016),"Dmitri Shostakovich, Lera Auerbach, Kim Kashkashian",Arcanum,Blues,28,,
Y:\DMX\DMX - Flesh Of My Flesh Blood Of My Blood (1998),DMX,Flesh Of My Flesh Blood Of My Blood,,16,,
Y:\Dolly Parton,Dolly Parton,"Dolly (4CD, Box-Set) [CD 1]",,99,,
Y:\Don Cherry\Don Cherry - Brown Rice (1988),Don Cherry,Brown Rice,,4,,
Y:\Don Mclean\Don Mclean - American Pie (1971),Don Mclean,American Pie,,12,,
Y:\Don Redman Orchestra\Don Redman Orchestra - Big Bands Of The Swingin' Years Don Redman Orchestra (Digitally Remastered) (2010),Don Redman Orchestra,Big Bands Of The Swingin' Years: Don Redman Orchestra (Digitally Remastered),,8,,
Y:\Compilations\Various Artists - Blue Note Trip 1 (2003),Donald Byrd,Blue Note Trip 1 (CD 2): Sunday Morning,,29,,
Y:\Donna Summer\The Summer Collection_ Greatest Hits (1985),Donna Summer,The Summer Collection: Greatest Hits,Blues,10,,
Y:\Donovan\Donovan - A Gift From A Flower To A Garden (1967),Donovan,A Gift From A Flower To A Garden,,22,,
Y:\Donovan\Donovan - Barabajagal (1969),Donovan,Barabajagal,,10,,
"Y:\Donovan\Donovan - HMS Donovan (Remastered, 2009) (1967)",Donovan,"HMS Donovan (Remastered, 2009)",,28,,
Y:\Donovan\Donovan - Mellow Yellow (1967),Donovan,Mellow Yellow,,10,,
Y:\Donovan\Donovan - Sunshine Superman (Special Edition) (2011),Donovan,Sunshine Superman (Special Edition) [CD 1],,34,,
Y:\Donovan\Donovan - The Hurdy Gurdy Man (1968),Donovan,The Hurdy Gurdy Man,,13,,
Y:\Compilations\Various Artists - The Rough Guide To The Music Of Louisiana (2002),Dr Michael White,The Rough Guide To The Music Of Louisiana,,15,,
Y:\Dr. John\Dr. John - Dr. John's Gumbo (1972),Dr. John,Dr. John's Gumbo,,12,,
Y:\Dr. John\Dr. John - Gris-Gris (1968),Dr. John,Gris-Gris,,7,,
Y:\Dr. John\Dr. John - In the Right Place (2018),Dr. John,In the Right Place,,11,,
Y:\Dr. Octagon\Dr. Octagon - Dr. Octagonecologyst (1997),Dr. Octagon,Dr. Octagonecologyst,East Coast,20,,
Y:\Holger Czukay\Holger Czukay - Dr. Walker (1997),"Dr. Walker, Holger Czukay",Clash [Disc 1],,9,,
Y:\Drexciya\Drexciya - Journey Of The Deep Sea Dweller II (2012),Drexciya,Journey Of The Deep Sea Dweller II (cat #: Clone Classic Cuts – CC023CD),,13,Electronic,
Y:\Drexciya\Drexciya - Journey Of The Deep Sea Dweller IV (2013),Drexciya,Journey Of The Deep Sea Dweller IV,,16,Electronic,
Y:\Dub Narcotic Sound System\Dub Narcotic Sound System - Boot Party (1996),Dub Narcotic Sound System,Boot Party (Cat #: K ‎– KLP 040),,10,,
Y:\Dub Narcotic Sound System\Dub Narcotic Sound System - Sideways Soul ...Meets The Jon Spencer Blues Explosion In A Dancehall Style! (1999),Dub Narcotic Sound System,Sideways Soul ...Meets The Jon Spencer Blues Explosion In A Dancehall Style! (Cat #: K ‎– KLP 103),,9,,
Y:\Charles Mingus\Charles Mingus - Duke Ellingtom (1963),"Duke Ellingtom, Charles Mingus, Mayx Roach",Money Jungle,,7,,
Y:\Duke Ellington\Duke Ellington - ...And His Mother Called Him Bill (1967),Duke Ellington,...And His Mother Called Him Bill,Blues,16,,
Y:\Duke Ellington\Duke Ellington - Anatomy of a Murder (1959),Duke Ellington,Anatomy of a Murder,,26,,
Y:\Duke Ellington\Duke Ellington - Duke Ellington And His Famous Orchestra (1932-1941) (1990),Duke Ellington,Duke Ellington And His Famous Orchestra (1932-1941),,23,,
Y:\Duke Ellington\Duke Ellington - Ellington At Newport (1956),Duke Ellington,Ellington At Newport,,40,,
Y:\Duke Ellington\Duke Ellington - Ellington Uptown (1947-1952) (2004),Duke Ellington,Ellington Uptown (1947-1952),,13,,
Y:\Duke Ellington\Duke Ellington - Masterpieces 1926-1949  Mood Indigo (2001),Duke Ellington,Masterpieces 1926-1949  Mood Indigo (CD 1),,24,,
Y:\Duke Ellington\Duke Ellington - Masterpieces 1926-1949 In A Sentimental Mood (2001),Duke Ellington,Masterpieces 1926-1949 In A Sentimental Mood (CD 2),,21,,
Y:\Duke Ellington\Duke Ellington - Masterpieces 1926-1949 Ko-Ko (2001),Duke Ellington,Masterpieces 1926-1949 Ko-Ko (CD 3),,25,,
Y:\Duke Ellington\Duke Ellington - Masterpieces 1926-1949 Take The A-Train (2001),Duke Ellington,Masterpieces 1926-1949 Take The A-Train (CD 4),,23,,
Y:\Duke Ellington\Duke Ellington - Piano Reflections (1953),Duke Ellington,Piano Reflections,,15,,
Y:\Duke Ellington\Duke Ellington - Take The 'A' Train (1993),Duke Ellington,Take The 'A' Train,,16,,
Y:\Duke Ellington\Duke Ellington - The Carnegie Hall Concerts (January 1943) (2CD) (1977),Duke Ellington,The Carnegie Hall Concerts (January 1943) (2CD) [CD 1],,13,,
Y:\Duke Ellington\Duke Ellington - The Great Paris Concert (1963),Duke Ellington,The Great Paris Concert (CD 1),,43,,
"Y:\Duke Ellington\Duke Ellington - The Mooche (Remastered, 2009) (1948)",Duke Ellington,"The Mooche (Remastered, 2009)",,25,,
Y:\Duke Ellington\Duke Ellington - His Orchestra (1967),"Duke Ellington, His Orchestra","Far East Suite (2011, Remastered)",,16,,
Y:\Duke Ellington\Duke Ellington - John Coltrane (1962),"Duke Ellington, John Coltrane",Duke Ellington & John Coltrane,,7,,
Y:\Dungen\Dungen - 4 (2008),Dungen,4,,10,,
Y:\Dungen\Dungen - Allas Sak (2015),Dungen,Allas Sak,Psychedelic,10,,
Y:\Dungen\Dungen - Ta Det Lugnt (2004),Dungen,Ta Det Lugnt,,13,,
Y:\Compilations\Various Artists - LateNightTales Bonobo (2013),Dustin O'halloran,LateNightTales: Bonobo,,21,,
Y:\Dusty Springfield\Dusty Springfield - Dusty In Memphis (1969),Dusty Springfield,Dusty In Memphis (Deluxe Edition),,14,,
Y:\Compilations\Various Artists - Berghain 04 Mixed by Ben Klock (2010),DVS1,Berghain 04 Mixed by Ben Klock,,19,,
Y:\Bob Dylan\Bob Dylan - The Bootleg Series Vol. 1-3 (1991),"Dylan, Bob",The Bootleg Series Volumes 1-3 (Rare & Unreleased) 1961-1991 [Disc 1],,22,,
Y:\Earl Scruggs\Earl Scruggs - Foggy Mountain Jamboree (1996),Earl Scruggs,Foggy Mountain Jamboree,,12,,
"Y:\Earth, Wind & Fire\Earth, Wind & Fire - Now, Then & Forever (Deluxe Version) (2013)","Earth, Wind & Fire","Now, Then & Forever (Deluxe Version)",,18,,
Y:\Easy Star All-Stars\Easy Star All-Stars - Easy Star's Lonely Hearts Dub Band (2009),Easy Star All-Stars,Easy Star's Lonely Hearts Dub Band,,13,,
Y:\Easy Star All-Stars\Easy Star All-Stars - Radiodread (cat # Easy Star Records – ES (2006),Easy Star All-Stars,Radiodread (cat #: Easy Star Records – ESCD15),,14,,
Y:\Ebo Taylor\Ebo Taylor - Love & Death (2010),Ebo Taylor,Love & Death,,8,,
Y:\Echo & The Bunnymen\Echo & The Bunnymen - Heaven Up Here (1990),Echo & The Bunnymen,Heaven Up Here,,11,,
"Y:\Echo & The Bunnymen\Echo & The Bunnymen - Porcupine (2003, Remaster) (1983)",Echo & The Bunnymen,"Porcupine (2003, Remaster)",Blues,17,,
Y:\Echo & The Bunnymen\Echo & The Bunnymen - Crocodiles (Remastered) (2003),Echo And The Bunnymen,Crocodiles (Remastered),,13,,
Y:\Echo & The Bunnymen\Echo & The Bunnymen - Ocean Rain (Collectors Edition) (2CD)(2008),Echo And The Bunnymen,Ocean Rain (Collectors Edition) (2CD),,29,,
Y:\Eddie Cochran\Eddie Cochran - Eddie Cochran (2009),Eddie Cochran,Eddie Cochran,,20,,
Y:\Eddie Cochran\Eddie Cochran - Singin' To My Baby '57  Never To Be Forgotten '62 (1993),Eddie Cochran,Singin' To My Baby '57 / Never To Be Forgotten '62 (cat #: EMI - 0777-7-80240-2 6),,24,,
Y:\Eddie Lockjaw Davis\Eddie Lockjaw Davis - Jazz at the Philharmonic (1995),Eddie Lockjaw Davis,Jazz at the Philharmonic,,8,Jazz,
Y:\Eddy Grant\Eddy Grant - Best of Eddy Grant (1998),Eddy Grant,Best of Eddy Grant,,16,,
Y:\Egg\Egg - Albumen (1996),Egg,Albumen,,11,,
Y:\Compilations\Various Artists - Analog Africa No. 5 Legends of Benin (2009),El Rego Et Ses Commandos,Analog Africa No. 5 Legends of Benin,,14,,
Y:\Elastica\Elastica - Elastica (1995),Elastica,Elastica,,16,,
Y:\Electronic\Electronic - Electronic (1991),Electronic,Electronic,,11,,
Y:\Elizabeth Cotten\Elizabeth Cotten - Live! (2009),Elizabeth Cotten,Live!,Adult Contemporary,11,,
Y:\Ella Fitzgerald\Ella Fitzgerald - Mack The Knife The Complete Ella In Berlin (1960),Ella Fitzgerald,Mack The Knife: The Complete Ella In Berlin,Jazz,19,,
Y:\Ella Fitzgerald & Louis Armstrong\Ella Fitzgerald & Louis Armstrong - Ella And Louis Again (1957),Ella Fitzgerald & Louis Armstrong,Ella And Louis Again [CD 2],,19,,
Y:\Duke Ellington\Duke Ellington - Ella Fitzgerald (1966),"Ella Fitzgerald, Duke Ellington",Cote d'Azur Concerts On Verve (disc 6),Jazz,110,,
Y:\Ella Fitzgerald\Ella Fitzgerald - Louis Armstrong (1997),"Ella Fitzgerald, Louis Armstrong",Porgy & Bess (1957),Jazz,15,,
Y:\Ellen Allien\Ellen Allien - Berlinette (2003),Ellen Allien,Berlinette,,11,,
Y:\Ellen Allien\Ellen Allien - Various Artists (2004),Ellen Allien,My Parade,,13,,
Y:\Elliott Smith\Elliott Smith - Either _ Or(1997),Elliott Smith,Either / Or,,12,,
Y:\Elliott Smith\Elliott Smith - Elliott Smith(1995),Elliott Smith,Elliott Smith,,12,,
Y:\Elliott Smith\Elliott Smith - Figure 8(2000),Elliott Smith,Figure 8,,16,,
Y:\Elliott Smith\Elliott Smith - From A Basement On The Hill (2004),Elliott Smith,From A Basement On The Hill,,15,,
Y:\Elliott Smith\Elliott Smith - New Moon (2007),Elliott Smith,New Moon [CD 1],,24,,
Y:\Elliott Smith\Elliott Smith - Roman Candle(1994),Elliott Smith,Roman Candle,,9,,
Y:\Elliott Smith\Elliott Smith - XO(1998),Elliott Smith,XO,,14,,
Y:\Elvin Jones\Elvin Jones - On the Mountain (reissue) (2005),Elvin Jones,On the Mountain (reissue),,6,,
"Y:\Elvis Costello\Elvis Costello - King Of America (1995, Remaster) (1986)",Elvis Costello,"King Of America (1995, Remaster)",Blues,26,,
Y:\Elvis Costello\Elvis Costello - My Aim Is True (2001 - Rhino) (1977),Elvis Costello,My Aim Is True (2001 - Rhino),Blues,26,,
Y:\Elvis Costello\Elvis Costello - The Best Of Elvis Costello The First 10 Years (2007),Elvis Costello,The Best Of Elvis Costello: The First 10 Years,Blues,22,,
Y:\Elvis Costello\Elvis Costello - This Year's Model (2002 - Rhino) (1978),Elvis Costello,This Year's Model (2002 - Rhino) [CD 1],Blues,25,,
Y:\Elvis Costello\Elvis Costello - Burt Bacharach (1998),"Elvis Costello, Burt Bacharach",Painted From Memory,,12,,
Y:\Elvis Costello\Elvis Costello - the Attractions (1979),"Elvis Costello, the Attractions",Armed Forces,,21,,
Y:\Elvis Costello\Elvis Costello - the Attractions (1986),"Elvis Costello, the Attractions",Blood And Chocolate,,18,,
Y:\Elvis Costello\Elvis Costello - the Attractions (1980),"Elvis Costello, the Attractions",Get Happy!!,,31,,
Y:\Elvis Costello\Elvis Costello - the Attractions (1984),"Elvis Costello, the Attractions",Goodbye Cruel World,,23,,
Y:\Elvis Costello\Elvis Costello - the Attractions (1982),"Elvis Costello, the Attractions",Imperial Bedroom,,15,,
Y:\Elvis Costello\Elvis Costello - the Attractions (1983),"Elvis Costello, the Attractions",Punch the Clock (2003 - Rhino) [CD 2],Blues,39,,
Y:\Elvis Costello\Elvis Costello - the Attractions (1981),"Elvis Costello, the Attractions",Trust,,23,,
Y:\Elvis Presley\Elvis Presley - 30 #1 Hits (2002),Elvis Presley,30 #1 Hits,Other,31,,
Y:\Elvis Presley\Elvis Presley - 50_000_000 Elvis Fans Can_t Be Wrong (Remastered_ 1997)(1959),Elvis Presley,"50,000,000 Elvis Fans Can't Be Wrong (Remastered, 1997)",,20,,
Y:\Elvis Presley\Elvis Presley - Elvis 56 (1956),Elvis Presley,Elvis 56,,22,,
Y:\Elvis Presley\Elvis Aaron Presley (1998),Elvis Presley,Elvis Aaron Presley,,3,,
Y:\Elvis Presley\Elvis Presley - Elvis' Christmas Album (1957),Elvis Presley,Elvis' Christmas Album,,12,,
Y:\Elvis Presley\Elvis Presley (1997),Elvis Presley,Elvis Presley,,3,,
Y:\Elvis Presley\Elvis_ The 100 Top Hits Collection (1997),Elvis Presley,Elvis: The 100 Top Hits Collection,,1,,
Y:\Elvis Presley\Elvis Presley - Good Rocking Tonight (Original Sound) (1955),Elvis Presley,Good Rocking Tonight (Original Sound),Rock,8,,
Y:\Elvis Presley\Mega Elvis_ The Essential Collection (1995),Elvis Presley,Mega Elvis: The Essential Collection,,1,,
Y:\Elvis Presley\Elvis Presley - NBC-TV Special(1969),Elvis Presley,NBC-TV Special,,8,,
Y:\Elvis Presley\Elvis Presley - Back in Memphis(1969),Elvis Presley,"Original Elvis Collection (50CD, Box-Set) [CD 33]: 1969, Back In Memphis",,10,,
Y:\Elvis Presley\Elvis Presley - Rock_ n_ roll N°2 (1956) [Original Sound](1956),Elvis Presley,Rock' n' roll N°2 (1956) [Original Sound],Rock,12,,
Y:\Elvis Presley\The Elvis Presley Collection_ From the Heart (1998),Elvis Presley,The Elvis Presley Collection: From the Heart,,1,,
Y:\Elvis Presley\The Elvis Presley Collection_ The Rocker (1998),Elvis Presley,The Elvis Presley Collection: The Rocker,,2,,
Y:\Elvis Presley\The Essential Elvis Presley (2007),Elvis Presley,The Essential Elvis Presley,,8,,
"Y:\_Untagged\The Essential Elvis Presley (3CD) (Remastered, 2009) (1997)",Elvis Presley,"The Essential Elvis Presley (3CD) (Remastered, 2009)",,17,,
Y:\Elvis Presley\The Legendary Elvis Presley (1997),Elvis Presley,The Legendary Elvis Presley,,1,,
Y:\Elvis Presley\The Original Elvis Presley Collection (1996),Elvis Presley,The Original Elvis Presley Collection,,11,,
Y:\Elvis Presley\Elvis Presley - Viva Las Vegas (2CD)(2007),Elvis Presley,Viva Las Vegas (2CD),,38,,
Y:\Embrace\Embrace - All You Good Good People (EP) (1997),Embrace,All You Good Good People EP,,8,,
Y:\Embrace\Embrace - Fireworks (EP) (1997),Embrace,Fireworks EP,,4,,
Y:\Embrace\Embrace - The Good Will Out (1998),Embrace,The Good Will Out,Blues,14,,
Y:\Compilations\Various Artists - Berghain 05 (Mixed By Marcel Fengler) (2011),Emika (Nt),Berghain 05 (Mixed By Marcel Fengler),,19,,
Y:\Eminem\Eminem - The Marshall Mathers LP (2012_ Reissue) (cat #_ Aftermath Entertainment _– UICY-20342)(2000),Eminem,"The Marshall Mathers LP (2012, Reissue) (cat #: Aftermath Entertainment ‎– UICY-20342)",,18,,
Y:\Empress Of\Empress Of - Me (2015),Empress Of,Me,,10,,
Y:\Ennio Morricone\Ennio Morricone - A Fistful of Dollars (2004),Ennio Morricone,A Fistful of Dollars,,8,,
Y:\Ennio Morricone\Ennio Morricone - Crime And Dissonance (2009),Ennio Morricone,Crime And Dissonance,Blues,30,,
"Y:\Ennio Morricone\Ennio Morricone - Ennio Morricone The Best, Volume 1 (2012)",Ennio Morricone,"Ennio Morricone The Best, Volume 1",Score,16,,
"Y:\Ennio Morricone\Ennio Morricone - Ennio Morricone The Best, Volume 2 (2012)",Ennio Morricone,"Ennio Morricone The Best, Volume 2",Score,16,,
Y:\#recycle\Releases\release_1427064,Ennio Morricone,Ennio Morricone: Winter Walks,Classique,77,,
Y:\Ennio Morricone\Ennio Morricone_ Winter Walks (2024-01-11),Ennio Morricone,Ennio Morricone: Winter Walks,Classique,14,,
Y:\Ennio Morricone\Morricone at the Oscars (2021-04-23),Ennio Morricone,Morricone at the Oscars,Classique,1,,
Y:\Ennio Morricone\Ennio Morricone - Once Upon A Time In The West The Original Soundtrack Recording (1969),Ennio Morricone,Once Upon A Time In The West: The Original Soundtrack Recording,,13,,
Y:\Ennio Morricone\Ennio Morricone - Ripleys Game (2003),Ennio Morricone,Ripleys Game,,13,,
Y:\Ennio Morricone\Ennio Morricone - The Ennio Morricone Anthology A Fistful of Film Music (1995),Ennio Morricone,The Ennio Morricone Anthology: A Fistful of Film Music [CD 1],,43,,
Y:\Ennio Morricone\Ennio Morricone - The Good_ The Bad And The Ugly (Complete Edition)(2013),Ennio Morricone,"The Good, The Bad And The Ugly (Complete Edition) [CD 1]",,48,,
"Y:\Ennio Morricone\Ennio Morricone - The Good, The Bad and The Ugly (Expanded Version) (2004)",Ennio Morricone,"The Good, The Bad and The Ugly (Expanded Version)",,21,,
Y:\Ennio Morricone\Ennio Morricone - The Mission (1986),Ennio Morricone,The Mission,Soundtrack,20,,
Y:\Ennio Morricone\The Western Music Ennio Morricone - Christmas Collection (2017-11-24),Ennio Morricone,The Western Music Ennio Morricone - Christmas Collection,Soundtrack,25,,
Y:\Eno & Hyde\Eno & Hyde - High Life (2014),Eno & Hyde,High Life,,6,,
"Y:\Eric Burdon & The Animals\Eric Burdon & The Animals - The Twain Shall Meet (2013, Remaster - Japan) (1968)",Eric Burdon & The Animals,"The Twain Shall Meet (2013, Remaster - Japan)",,11,,
Y:\Luciano Pavarotti\Luciano Pavarotti - Various Artists (1996),Eric Clapton & Luciano Pavarotti,Luciano Pavarotti & Friends For War Child,,17,,
Y:\Eric Dolphy\Eric Dolphy - Last Date (2018),Eric Dolphy,Last Date,,6,,
Y:\Eric Dolphy\Eric Dolphy - Out There (1960),Eric Dolphy,Out There,,7,,
Y:\Eric Dolphy\Eric Dolphy - Out To Lunch (1964),Eric Dolphy,Out To Lunch,,5,,
Y:\Eric Dolphy\Eric Dolphy - Outward Bound (1960),Eric Dolphy,Outward Bound,,6,,
Y:\Eric Dolphy\Eric Dolphy - The Complete Prestige Recordings (1995),Eric Dolphy,The Complete Prestige Recordings (CD 4) (Box Set),,75,,
Y:\Eric Dolphy\Eric Dolphy - Booker Little (1960),"Eric Dolphy, Booker Little",Far Cry,,8,,
Y:\Eric Dolphy\Eric Dolphy - Booker Little Quintet (1961),"Eric Dolphy, Booker Little Quintet","At The Five Spot (Complete Edition) (2012, Remastered) [CD 1]",Blues,10,,
Y:\Eric Dolphy\Eric Dolphy - John Lewis (2008),"Eric Dolphy, John Lewis",Play Kurt Weill,,13,,
Y:\Erik Satie\Erik Satie - Best Of (2010),Erik Satie,Best Of,,31,,
Y:\Erik Satie\Erik Satie - Oeuvres Pour Piano (2006),Erik Satie,Oeuvres Pour Piano,,23,,
Y:\Compilations\Various Artists - Fabriclive 77. Erol Alkan (2014),Erol Alkan,Fabriclive 77. Erol Alkan (cat #: Fabric Records - FABRIC154),,20,,
Y:\Erroll Garner\Erroll Garner - Concert By The Sea (1969),Erroll Garner,Concert By The Sea (CD 19),,11,,
Y:\Esperanza Spalding\Esperanza Spalding - Emily's D+Evolution (Deluxe Edition) (2016),Esperanza Spalding,Emily's D+Evolution (Deluxe Edition),Jazz-Pop,14,,
Y:\Esperanza Spalding\Esperanza Spalding - Exposure  Undeveloped (2017),Esperanza Spalding,Exposure / Undeveloped [CD 1],Blues,20,,
Y:\Espers\Espers - Espers (2004),Espers,Espers,,8,,
Y:\Essaie Pas\Essaie Pas - Demain Est Une Autre Nuit (2016),Essaie pas,Demain est une autre nuit,Synthpop,8,,
Y:\Eternal Tapestry\Eternal Tapestry - A World Out of Time (2012),Eternal Tapestry,A World Out of Time,,8,,
Y:\Eternal Tapestry\Eternal Tapestry - Beyond The 4th Door (2011),Eternal Tapestry,Beyond The 4th Door,Rock,5,,
Y:\Compilations\Various Artists - Classic Sounds of New Orleans from Smithsonian Folkways (2010),Eureka Brass Band,Classic Sounds of New Orleans from Smithsonian Folkways,,26,,
Y:\Evan Parker\Evan Parker - House Full Of Floors (2009),Evan Parker,House Full Of Floors,,9,,
Y:\Evan Parker\Evan Parker - The Snake Decides (1986),Evan Parker,The Snake Decides,,4,,
Y:\Evan Parker\Evan Parker - Eddie Prevost (1997),"Evan Parker, Eddie Prevost",Most Materiall,,9,,
Y:\Evan Parker\Evan Parker - Joe McPhee (2002),"Evan Parker, Joe McPhee",Chicago Tenor Duets,,11,,
Y:\Evan Parker\Evan Parker - Uwe Oberg (2009),"Evan Parker, Uwe Oberg",Full Bloom,,6,,
Y:\Evil Nine\Evil Nine - FabricLive 28 (2006),Evil Nine,FabricLive 28,,17,,
Y:\Explosions In The Sky\Explosions In The Sky - The Earth Is Not A Cold Dead Place (2003),Explosions In The Sky,The Earth Is Not A Cold Dead Place,,5,,
"Y:\Explosions In The Sky\Explosions In The Sky - Those Who Tell The Truth Shall Die, Those Who Tell The Truth Shall Live Forever (2001)",Explosions In The Sky,"Those Who Tell The Truth Shall Die, Those Who Tell The Truth Shall Live Forever",,6,,
Y:\DJ EZ\DJ EZ - Various Artists (2013),EZ,Fabriclive 71,,32,,
Y:\Fabienne Delsol\Fabienne Delsol - On My Mind(2010),Fabienne Delsol,On My Mind,,12,,
Y:\Fabric 29\Fabric 29 - Tiefschwarz (2006),Fabric 29,Tiefschwarz,,14,,
Y:\Fabriclive 06\Fabriclive 06 - Grooverider (2002),Fabriclive 06,Grooverider,,18,,
Y:\Fabriclive 07\Fabriclive 07 - John Peel (2002),Fabriclive 07,John Peel,,24,Rock,
Y:\Fabriclive 10\Fabriclive 10 - Fabio (2003),Fabriclive 10,Fabio,Electronic,15,,
Y:\Bugz in the Attic\Bugz in the Attic - Fabriclive 12 (2003),Fabriclive 12,Bugz In The Attic,,14,,
Y:\Fabriclive 14\Fabriclive 14 - DJ Spinbad (2004),Fabriclive 14,DJ Spinbad,,27,,
Y:\Fabriclive 20\Fabriclive 20 - Joe Ransom (2004),Fabriclive 20,Joe Ransom,,17,,
"Y:\Fairport Convention\Fairport Convention - Liege & Lief (2002, Remaster) (1969)",Fairport Convention,"Liege & Lief (2002, Remaster)",,10,,
Y:\Fairport Convention\Fairport Convention - Unhalfbricking (1969),Fairport Convention,Unhalfbricking,,8,,
Y:\Fairport Convention\Fairport Convention - What We Did on Our Holidays (1968),Fairport Convention,What We Did on Our Holidays,,12,,
Y:\Fake Blood\Fake Blood - Various Artists (2013),Fake Blood,Fabriclive 69,House/Techno,30,,
Y:\Fall\Fall - Code Selfish (1992),Fall,Code: Selfish,,12,,
Y:\Fall\Fall - Live At The Phoenix Festival (2003),Fall,Live at the Phoenix Festival,,13,,
Y:\Fall\Fall - New Facts Emerge (2017),Fall,New Facts Emerge,Blues,11,,
"Y:\Fall\Fall - Singles 1978 - 2016 (7CD, Box-Set) (2017)",Fall,"Singles 1978 - 2016 (7CD, Box-Set) [CD 6]",Blues,117,,
Y:\Fall\Fall - The Complete Peel Sessions 1978 - 2004 (2005),Fall,The Complete Peel Sessions 1978 - 2004 (Disc 5),,97,,
Y:\Fat White Family\Fat White Family - Champagne Holocaust (2013),Fat White Family,Champagne Holocaust,,11,,
Y:\Fat White Family\Fat White Family - Serfs Up! (2019),Fat White Family,Serfs Up!,Rock,10,,
Y:\Fat White Family\Fat White Family - Songs For Our Mothers (2016),Fat White Family,Songs For Our Mothers,Psychedelic Rock / Garage Rock / Lo-Fi,10,,
Y:\Father John Misty\Father John Misty - Fear Fun (2012),Father John Misty,Fear Fun,Blues,12,,
"Y:\Father John Misty\Father John Misty - I Love You, Honeybear (2015)",Father John Misty,"I Love You, Honeybear",Blues,11,,
Y:\Father John Misty\Father John Misty - Pure Comedy (2017),Father John Misty,Pure Comedy,Indie,13,,
Y:\Faust\Faust - Faust  So Far (2000),Faust,Faust / So Far,Blues,12,,
Y:\Faust\Faust - Faust IV (1973),Faust,Faust IV,,8,,
Y:\Fela Kuti\Fela Kuti - Anthology 1 (2CD) (2007),Fela Kuti,Anthology 1 (2CD),,16,,
Y:\Fela Ransome Kuti\Fela Ransome Kuti - Lagos Baby 1963-1969 (2008),Fela Ransome Kuti,Lagos Baby 1963-1969,,39,,
Y:\Felix da Housecat\He Was King (2009),Felix da Housecat,He Was King,,12,,
Y:\Felix da Housecat\Narrative of Thee Blast Illusion (2015-07-10),Felix da Housecat,Narrative of Thee Blast Illusion,Electro,11,,
Y:\#recycle\Releases\release_234746,Felix da Housecat,Ready 2 Wear,,3,,
Y:\#recycle\Releases\release_176978,Felix da Housecat,Tweak,,3,,
"Y:\FERRY, Bryan\FERRY, Bryan - Olympia Remixes (2011)","FERRY, Bryan",Olympia Remixes,,31,,
Y:\Fever Ray\Fever Ray - Fever Ray (2009),Fever Ray,Fever Ray,,10,,
Y:\Fever Ray\Fever Ray - Plunge (2017),Fever Ray,Plunge,,11,,
Y:\Fila Brazillia\Fila Brazillia - Luck Be a Weirdo Tonight(1997),Fila Brazillia,Luck Be a Weirdo Tonight,,11,,
Y:\Fila Brazillia\Fila Brazillia - Power Clown(1998),Fila Brazillia,Power Clown,,13,,
Y:\First Aid Kit\First Aid Kit - Ruins (2018),First Aid Kit,Ruins,,10,,
Y:\Flat Duo Jets\Flat Duo Jets - Two Headed Cow (2008),Flat Duo Jets,Two Headed Cow,,18,,
Y:\Fleetwood Mac\Fleetwood Mac - Fleetwood Mac (1975),Fleetwood Mac,Fleetwood Mac,Blues,11,,
Y:\Fleetwood Mac\Fleetwood Mac - Mirage (1982),Fleetwood Mac,Mirage,,12,,
"Y:\Fleetwood Mac\Fleetwood Mac - Peter Green's Fleetwood Mac (2004, Remaster) (1968)",Fleetwood Mac,"Peter Green's Fleetwood Mac (2004, Remaster)",Blues,19,,
Y:\Fleetwood Mac\Fleetwood Mac - tusk (1979),Fleetwood Mac,tusk,,20,,
Y:\Floating Points\Floating Points - Elaenia (2015),Floating Points,Elaenia,Electronic,7,,
Y:\Flying Lotus\Flying Lotus - Cosmogramma (2010),Flying Lotus,Cosmogramma,,17,,
Y:\Flying Lotus\Flying Lotus - Los Angeles (2008),Flying Lotus,Los Angeles,,17,,
Y:\Flying Lotus\Flying Lotus - Until The Quiet Comes (2012),Flying Lotus,Until The Quiet Comes,,18,,
Y:\Flying Lotus\Flying Lotus - You're Dead! (2014),Flying Lotus,You're Dead!,Electronic,19,,
Y:\Follakzoid\Follakzoid - Follakzoid (2009),Follakzoid,Follakzoid,Space Rock,5,,
Y:\Follakzoid\Follakzoid - II (2013),Follakzoid,II,,5,,
Y:\Follakzoid\Follakzoid - III (2015),Follakzoid,III,Krautrock,4,,
Y:\(2019) Fontaines D.C. - Dogrel [FLAC],Fontaines D.C.,Dogrel,post-punk,11,,
Y:\Fontaines D.C. - Essentials (2022) Mp3 320kbps [PMEDIA] ⭐️,Fontaines D.C.,Fontaines D.C. Essentials,Alternative,13,,
Y:\Fontaines D.C. - Romance (2024) [24Bit-44.1kHz] FLAC [PMEDIA] ⭐️,FONTAINES D.C.,Romance,Alternative & Indie,11,,
Y:\Four Tet\Four Tet - Everything Ecstatic (2005),Four Tet,Everything Ecstatic,,10,,
Y:\Four Tet\Four Tet - New Energy (2017),Four Tet,New Energy,IDM / Trip-Hop / Experimental,14,,
Y:\Four Tet\Four Tet - Rounds (10th Anniversary Edition)(2013),Four Tet,Rounds (10th Anniversary Edition),Electronic,17,,
Y:\Francoise Hardy\Francoise Hardy - L'amour fou (2012),Fran,L'amour fou,,10,,
Y:\Francoise Hardy\Francoise Hardy - La Question (1971),Francoise Hardy,La Question,,12,,
Y:\Francoise Hardy\Francoise Hardy - Mon Amie La Rose (Legacy Edition) (2025),Francoise Hardy,Mon amie la rose (Legacy Edition),,22,,
Y:\Francoise Hardy\Francoise Hardy - Tous les garcons et les filles (1962),Francoise Hardy,Tous les garcons et les filles,,12,,
Y:\Francoiz Breut\Francoiz Breut - La Chirurgie Des Sentiments (2012),Francoiz Breut,La Chirurgie Des Sentiments,,11,,
Y:\Frank Black\Frank Black - No Big Deal (1993),Frank Black,No Big Deal,,18,,
Y:\Frank Ocean\Frank Ocean - Blonde (2016),Frank Ocean,Blonde,R&B,17,,
Y:\Frank Sinatra\Frank Sinatra - A Jolly Christmas from Frank Sinatra (1957),Frank Sinatra,A Jolly Christmas from Frank Sinatra,,15,,
Y:\Frank Sinatra\Frank Sinatra - Come Fly With Me(1958),Frank Sinatra,Come Fly With Me,,12,,
Y:\Frank Sinatra\Frank Sinatra - In The Wee Small Hours(1955),Frank Sinatra,In The Wee Small Hours,Jazz,16,,
Y:\Frank Sinatra\Frank Sinatra - Sings For Only The Lonely(1958),Frank Sinatra,Sings For Only The Lonely,,12,,
Y:\Frank Sinatra\Frank Sinatra - Songs for Swingin' Lovers (1956),Frank Sinatra,Songs for Swingin' Lovers,,15,,
Y:\Frank Sinatra\Frank Sinatra - Songs for Swingin_ Lovers(1956),Frank Sinatra,Songs for Swingin' Lovers,,15,,
Y:\Frank Sinatra\Frank Sinatra - Songs For Swingin_ Lovers (1990_ Remaster)(1956),Frank Sinatra,"Songs For Swingin' Lovers (1990, Remaster)",Blues,15,,
Y:\Frank Sinatra Antonio Jobim\Frank Sinatra Antonio Jobim - Francis Albert Sinatra & Antonio Carlos Jobim(1967),"Frank Sinatra, Antonio Jobim",Francis Albert Sinatra & Antonio Carlos Jobim,,10,,
Y:\Frank Zappa\Frank Zappa - Weasels Ripped My Flesh (1970),Frank Zappa,Weasels Ripped My Flesh,,11,,
Y:\Frank Zappa\Frank Zappa - the Mothers Of Invention (1966),"Frank Zappa, the Mothers Of Invention","Freak Out! (1985, Remastered UK)",,14,,
Y:\Frankie Goes To Hollywood\Frankie Goes To Hollywood - Welcome To The Pleasuredome (25th Anniversary Deluxe Edition) (2010),Frankie Goes To Hollywood,Welcome To The Pleasuredome (25th Anniversary Deluxe Edition),,29,,
Y:\Frankie Knuckles\Frankie Knuckles Presents_ His Greatest Hits from Trax Records (2014),Frankie Knuckles,Frankie Knuckles Presents: His Greatest Hits from Trax Records,"Electronic, House, Funky",2,,
Y:\_Untagged\Greatest - Frankie Knuckles (2014),Frankie Knuckles,Greatest - Frankie Knuckles,"Electronic, House, Funky",5,,
Y:\Frankie Knuckles\House Masters_ Frankie Knuckles (2015-04-27),Frankie Knuckles,House Masters: Frankie Knuckles,"Electronic, House, Funky",2,,
Y:\Frankie Knuckles\Frankie Knuckles & Eric Kupper _ Director's Cut\The Director’s Cut Collection (2019-06-28),Frankie Knuckles & Eric Kupper / Director's Cut,The Director’s Cut Collection,Deep House / Nu-Disco / Funky,20,,
Y:\Frankie Knuckles\Frankie Knuckles & Eric Kupper _ Director's Cut\The Director’s Cut Collection (2019-07-05),Frankie Knuckles & Eric Kupper / Director's Cut,The Director’s Cut Collection,Deep House / Nu-Disco / Funky,2,,
Y:\Frankie Knuckles\Frankie Knuckles featuring Adeva\Too Many Fish (1995-05-12),Frankie Knuckles featuring Adeva,Too Many Fish,,5,,
Y:\Compilations\Various Artists - Frankie Knuckles Pres. Tales From Beyond The Tone Arm (2012),"Frankie Knuckles, Directorâ€™s Cut",Frankie Knuckles Pres. Tales From Beyond The Tone Arm,,28,,
Y:\Krafty kuts\Krafty kuts - Against The Grain Classics (2010),Freestylers,Against The Grain Classics,,29,,
Y:\Compilations\Various Artists - Late Night Tales Friendly Fires (2012),Friendly Fires,Late Night Tales: Friendly Fires,,20,,
Y:\Fripp and Eno\Fripp and Eno - No Pussyfooting (Remastered) (2 CD) (2008),Fripp and Eno,No Pussyfooting (Remastered) (2 CD),,19,,
Y:\Fugazi\Fugazi - End Hits(1997),Fugazi,End Hits,,13,,
Y:\Fugazi\Fugazi - Red Medicine(1995),Fugazi,Red Medicine,,13,,
Y:\Fugazi\Fugazi - Steady Diet Of Nothing(1991),Fugazi,Steady Diet Of Nothing,,11,,
Y:\Fugees\Fugees - The Score (1996),Fugees,The Score,,17,,
Y:\Fujiya & Miyagi\Fujiya & Miyagi - Electro Karaoke In The Negative Style (2003),Fujiya & Miyagi,Electro Karaoke In The Negative Style,,12,,
Y:\Fujiya & Miyagi\Fujiya & Miyagi - Transparent Things (2006),Fujiya & Miyagi,Transparent Things,,9,,
Y:\Fun Boy Three\Fun Boy Three - Fun Boy Three (1982),Fun Boy Three,Fun Boy Three,,11,,
Y:\Fun Boy Three\Fun Boy Three - Waiting (1983),Fun Boy Three,Waiting,,10,,
Y:\LTJ Bukem\LTJ Bukem - Various Artists (2009),Furney,Fabric Live 46,,18,,
Y:\Furry Lewis\Furry Lewis - Robert Lockwood (2010),Furry Lewis,ABC of the Blues [52-CD Box Set]  [CD 26],,20,Blues,
Y:\Future Islands\Future Islands - On The Water (2011),Future Islands,On The Water,,11,,
Y:\Future Islands\Future Islands - Singles(2014),Future Islands,Singles,,10,,
Y:\Future Islands\Future Islands - The Far Field (2017),Future Islands,The Far Field,Indie,12,,
Y:\Galaxie 500\Galaxie 500 - On Fire(1989),Galaxie 500,On Fire,,13,,
Y:\Galaxie 500\Galaxie 500 - This Is Our Music(1990),Galaxie 500,This Is Our Music,,10,,
Y:\Galaxie 500\Galaxie 500 - Today 4(1988),Galaxie 500,Today 4,,10,,
Y:\Gary Numan\Gary Numan - The Complete John Peel Sessions (2007),Gary Numan,The Complete John Peel Sessions,,16,,
Y:\Gary Numan\Gary Numan - The Pleasure Principle (1979),Gary Numan,The Pleasure Principle,,17,,
Y:\Gary Numan\Gary Numan - Tubeway Army (1978),Gary Numan,Tubeway Army,,12,,
Y:\Hot Chip\Hot Chip - Various Artists (2009),Gas,A Bugged Out Mix By Hot Chip [CD 1]: Bugged Out,Blues,44,,
Y:\Gaussian Curve\Gaussian Curve - Clouds (2014),Gaussian Curve,Clouds,Electronic,8,,
Y:\Gene\Gene - Olympian (US)(1995),Gene,Olympian (US),,13,,
Y:\Gene Ammons\Gene Ammons - Late Hour Special (Reissue 1997) CD (1962),Gene Ammons,Late Hour Special (Reissue 1997) CD,,7,,
Y:\Gene Ammons\Gene Ammons - Sonny Stitt (1990),"Gene Ammons, Sonny Stitt",Boss Tenors: Straight Ahead From Chicago 1961,,5,,
"Y:\Gene Clark\Gene Clark - No Other (1989, Remaster) (1974)",Gene Clark,"No Other (1989, Remaster)",,8,,
Y:\Buddy Rich\Buddy Rich - Gene Krupa (1994),"Gene Krupa, Buddy Rich",Krupa And Rich (Bonus Track),,7,,
Y:\Buddy Rich\Buddy Rich - Gene Krupa (1952),"Gene Krupa, Buddy Rich",The Original Drum Battle,,6,,
"Y:\Compilations\Various Artists - Loud, Fast & Out Of Control - The Wild Sounds Of The '50s (1999)",Gene Vincent & His Blue Caps,"Loud, Fast & Out Of Control - The Wild Sounds Of The '50s [CD 3]",,104,,
Y:\Georg Friedrich Handel\Georg Friedrich Handel - The Messiah  (Robert Shaw Chorale & Orchestra) (1966),Georg Friedrich Handel,The Messiah  (Robert Shaw Chorale & Orchestra) [CD 2],,53,,
Y:\Prosumer\Prosumer - Various Artists (2014),George Acosta & Erick Paredes,Fabric 79,Blues,24,,
Y:\George Harrison\Cloud Nine (1987),George Harrison,Cloud Nine,,11,,
Y:\#recycle\Releases\release_814190,George Harrison,Somewhere In England,,9,,
Y:\George Harrison\Somewhere in England (2007-10-09),George Harrison,Somewhere in England,,1,,
"Y:\George Harrison\George Harrison - The Apple Years 1968-75 (7CD, Box-Set) (2014)",George Harrison,"The Apple Years 1968-75 (7CD, Box-Set) [CD 1]: 1968, Wonderwall Music",,87,,
Y:\Georges Bizet\Georges Bizet - Carmen (1975),Georges Bizet,Carmen,,40,,
Y:\Giacomo Puccini\Giacomo Puccini - La Boheme Madame Butterfly (2005),Giacomo Puccini,La Boheme: Madame Butterfly,,18,,
Y:\Gil Scott-Heron\Gil Scott-Heron - Pieces Of A Man (1993),Gil Scott-Heron,Pieces Of A Man,,11,,
Y:\Giorgio Moroder\Club Remixes Selection One (2018-04-21),Giorgio Moroder,Club Remixes Selection One,Minimal/Tech House,9,,
"Y:\Giorgio Moroder\Instrumental Remixes, Vol. 1 (2021-08-20)",Giorgio Moroder,"Instrumental Remixes, Vol. 1",Electronic,25,,
Y:\#recycle\Releases\release_235982,Giorgio Moroder,On The Radio,,1,,
Y:\_Untagged\On The Radio (2000),Giorgio Moroder,On The Radio,,1,,
Y:\Girl Talk\Girl Talk - Night Ripper (2006),Girl Talk,Night Ripper,,16,,
"Y:\Girls\Girls - Father, Son, Holy Ghost (2011)",Girls,"Father, Son, Holy Ghost",,11,,
Y:\Glenn Branca\Glenn Branca - The Ascension (1981),Glenn Branca,The Ascension,,5,,
Y:\Glenn Miller\Glenn Miller - Big Bands Of The Swingin' Years Glenn Miller (Digitally Remastered) (2010),Glenn Miller,Big Bands Of The Swingin' Years: Glenn Miller (Digitally Remastered),,10,,
Y:\Compilations\Various Artists - Late Night Tales By Matt Helders From Arctic Monkeys (2008),Goblin,Late Night Tales By Matt Helders From Arctic Monkeys,,20,,
Y:\Go-Go_s\Go-Go_s - Beauty And The Beat - 30th Anniversary Edition (2011_ Remaster)(1981),Go-Go's,"Beauty And The Beat - 30th Anniversary Edition (2011, Remaster) [CD 2]",Blues,17,,
Y:\Go-Go_s\Go-Go_s - Return To The Valley Of The Go-Go_s(1994),Go-Go's,Return To The Valley Of The Go-Go's [CD 1],,36,,
Y:\Go-Go_s\Go-Go_s - Vacation(1982),Go-Go's,Vacation,,12,,
Y:\Various Artists Goldie\Various Artists Goldie - The Alchemist_ The Best Of 1992-2012(2013),Goldie,The Alchemist: The Best Of 1992-2012,Drum & Bass,37,,
Y:\Goldie\Goldie - Timeless (2CD) (1995),Goldie,Timeless (2CD),,12,,
Y:\Gomez\Gomez - Bring It On (10th Anniversary Collectors Edition) [2CD](2008),Gomez,Bring It On (10th Anniversary Collectors Edition) [2CD],,28,,
Y:\Gorillaz\Gorillaz - Demon Days(2005),Gorillaz,Demon Days,Blues,15,,
Y:\Gorillaz\Gorillaz - Gorillaz(2001),Gorillaz,Gorillaz,Blues,15,,
Y:\Gorillaz\Gorillaz - Humanz (2017),Gorillaz,Humanz,"indie, electronic, hip-hop",20,,
Y:\Gorillaz\Gorillaz - Plastic Beach(2010),Gorillaz,Plastic Beach,,16,,
Y:\Gorillaz\Gorillaz - The Now Now (2018),Gorillaz,The Now Now,Blues,11,,
Y:\Grace Jones\Grace Jones - Nightclubbing (1981),Grace Jones,Nightclubbing,,7,,
Y:\Gram Parsons\Gram Parsons - GP (cat # Mobile Fidelity Sound Lab - UDSA (1973),Gram Parsons,GP (cat #: Mobile Fidelity Sound Lab - UDSACD 2058),,11,,
Y:\Gram Parsons\Gram Parsons - Grievous Angel (cat # Mobile Fidelity Sound Lab - UDSA (1974),Gram Parsons,Grievous Angel (cat #: Mobile Fidelity Sound Lab - UDSACD 2059),Blues,9,,
Y:\Grandmaster Flash\Grandmaster Flash - The Adventures of Grandmaster Flash on Wheels of Steel(1981),Grandmaster Flash,The Adventures of Grandmaster Flash on Wheels of Steel,,2,,
Y:\Grandmaster Flash & The Furious Five\Grandmaster Flash & The Furious Five - The Message(1982),Grandmaster Flash & The Furious Five,The Message,,8,,
Y:\Compilations\Various Artists - Blue Note Trip 8 - Compiled by Dj Maestro (2CD) (2009),Grant Green,Blue Note Trip 8 - Compiled by Dj Maestro (2CD),,31,,
"Y:\Grateful Dead\Grateful Dead - 30 Trips Around The Sun The Definitive Live Story 1965-1995 (4CD, Box-Sert) (2015)",Grateful Dead,30 Trips Around the Sun: The Definitive Story (1965-1995),Country Rock,31,Rock,
Y:\Grateful Dead\Grateful Dead - Aoxomoxoa (1969),Grateful Dead,Aoxomoxoa,,8,Rock,
"Y:\Grateful Dead\Grateful Dead - Europe '72 (1990, Remaster) (1972)",Grateful Dead,"Europe '72 (1990, Remaster) [CD 1]",Blues,17,Rock,
Y:\Grateful Dead\Grateful Dead - Grateful Dead (Skull And Roses) (1971),Grateful Dead,Grateful Dead (Skull And Roses),,14,Rock,
"Y:\Grateful Dead\Grateful Dead - The Grateful Dead (2067, Remastered US) (1967)",Grateful Dead,"The Grateful Dead (2067, Remastered US)",,15,Rock,
Y:\Greenhornes\Greenhornes - East Grand Blues (ep) (2005),Greenhornes,East Grand Blues (ep),,5,Rock,
Y:\Greenhornes\Greenhornes - Gun For You (2002),Greenhornes,Gun For You,Rock,12,Rock,
Y:\Greenhornes\Greenhornes - Sewed Soles (2005),Greenhornes,Sewed Soles,,19,Rock,
Y:\Greenhornes\Greenhornes - The Greenhornes (2001),Greenhornes,The Greenhornes,,12,Rock,
Y:\Grimes\Grimes - Art Angels (2015),Grimes,Art Angels,Blues,14,Rock,
Y:\Grimes\Grimes - Geidi Primes (2011),Grimes,Geidi Primes,,11,Rock,
Y:\Grimes\Grimes - Halfaxa (2010),Grimes,Halfaxa,"Experimental, Darkwave",15,Rock,
Y:\Grizzly Bear\Grizzly Bear - Painted Ruins (2017),Grizzly Bear,Painted Ruins,Indie Rock,11,Rock,
Y:\Grizzly Bear\Grizzly Bear - Yellow House (2006),Grizzly Bear,Yellow House,,11,Rock,
Y:\Groove Armada\Groove Armada - Vertigo(1999),Groove Armada,Vertigo,,13,Electronic,
Y:\Grouper\Grouper - A I A  Alien Observer (single) (2011),Grouper,A I A : Alien Observer (single),,6,Electronic,
Y:\Grouper\Grouper - A I A _ Dream Loss(2011),Grouper,A I A : Dream Loss,,7,Electronic,
Y:\Grouper\Grouper - Cover The Windows And The Walls(2009),Grouper,Cover The Windows And The Walls,,7,Electronic,
Y:\Grouper\Grouper - Dragging A Dead Deer Up A Hill(2008),Grouper,Dragging A Dead Deer Up A Hill,,12,Electronic,
Y:\Grouper\Grouper - Grid Of Points (EP) (2018),Grouper,Grid Of Points,Experimental,7,Electronic,
Y:\Grouper\Grouper - Hold Sick(2010),Grouper,Hold Sick,,2,Electronic,
Y:\Grouper\Grouper - Ruins(2014),Grouper,Ruins,,8,Electronic,
Y:\Grouper\Grouper - The Man Who Died in His Boat(2013),Grouper,The Man Who Died in His Boat,,11,Electronic,
Y:\Hot Chip\Hot Chip - Various Artists (2007),Grovesnor,DJ-Kicks,Blues,24,,
Y:\Gun Club\Gun Club - Fire Of Love (1981),Gun Club,Fire Of Love,,11,Rock,
Y:\Gun Club\Gun Club - Miami (1982),Gun Club,Miami,,12,Rock,
Y:\Gun Club\Gun Club - The Las Vegas Story (Vinyl) (1984),Gun Club,The Las Vegas Story (Vinyl),,10,Rock,
Y:\Guns N' Roses\Guns N' Roses - Appetite For Destruction (1987),Guns N' Roses,Appetite For Destruction,Blues,12,Rock,
Y:\Half Japanese\Half Japanese - Half Gentlemen  Not Beasts (1979),Half Japanese,Half Gentlemen/Not Beasts,Other,50,Rock,
Y:\Hank Williams\Hank Williams - 40 Greatest Hits (1978),Hank Williams,40 Greatest Hits [CD 1],,40,Rock,
Y:\Hank Williams\Hank Williams - Various Artists (1999),"Hank Williams, Sr.",Live At The Grand Ole Opry [CD 1],,31,Rock,
Y:\Compilations\Various Artists - The Lion King (The Legacy Collection) (2014),Hans Zimmer,The Lion King (The Legacy Collection) [CD 1],,33,Rock,
Y:\Happy Mondays\Happy Mondays - Bummed (1988),Happy Mondays,Bummed,Alternative Rock,10,Rock,
Y:\Happy Mondays\Happy Mondays - Hallelujah (1990),Happy Mondays,Hallelujah,Rave,7,Rock,
Y:\Happy Mondays\Happy Mondays - Live (1991),Happy Mondays,Live,Madchester,13,Rock,
Y:\Happy Mondays\Happy Mondays - Pills 'N' Thrills And Bellyaches (1990),Happy Mondays,Pills 'n' Thrills and Bellyaches,Indie,10,Rock,
Y:\Happy Mondays\Happy Mondays - Squerrel And G-man (1987),Happy Mondays,Squirrel And G-Man Twenty Four Hour Party People Plastic Face Carnt Smile (White Out),Alternative Rock,10,Rock,
Y:\Happy Mondays\Happy Mondays - The Factory Singles (Best Of Deluxe) (2025),Happy Mondays,The Factory Singles [Best Of Deluxe],Indie / Alternative,25,Rock,
Y:\Harmonia\Harmonia - Deluxe(1975),Harmonia,Deluxe,,6,Krautrock,
Y:\Harmonia\Harmonia - Live 1974(2007),Harmonia,Live 1974,,5,Krautrock,
Y:\Harmonia\Harmonia - Musik Von Harmonia(1974),Harmonia,Musik Von Harmonia,,8,Krautrock,
Y:\Harmonia & Brian Eno\Harmonia & Brian Eno - Tracks & Traces(1997),Harmonia & Brian Eno,Tracks & Traces,,9,Krautrock,
Y:\Haroumi Hosono\Haroumi Hosono - Medicine Compilation from the Quiet Lodge (1992),Haroumi Hosono,Medicine Compilation from the Quiet Lodge,,10,,
Y:\Haruomi Hosono\Haruomi Hosono - Hosono House (1973),Haruomi Hosono,Hosono House,Blues,11,,
Y:\Haruomi Hosono\Haruomi Hosono - Philharmony (1982),Haruomi Hosono,Philharmony,Blues,10,,
"Y:\Haruomi Hosono\Haruomi Hosono - Tropical Dandy (2000, Remaster) (1975)",Haruomi Hosono,"Tropical Dandy (2000, Remaster)",Blues,10,,
Y:\Compilations\Various Artists - Pebbles Vol.06 - Chicago 1 (1994),Haymarket Riot,Pebbles Vol.06 - Chicago 1,,24,Rock,
Y:\Heavy Trash\Heavy Trash - Going Way Out With Heavy Trash (2007),Heavy Trash,Going Way Out With Heavy Trash,,13,Rock,
Y:\Heavy Trash\Heavy Trash - Midnight Soul Serenade (2009),Heavy Trash,Midnight Soul Serenade,,11,Rock,
Y:\Helen\Helen - The Original Faces (2015),Helen,The Original Faces,Blues,12,Rock,
Y:\Henrik Schwarz\Henrik Schwarz - DJ Kicks (2006),Henrik Schwarz,DJ Kicks,,2,Electronic,
Y:\Compilations\Various Artists - Henrik Schwarz - House Masters (2014),Henrik Schwarz,Henrik Schwarz - House Masters,,20,Electronic,
Y:\The Herbaliser\The Herbaliser - Something Wicked This Way Comes(2002),Herbaliser,Something Wicked This Way Comes,"Hip-Hop, Trip-Hop",13,Electronic,
Y:\John Cage\John Cage - Herbert Henck (2005),"Herbert Henck, John Cage",Early Piano Music,,21,Classical,
Y:\Herbie Hancock\Herbie Hancock - Head Hunters (1973),Herbie Hancock,Head Hunters (CD 20),,4,Jazz,
Y:\Compilations\Various Artists - DJ-Kicks Hercules & Love Affair (2012),Hercules & Love Affair,DJ-Kicks: Hercules & Love Affair,,15,Electronic,
Y:\Herman's Hermits\Herman's Hermits - Retrospective (2004),Herman's Hermits,Retrospective (Cat #: ABKCO Records - 92282),,26,Rock,
Y:\Heron Oblivion\Heron Oblivion - Heron Oblivion (2016),Heron Oblivion,Heron Oblivion,Psychedelic Rock,7,Rock,
Y:\Johann Sebastian Bach\Johann Sebastian Bach - Hilary Hahn (2003),"Hilary Hahn, Los Angeles Chamber Orchestra, Jeffrey Kahane",Johann Sebastian Bach - Violin Concertos,,12,Classical,
Y:\Wiggle\Wiggle - Various Artists (2006),Hipp-E,Fabric 28,Blues,18,Electronic,
Y:\Holger Czukay\Holger Czukay - Canaxis 5 (2006),Holger Czukay,Canaxis 5,,4,Electronic,
Y:\Holger Czukay\Holger Czukay - Good Morning Story (1999),Holger Czukay,Good Morning Story,,6,Krautrock,
Y:\Holger Czukay\Holger Czukay - Movies (1980),Holger Czukay,Movies,,4,Krautrock,
Y:\Holger Czukay\Holger Czukay - Moving Pictures (1993),Holger Czukay,Moving Pictures,,6,Krautrock,
Y:\Holger Czukay\Holger Czukay - On The Way To The Peak Of Normal (1981),Holger Czukay,On The Way To The Peak Of Normal,,6,Krautrock,
Y:\Holger Czukay\Holger Czukay - Radio Wave Surfer (1991),Holger Czukay,Radio Wave Surfer,,13,Krautrock,
Y:\Holger Czukay\Holger Czukay - Rome Remains Rome - Der Osten Ist Rot (1987),Holger Czukay,Rome Remains Rome - Der Osten Ist Rot,,13,Krautrock,
Y:\Holger Czukay\Holger Czukay - U-She (2000),"Holger Czukay, U-She",The New Millennium,,9,Krautrock,
Y:\Holly Herndon\Holly Herndon - Movement (2012),Holly Herndon,Movement,Experimental,7,Electronic,
Y:\Hookworms\Hookworms - Hookworks (Expanded Edition) (2016),Hookworms,Hookworks (Expanded Edition),Rock,7,,
Y:\Hookworms\Hookworms - Pearl Mystic (2013),Hookworms,Pearl Mystic,,9,,
Y:\Hookworms\Hookworms - The Hum (2014),Hookworms,The Hum,Rock,9,,
Y:\Compilations\Various Artists - Blue Note Trip 7 (2008),Horace Silver,Blue Note Trip 7 (CD 2): Beats,,34,Jazz,
Y:\Compilations\Various Artists - Blue Note A Story Of Jazz (3 CD) (2005),Horace Silver,Blue Note: A Story Of Jazz (3 CD),,38,Jazz,
Y:\Horse Feathers\Horse Feathers - Words Are Dead (2006),Horse Feathers,Words Are Dead,"Folk-Rock, Indie Folk, Contemporary Folk, Americana",12,,
Y:\Hot Chip\Hot Chip - Coming On Strong (2004),Hot Chip,Coming On Strong,Blues,14,Electronic,
Y:\Hot Chip\Hot Chip - In Our Heads (2012),Hot Chip,In Our Heads,,11,Electronic,
Y:\Hot Chip\Hot Chip - Made In The Dark (2008),Hot Chip,Made In The Dark,Blues,13,Electronic,
Y:\Hot Chip\Hot Chip - One Life Stand (2010),Hot Chip,One Life Stand,,10,Electronic,
Y:\Hot Chip\Hot Chip - The Warning (Japan) (2006),Hot Chip,The Warning (Japan),Blues,14,Electronic,
Y:\Hot Chip\Hot Chip - Why Make Sense (2015),Hot Chip,Why Make Sense?,Blues,10,Electronic,
Y:\Hot Chip Lcd Soundsystem\Hot Chip Lcd Soundsystem - Live 10Th November London Alexandra Palace(2010),"Hot Chip, Lcd Soundsystem",Live 10Th November London Alexandra Palace [CD 1],Blues,24,Electronic,
Y:\Howlin_ Wolf\Howlin_ Wolf - ABC of the Blues [52-CD Box Set](2010),Howlin' Wolf,ABC of the Blues [52-CD Box Set]  [CD 16],,20,Blues,
Y:\Howlin_ Wolf\Howlin_ Wolf - Moanin_ In The Moonlight(1986),Howlin' Wolf,Moanin' In The Moonlight,,24,Blues,
Y:\Huey 'piano' smith\Huey 'piano' smith - Frankie Lee Sims (2010),Huey 'piano' smith,ABC of the Blues [52-CD Box Set]  [CD 40],,20,Blues,
Y:\Human League\Human League - Dare! (1981),Human League,Dare!,,12,Rock,
Y:\Compilations\Various Artists - LateNightTales - Groove Armada (2008),Human League,LateNightTales - Groove Armada,,18,Rock,
Y:\Hurray for the Riff Raff\Hurray for the Riff Raff - It Don_t Mean I Don_t Love You(2008),Hurray for the Riff Raff,It Don't Mean I Don't Love You,,10,Rock,
Y:\Hurray for the Riff Raff\Hurray for the Riff Raff - Look Out Mama(2012),Hurray for the Riff Raff,Look Out Mama,,10,Rock,
Y:\Hurray for the Riff Raff\Hurray for the Riff Raff - Small Town Heroes(2014),Hurray For The Riff Raff,Small Town Heroes,Indie Rock,12,Rock,
Y:\Hurray for the Riff Raff\Hurray for the Riff Raff - The Navigator (2017),Hurray For The Riff Raff,The Navigator,,12,Rock,
Y:\Ian Brown\Ian Brown - Golden Greats(1999),Ian Brown,Golden Greats,,10,Rock,
Y:\Ian Brown\Ian Brown - Music Of The Spheres(2001),Ian Brown,Music Of The Spheres,,10,Rock,
Y:\Ian Dury\Ian Dury - Lord Upminster (1981),Ian Dury,Lord Upminster,,8,Rock,
"Y:\Ian Dury\Ian Dury - New Boots And Panties (1998, Remastered UK) (1977)",Ian Dury,"New Boots And Panties (1998, Remastered UK)",,15,Rock,
Y:\Ian Dury\Ian Dury - Reasons To Be Cheerful_ The Best Of Ian Dury(2005),Ian Dury,Reasons To Be Cheerful: The Best Of Ian Dury [CD 1],,36,Rock,
Y:\Ian Dury\Ian Dury - the Blockheads (1980),Ian Dury & The Blockheads,Laughter,,12,Rock,
Y:\Ian Dury\Ian Dury - the Blockheads (1979),"Ian Dury, the Blockheads",Do It Yourself [CD 2],,33,Rock,
Y:\Ian William Craig\Ian William Craig - Meaning Turns To Whispers (2016),Ian William Craig,Meaning Turns to Whispers,"Electronic, Ambient, Experimental, Modern Classical",6,Electronic,
Y:\Idles\Idles - Brutalism (2017),Idles,Brutalism,"Alternative Rock, Punk",13,,
Y:\Iggy Pop\Iggy Pop - Lust For Life (1977),Iggy Pop,Lust For Life,,9,Rock,
Y:\Iggy Pop\Iggy Pop - New Values (cat #_ Arista – 260 997)(1979),Iggy Pop,New Values (cat #: Arista – 260 997),,12,Rock,
Y:\Iggy Pop\Iggy Pop - The Idiot (cat #_ Virgin – 2-91342)(1977),Iggy Pop,The Idiot (cat #: Virgin – 2-91342),,8,Rock,
Y:\Compilations\Various Artists - Trainspotting (Music From The Motion Picture) (2016),Iggy Pop,Trainspotting (Music From The Motion Picture),Blues,14,Rock,
Y:\Ike Turner\Ike Turner - Classic Early Sides 1952-1954 (2008),Ike Turner,Classic Early Sides 1952-1954,,28,Rock,
Y:\Breach\Breach - Various Artists (2013),Innercity,DJ-Kicks Breach,Dance,16,Electronic,
Y:\Inspiral Carpets\Inspiral Carpets - The Singles (1995),Inspiral Carpets,The singles,Rock,19,,
"Y:\Compilations\Various Artists - Grease (2008, Remastered - 30th Anniversary Deluxe Edition) (1978)",Instrumental,"Grease (2008, Remastered - 30th Anniversary Deluxe Edition) [CD1]",Soundtrack,36,,
Y:\Interpol\Interpol - Antics (2004),Interpol,Antics,,10,Rock,
Y:\Interpol\Interpol - El Pintor (2014),Interpol,El Pintor,Indie Rock,10,Rock,
Y:\Interpol\Interpol - Interpol (2010),Interpol,Interpol,,10,Rock,
Y:\Interpol\Interpol - Marauder (2018),Interpol,Marauder,Alternative Rock,13,Rock,
Y:\Interpol\Interpol - Our Love To Admire (2007),Interpol,Our Love To Admire,,11,Rock,
Y:\Interpol\Interpol - Turn On the Bright Lights (2002),Interpol,Turn On the Bright Lights,,9,Rock,
Y:\Iron & Wine\Iron & Wine - Around the Well(2009),Iron & Wine,Around the Well [CD 2],,12,Rock,
Y:\Iron & Wine\Iron & Wine - Our Endless Numbered Days(2004),Iron & Wine,Our Endless Numbered Days,,12,Rock,
Y:\Isaac Hayes\Isaac Hayes - ...To Be Continued (1991),Isaac Hayes,...To Be Continued,,5,,
"Y:\Isaac Hayes\Isaac Hayes - Black Moses (Japan Edition) (Remastered, 2008) (1971)",Isaac Hayes,"Black Moses (Japan Edition) (Remastered, 2008)",,14,,
Y:\Isaac Hayes\Isaac Hayes - Hot Buttered Soul (1990),Isaac Hayes,Hot Buttered Soul,,4,,
Y:\Isaac Hayes\Isaac Hayes - Isaac Hayes At Wattstax (2003),Isaac Hayes,Isaac Hayes At Wattstax,,8,,
Y:\Isaac Hayes\Isaac Hayes - Shaft (2004),Isaac Hayes,Shaft,,15,,
"Y:\Isaac Hayes\Isaac Hayes - The Isaac Hayes Movement (2004, Remaster) (1970)",Isaac Hayes,"The Isaac Hayes Movement (2004, Remaster)",,4,,
Y:\Isley Brothers\Isley Brothers - Original Album Classics (5 CD) (2008),Isley Brothers,Original Album Classics (5 CD),,44,,
Y:\Isley Brothers\Isley Brothers - The Heat Is On (1975),Isley Brothers,The Heat Is On,,7,,
Y:\Isley Brothers\Isley Brothers - Harold Melvin (2010),Isley Brothers,The Very Best of Harold Melvin And The Isley Brothers (2CD),,31,,
Y:\Ivor Cutler Trio\Ivor Cutler Trio - Ludo (1967) (2002),Ivor Cutler Trio,Ludo (1967),,17,,
Y:\J.S. Bach\J.S. Bach - Brandenburg Concertos 1 to4 (2010),J.S. Bach,Brandenburg Concertos 1 to4,,13,Classical,
Y:\Compilations\Various Artists - Fabriclive 74 (2014),Jack Beats,Fabriclive 74,,22,,
"Y:\Jackie Mittoo\Jackie Mittoo - In London (1997, Reissue) (1967)",Jackie Mittoo,"In London (1997, Reissue)",,14,,
"Y:\Jackie Mittoo\Jackie Mittoo - Keep On Dancing (2002, Reissue) (1969)",Jackie Mittoo,"Keep On Dancing (2002, Reissue)",,14,,
"Y:\Jackie Mittoo\Jackie Mittoo - Wishbone (2008, Remastered Japan) (1971)",Jackie Mittoo,"Wishbone (2008, Remastered Japan)",,12,,
Y:\Jackie Mittoo\Jackie Mittoo - Soul Brothers (2003),"Jackie Mittoo, Soul Brothers",Last Train To Skaville,,16,,
Y:\Jackie-O Motherfucker\Jackie-O Motherfucker - Ballads of the Revolution (2009),Jackie-O Motherfucker,Ballads of the Revolution,,6,Rock,
Y:\Jackie-O Motherfucker\Jackie-O Motherfucker - Change (2002),Jackie-O Motherfucker,Change,,9,Rock,
Y:\Jackie-O Motherfucker\Jackie-O Motherfucker - Fig. 5 (2000),Jackie-O Motherfucker,Fig. 5,,9,Rock,
Y:\Jackie-O Motherfucker\Jackie-O Motherfucker - Flags of the Sacred Harp (2005),Jackie-O Motherfucker,Flags of the Sacred Harp,,8,Rock,
Y:\Jackie-O Motherfucker\Jackie-O Motherfucker - Flat Fixed (1998),Jackie-O Motherfucker,Flat Fixed,,7,Rock,
Y:\Jackie-O Motherfucker\Jackie-O Motherfucker - Liberation (2001),Jackie-O Motherfucker,Liberation,,8,Rock,
Y:\Michael Jackson Jackson 5\Michael Jackson Jackson 5 - The Motown Years 50 (3 CD)(2008),"Jackson 5, Michael Jackson",The Motown Years 50 (3 CD),,50,Rock,
Y:\Jagwar Ma\Jagwar Ma - Howlin (2013),Jagwar Ma,Howlin,,11,,
Y:\Holger Czukay\Holger Czukay - Jah Wobble (1981),"Jaki Liebezeit, Jah Wobble, Holger Czukay",Full Circle (Vinyl),,6,,
Y:\James\James - 1991 Singles (2023),James,1991 Singles,,7,,
"Y:\James Brown\James Brown - Live At The Apollo 1962 (2009, Remastered) (Deluxe Edition) (1962)",James Brown,"Live At The Apollo 1962 (2009, Remastered) (Deluxe Edition)",,11,,
Y:\James Brown\James Brown - The Singles Vol. 1 (1956-1960) (2006),James Brown,The Singles Vol. 1 (1956-1960) [CD 1],,41,,
Y:\James Brown\James Brown - The Singles Vol. 10 (1975-1979) (2011),James Brown,The Singles Vol. 10 (1975-1979) [CD 2],,36,,
Y:\James Brown\James Brown - The Singles Vol. 2 (1960-1963) (2007),James Brown,The Singles Vol. 2 (1960-1963) [CD 1],,40,,
Y:\James Brown\James Brown - The Singles Vol. 3 (1964-1965) (2007),James Brown,The Singles Vol. 3 (1964-1965) [CD 1],,36,,
Y:\James Brown\James Brown - The Singles Vol. 4 (1966-1967) (2007),James Brown,The Singles Vol. 4 (1966-1967) [CD 1],,42,,
Y:\James Brown\James Brown - The Singles Vol. 5 (1967-1969) (2007),James Brown,The Singles Vol. 5 (1967-1969) [CD 1],,43,,
Y:\James Brown\James Brown - The Singles Vol. 6 (1969-1970) (2009),James Brown,The Singles Vol. 6 (1969-1970) [CD 1],,39,,
Y:\James Brown\James Brown - The Singles Vol. 7 (1970-1972) (2009),James Brown,The Singles Vol. 7 (1970-1972) [CD 2],,39,,
Y:\James Brown\James Brown - The Singles Vol. 8 (1972-1973) (2009),James Brown,The Singles Vol. 8 (1972-1973) [CD 1],,40,,
Y:\James Brown\James Brown - The Singles Vol. 9 (1973-1975) (2010),James Brown,The Singles Vol. 9 (1973-1975) [CD 1],,35,,
Y:\Jan Garbarek\Jan Garbarek - Bobo Stenson Quartet (1975),Jan Garbarek & Bobo Stenson Quartet,Dansere,Jazz,6,,
Y:\Compilations\Various Artists - 80 Was Prachtig Volume 2 (5CD) (2009),Jan Haller,80 Was Prachtig Volume 2 (5CD),,100,,
Y:\Janis Joplin\Janis Joplin - Pearl(1970),Janis Joplin,Pearl,,10,Rock,
Y:\Jason Isbell\Jason Isbell - Southeastern (2013),Jason Isbell,Southeastern,,12,Rock,
Y:\Jay reatard\Jay reatard - Blood Visions (2006),Jay reatard,Blood Visions,,15,Rock,
Y:\Jay reatard\Jay reatard - Matador Singles '08 (2008),Jay reatard,Matador Singles '08,,10,Rock,
Y:\Jay reatard\Jay reatard - Singles 06-07 (2008),Jay reatard,Singles 06-07,,17,Rock,
Y:\Jay reatard\Jay reatard - Watch Me Fall (2009),Jay reatard,Watch Me Fall,,12,Rock,
Y:\Jazz At The Philharmonic In Tokyo\Jazz At The Philharmonic In Tokyo - Live At The Nichigeki Theatre 1953 (1953),Jazz At The Philharmonic In Tokyo,Live At The Nichigeki Theatre 1953 [CD 2],,17,Jazz,
Y:\the Men\the Men - JD Samson (2013),"JD Samson, the Men",Labor,,13,Rock,
Y:\Johann Sebastian Bach\Johann Sebastian Bach - Pablo Casals (2003),Jean-Max Clément,J.S.Bach 6 Cello Suites [Disc 1],Classical,36,Classical,
Y:\Jeff Wayne\Jeff Wayne - The War Of The Worlds Live (Dvd-Rip) (2006),Jeff Wayne,The War Of The Worlds Live (Dvd-Rip),,18,Soundtracks,
Y:\Jefferson Airplane\Jefferson Airplane - Surrealistic Pillow (1967),Jefferson Airplane,Surrealistic Pillow,,11,Rock,
Y:\Jeffrey Lee Pierce\Jeffrey Lee Pierce - Flamingo (1985),Jeffrey Lee Pierce,Flamingo,,6,Rock,
Y:\Jeffrey Lee Pierce\Jeffrey Lee Pierce - Wildweed (1985),Jeffrey Lee Pierce,Wildweed,,9,Rock,
"Y:\Jelly Roll Morton\Jelly Roll Morton - The Sound of New Orleans, Vol. 1 (Original Jazz Sound) (1927)",Jelly Roll Morton,"The Sound of New Orleans, Vol. 1 (Original Jazz Sound)",Cool...,16,Blues,
"Y:\Jelly Roll Morton\Jelly Roll Morton - The Sound of New Orleans, Vol. 2 (Original Jazz Sound) (1929)",Jelly Roll Morton,"The Sound of New Orleans, Vol. 2 (Original Jazz Sound)",Cool...,13,Blues,
"Y:\Jenny Hval\Jenny Hval - Apocalypse, Girl (2015)",Jenny Hval,"Apocalypse, Girl","Indie-Folk, Avant-Folk, Singer/Songwriter",10,Rock,
Y:\Jenny Wilson\Jenny Wilson - Love And Youth (Deluxe Edition) (2005),Jenny Wilson,Love And Youth (Deluxe Edition),,15,Rock,
Y:\Jerry Lee Lewis\Jerry Lee Lewis - Classic (8CD) (1994),Jerry Lee Lewis,Classic (8CD),,242,Rock,
Y:\Compilations\Various Artists - Sun Rockabilly Meltdown (3CD) (2009),Jerry Lee Lewis,Sun Rockabilly Meltdown (3CD),,107,Rock,
Y:\Various Artists Jesus & Mary Chain\Various Artists Jesus & Mary Chain - 1985-12-21 San Diego(1985),Jesus & Mary Chain,1985-12-21 San Diego,,11,Rock,
Y:\Various Artists Jesus & Mary Chain\Various Artists Jesus & Mary Chain - 21 Singles 1984-1998(2002),Jesus & Mary Chain,21 Singles 1984-1998,,21,Rock,
Y:\Jesus & Mary Chain\Jesus & Mary Chain - Various Artists (2011),Jesus & Mary Chain,Automatic (Deluxe Editions) [CD 2],,21,Rock,
Y:\Jesus & Mary Chain\Jesus & Mary Chain - Various Artists (1987),Jesus & Mary Chain,Darklands,,10,Rock,
Y:\Various Artists Jesus & Mary Chain\Various Artists Jesus & Mary Chain - Munki(1998),Jesus & Mary Chain,Munki,Alternative,17,Rock,
"Y:\Jesus & Mary Chain\Jesus & Mary Chain - Psychocandy (2006, Remastered UK) (1985)",Jesus & Mary Chain,"Psychocandy (2006, Remastered UK)",,14,Rock,
Y:\Jesus & Mary Chain\Jesus & Mary Chain - Psychocandy (2006_ Remastered UK)(1985),Jesus & Mary Chain,"Psychocandy (2006, Remastered UK)",,14,Rock,
Y:\Various Artists Jesus & Mary Chain\Various Artists Jesus & Mary Chain - The Complete John Peel Sessions(2000),Jesus & Mary Chain,The Complete John Peel Sessions,,21,Rock,
Y:\Jesus and Mary Chain\Jesus and Mary Chain - Automatic (1989),Jesus and Mary Chain,Automatic,,12,Rock,
Y:\Jesus and Mary Chain\Jesus and Mary Chain - Automatic(1989),Jesus and Mary Chain,Automatic,,12,Rock,
Y:\Jesus and Mary Chain\Jesus and Mary Chain - Honey's Dead (1992),Jesus and Mary Chain,Honey's Dead,,12,Rock,
Y:\Jesus and Mary Chain\Jesus and Mary Chain - Stoned & Dethroned (1994),Jesus and Mary Chain,Stoned & Dethroned,,17,Rock,
Y:\Jim White\Jim White - Drill A Hole In That Substrate And Tell Me What You See (2004),Jim White,Drill a Hole in That Substrate and Tell Me What You See,"Alternative Country, Americana, Folk-Rock",11,Rock,
Y:\Jim White\Jim White - Wrong-Eyed Jesus (1997),Jim White,Wrong-Eyed Jesus!,"Alternative Country, Americana, Folk-Rock",11,Rock,
Y:\Jimi Hendrix\Jimi Hendrix - Are You Experienced_(1967),Jimi Hendrix,Are You Experienced?,,17,Rock,
Y:\Jimi Hendrix\Jimi Hendrix - Band Of Gypsys (1970),Jimi Hendrix,Band Of Gypsys,,9,Rock,
Y:\Jimi Hendrix\Jimi Hendrix - Electric LadyLand(1968),Jimi Hendrix,Electric LadyLand,,16,Rock,
"Y:\Jimi Hendrix\Jimi Hendrix - People, Hell And Angels (2013)",Jimi Hendrix,"People, Hell And Angels",,13,Rock,
Y:\Jimi Hendrix\Jimi Hendrix - Various Artists (2010),Jimi Hendrix,West Coast Seattle Boy: The Jimi Hendrix Anthology,,58,Rock,
Y:\Jimmy Cliff\Jimmy Cliff - Various Artists (1972),Jimmy Cliff,The Harder They Come (Deluxe Edition) [CD 2],,30,,
Y:\Jimmy Dorsey\Jimmy Dorsey - Big Bands Of The Swingin' Years Jimmy Dorsey (Digitally Remastered) (2010),Jimmy Dorsey,Big Bands Of The Swingin' Years: Jimmy Dorsey (Digitally Remastered),,12,,
Y:\Compilations\Various Artists - The Beginning Of The End The Existential Psychodrama In Country Music (1956-1972) (2018),Jimmy Griggs,The Beginning Of The End: The Existential Psychodrama In Country Music (1956-1972),Blues,30,,
Y:\Compilations\Various Artists - Hard to Find 45s on CD - Volume 1 1955-60 (1996),Jimmy Jones,Hard to Find 45s on CD - Volume 1: 1955-60,,21,,
Y:\Jimmy Mccracklin\Jimmy Mccracklin - Magic Sam (2010),Jimmy Mccracklin,ABC of the Blues [52-CD Box Set]  [CD 27],,20,Blues,
Y:\Otis Rush\Otis Rush - Jimmy Reed (2010),Jimmy Reed,ABC of the Blues [52-CD Box Set]  [CD 37],,20,Blues,
Y:\Tampa Red\Tampa Red - Jimmy Rushing (2010),Jimmy Rushing,ABC of the Blues [52-CD Box Set]  [CD 38],,20,Blues,
Y:\Jimmy Smith\Jimmy Smith - A New Sound_ A New Star [2CD](1956),Jimmy Smith,"A New Sound, A New Star [2CD]",,28,Jazz,
Y:\Jimmy Smith\Jimmy Smith - Confirmation (1957),Jimmy Smith,Confirmation,Jazz,3,Jazz,
"Y:\Jimmy Smith\Jimmy Smith - Cool Blues (2002, Remaster) (1958)",Jimmy Smith,"Cool Blues (2002, Remaster)",,8,Jazz,
Y:\Jimmy Smith\Jimmy Smith - Further Adventures of Jimmy And Wes (1966),Jimmy Smith,Further Adventures of Jimmy And Wes,Jazz Organ,7,Jazz,
Y:\Jimmy Smith\Jimmy Smith - Got My Mojo Workin' (1965),Jimmy Smith,Got My Mojo Workin'/Hoochie Cooche Man,Jazz Organ,9,Jazz,
Y:\Jimmy Smith\Jimmy Smith - Hoochie Cooche Man (1966),Jimmy Smith,Got My Mojo Workin'/Hoochie Cooche Man,Jazz Organ,6,Jazz,
Y:\Jimmy Smith\Jimmy Smith - Jimmy & Wes The Dynamic Duo (1966),Jimmy Smith,Jimmy & Wes The Dynamic Duo,Jazz Organ,6,Jazz,
"Y:\Jimmy Smith\Jimmy Smith - Jimmy Smith at the Organ, Vol. 1 (Original Jazz Sound) (1956)",Jimmy Smith,"Jimmy Smith at the Organ, Vol. 1 (Original Jazz Sound)",,4,Jazz,
"Y:\Jimmy Smith\Jimmy Smith - Live at the Club Baby Grand, Vol. 1 (Remastered, 2008) (1996)",Jimmy Smith,"Live at the Club Baby Grand, Vol. 1 (Remastered, 2008)",,5,Jazz,
Y:\Jimmy Smith\Jimmy Smith - Monster (1965),Jimmy Smith,Monster,Jazz,9,Jazz,
Y:\Jimmy Smith\Jimmy Smith - Organ Grinder Swing (1965),Jimmy Smith,Organ Grinder Swing,,6,Jazz,
Y:\Jimmy Smith\Jimmy Smith - Peter & The Wolf (1966),Jimmy Smith,Peter & The Wolf,Jazz,6,Jazz,
Y:\Jimmy Smith\Jimmy Smith - Salle Pleyel May 28th. 1965 (1965),Jimmy Smith,Salle Pleyel 28th May 1965 - CD2,Jazz,16,Jazz,
Y:\Jimmy Smith\Jimmy Smith - The Incredible(1956),Jimmy Smith,The Incredible,Jazz,21,Jazz,
Y:\Jimmy Smith\Jimmy Smith - The Sermon! (2000),Jimmy Smith,The Sermon!,,3,Jazz,
Y:\Jimmy Smith\Jimmy Smith - Who's Afraid Of Virginia Woolf (1964),Jimmy Smith,Who's Afraid Of Virginia Woolf,Blues,7,Jazz,
Y:\Jimmy Smith\Jimmy Smith - Respect (1967),Jimmy Smith - Respect - 1967,Respect,Jazz,5,Jazz,
Y:\Jlin\Jlin - Black Origami (2017),Jlin,Black Origami,Electronic,12,Electronic,
Y:\Jlin\Jlin - Dark Energy (2015),Jlin,Dark Energy,Blues,11,Electronic,
Y:\Compilations\Various Artists - Folk Generation-The Vanguard History Of American Folk Music (2CD) (1993),Joan Baez,Folk Generation-The Vanguard History Of American Folk Music (2CD),,40,Rock,
Y:\Joan Baez\Joan Baez - Teatro Lirico di Milano (In Italy) (1967),Joan Baez,Teatro Lirico di Milano (In Italy),,15,Rock,
Y:\Compilations\Various Artists - Hard to Find 45s on CD - Volume 5 Sixties Pop Classics (2001),Joanie Sommers,Hard to Find 45s on CD - Volume 5: Sixties Pop Classics,,20,Rock,
Y:\Joe Hisaishi\Joe Hisaishi - Howl's Moving Castle (2004),Joe Hisaishi,Howl's Moving Castle,,26,Soundtracks,
Y:\Joe Hisaishi\Joe Hisaishi - Porco Rosso (1998),Joe Hisaishi,Porco Rosso,,23,Soundtracks,
Y:\Joe Hisaishi\Joe Hisaishi - Spirited Away (2002),Joe Hisaishi,Spirited Away,,21,Soundtracks,
Y:\Johann Sebastian Bach\Johann Sebastian Bach - Ton Koopman (1992),Johann Sebastian Bach,"Brandenburg Concerti No. 5, 6 & 2",,9,Classical,
Y:\Johann Sebastian Bach\Johann Sebastian Bach - Mstislav Rostropovich (1996),Johann Sebastian Bach,"Cello Suites Nos. 2, 3, 6",,21,Classical,
Y:\Johann Sebastian Bach\Johann Sebastian Bach - Ton Koopman (1996),Johann Sebastian Bach,Complete Cantatas Vol. 3 (Cd 2),,66,Classical,
Y:\Johann Sebastian Bach\Johann Sebastian Bach - Concerto Nr 2 3 4 Harpsichords (2009),Johann Sebastian Bach,Concerto Nr 2 3 4 Harpsichords,,12,Classical,
Y:\Johann Sebastian Bach\Johann Sebastian Bach - Glenn Gould (1995),Johann Sebastian Bach,English Suites (Cd 1),,46,Classical,
Y:\Johann Sebastian Bach\Johann Sebastian Bach Glenn Gould\Johann Sebastian Bach Glenn Gould - Goldberg Variations(1990),Johann Sebastian Bach,Goldberg Variations,Baroque,32,Classical,
Y:\Johann Sebastian Bach\Johann Sebastian Bach - John Eliot Gardiner (1990),Johann Sebastian Bach,Mass In B Minor (Cd 2),,15,Classical,
Y:\Johann Sebastian Bach\Johann Sebastian Bach - Jascha Heifetz (1995),Johann Sebastian Bach,"The Heifetz Collection, Volume 17: Bach Sonatas & Partitas",,32,Classical,
Y:\Johann Sebastian Bach\Johann Sebastian Bach - Glenn Gould (1994),Johann Sebastian Bach,"The Well-Tempered Clavier, Book I (Cd 1)",,24,Classical,
Y:\Various Artists Fila Brazillia\Various Artists Fila Brazillia - Another Late Night(2001),John Barry,Another Late Night,Blues,15,,
Y:\Compilations\Various Artists - Berghain 03 (2009),John Beltran,Berghain 03,,20,Electronic,
Y:\John Cage\John Cage - Atlas Eclipticalis with Winter Music [3CD](2007),John Cage,Atlas Eclipticalis with Winter Music [3CD],,4,Classical,
Y:\John Cage\John Cage - Cage Against The Machine (2010),John Cage,Cage Against The Machine,,8,Classical,
Y:\John Cage\John Cage - Sun Ra (2016),"John Cage, Sun Ra","John Cage Meets Sun Ra: The Complete Concert, June 8th 1986, Coney Island NY",Blues,21,Rock,
Y:\John Cale\John Cale - Fear (2013_ Remaster)(1974),John Cale,"Fear (2013, Remaster)",,9,Rock,
Y:\John Cale\John Cale - New York in the 1960s_ Vol. 1_ Sun Blindness Music(1968),John Cale,"New York in the 1960s, Vol. 1: Sun Blindness Music",,3,Rock,
"Y:\John Cale\John Cale - Paris 1919 (2006, Remaster) (1973)",John Cale,"Paris 1919 (2006, Remaster)",Blues,21,Rock,
Y:\John Carpenter\John Carpenter - Anthology Movie Themes 1974-1998 (2017),John Carpenter,Anthology: Movie Themes 1974-1998,Soundtracks,13,Soundtracks,
Y:\John Carpenter\John Carpenter - John Carpenter's Lost Themes (2015),John Carpenter,John Carpenter's Lost Themes,Electronic,9,Rock,
Y:\John Carpenter\John Carpenter - The Essential Film Music Collection (2002),John Carpenter,The Essential Film Music Collection,,18,Soundtracks,
Y:\John Coltrane\John Coltrane - A Love Supreme (1964),John Coltrane,A Love Supreme,Jazz,3,Jazz,
Y:\John Coltrane\John Coltrane - A Love Supreme. In Concert (1991),John Coltrane,A Love Supreme. In Concert,,5,Jazz,
Y:\John Coltrane\John Coltrane - Ascension (1965),John Coltrane,Ascension,,2,Jazz,
Y:\John Coltrane\John Coltrane - Ballads (Deluxe Edition) (1962),John Coltrane,Ballads (Deluxe Edition) [CD 2],,14,Jazz,
Y:\John Coltrane\John Coltrane - Blue Train (1957),John Coltrane,Blue Train,,7,Jazz,
"Y:\John Coltrane\John Coltrane - Blue Train (10CD, Box-Set) (2007)",John Coltrane,"Blue Train (10CD, Box-Set) [CD 6]",,75,Jazz,
Y:\John Coltrane\John Coltrane - Both Directions At Once The Lost Album (2018),John Coltrane,Both Directions At Once: The Lost Album [CD 1],Blues,14,Jazz,
"Y:\John Coltrane\John Coltrane - Coltrane (2013, Remaster) (1957)",John Coltrane,"Coltrane (2013, Remaster)",,6,Jazz,
Y:\John Coltrane\John Coltrane - Coltrane (Deluxe Edition)(1962),John Coltrane,Coltrane (Deluxe Edition) [CD 2],,15,Jazz,
Y:\John Coltrane\John Coltrane - Coltrane's Sound (1964),John Coltrane,Coltrane's Sound,,8,Jazz,
Y:\John Coltrane\John Coltrane - Giant Steps (1960),John Coltrane,Giant Steps,,15,Jazz,
Y:\John Coltrane\John Coltrane - Kenny Burrell & John Coltrane(1958),John Coltrane,Kenny Burrell & John Coltrane,,5,Jazz,
Y:\John Coltrane\John Coltrane - Live At Birdland (1963),John Coltrane,Live At Birdland,Blues,5,Jazz,
Y:\John Coltrane\John Coltrane - Live At The Village Vanguard (1961),John Coltrane,Live At The Village Vanguard,,3,Jazz,
Y:\John Coltrane\John Coltrane - Live At The Village Vanguard Again! (1997),John Coltrane,Live at the Village Vanguard Again!,Jazz,3,Jazz,
Y:\John Coltrane\John Coltrane - Live in Antibes Juan Les Pins Jazz Festival (1965),John Coltrane,Live in Antibes: Juan Les Pins Jazz Festival,,3,Jazz,
Y:\John Coltrane\John Coltrane - Lush Life (1957),John Coltrane,Lush Life,,5,Jazz,
Y:\John Coltrane\John Coltrane - Major Works Of John Coltrane [(1965),John Coltrane,Major Works Of John Coltrane [,,2,Jazz,
Y:\John Coltrane\John Coltrane - Meditations (1966),John Coltrane,Meditations,Jazz,5,Jazz,
Y:\John Coltrane\John Coltrane - My Favorite Things (1961),John Coltrane,My Favorite Things,,4,Jazz,
Y:\John Coltrane\John Coltrane - My Favorite Things Coltrane At Newport (2007),John Coltrane,My Favorite Things: Coltrane At Newport,,6,Jazz,
Y:\John Coltrane\John Coltrane - Offering Live At Temple University (2014),John Coltrane,Offering: Live At Temple University [CD 2],,5,Jazz,
"Y:\John Coltrane\John Coltrane - Side Steps (5CD, Box-Set) (2009)",John Coltrane,"Side Steps (5CD, Box-Set) [CD 1]",,43,Jazz,
Y:\John Coltrane\John Coltrane - Soultrane (1958),John Coltrane,Soultrane,Blues,5,Jazz,
Y:\John Coltrane\John Coltrane - Stellar Regions (1967),John Coltrane,Stellar Regions,,11,Jazz,
Y:\John Coltrane\John Coltrane - Eric Dolphy (1961),John Coltrane,The Complete 1962 Birdland Broadcast,,3,Jazz,
Y:\John Coltrane\John Coltrane - The Complete Graz Concert Vol 1 (1962),John Coltrane,The Complete Graz Concert Vol 1,,5,Jazz,
Y:\John Coltrane\John Coltrane - The Complete Mainstream (1958 Sessions) (1958),John Coltrane,The Complete Mainstream (1958 Sessions) [CD 1],,9,Jazz,
Y:\John Coltrane\John_Coltrane_-_The_Heavyweight_Champion_-_The_Complete_Atlantic_Recordings__(1959) (1),John Coltrane,The Heavyweight Champion - The Complete Atlantic Recordings [CD 7],,86,Jazz,
Y:\John Coltrane\John Coltrane - The Major Works Of John Coltra (1965),John Coltrane,The Major Works Of John Coltra,,3,Jazz,
Y:\John Coltrane\John Coltrane - The Olatunji Concert The Last Live Recording (2001),John Coltrane,The Olatunji Concert: The Last Live Recording,,3,Jazz,
Y:\John Coltrane\John Coltrane - The Paris Concert (1962),John Coltrane,The Paris Concert,,3,Jazz,
Y:\John Coltrane\John Coltrane - With the Red Garland Trio (Original Jazz Sound) (1957),John Coltrane,With the Red Garland Trio (Original Jazz Sound),Cool...,6,Jazz,
Y:\John Coltrane\John Coltrane - Johnny Hartman (1963),"John Coltrane, Johnny Hartman","John Coltrane And Johnny Hartman (1995, Remaster)",Blues,6,Jazz,
Y:\John Cooper Clarke\John Cooper Clarke - Snap_ Crackle And Bop (2005_ Remaster)(1980),John Cooper Clarke,"Snap, Crackle And Bop (2005, Remaster)",,13,Spoken Word,
"Y:\John Fahey\John Fahey - Days Have Gone By, Vol.6 (1967)",John Fahey,"Days Have Gone By, Vol.6",,10,Rock,
Y:\John Fahey\John Fahey - The Transfiguration Of Blind Joe Death (1965),John Fahey,The Transfiguration Of Blind Joe Death,Blues,15,Rock,
"Y:\John Grant\John Grant - Grey Tickles, Black Pressure (2015)",John Grant,"Grey Tickles, Black Pressure",Alt Folk,14,Rock,
Y:\John Grant\John Grant with the BBC Philharmonic Orchestra Live In Concert (2014-12-01),John Grant,John Grant with the BBC Philharmonic Orchestra Live In Concert,Alternative & Indie,16,Rock,
Y:\John Grant\Pale Green Ghosts (2013),John Grant,Pale Green Ghosts,Indie,11,Rock,
Y:\John Grant\Queen of Denmark (2010),John Grant,Queen of Denmark,,16,Rock,
"Y:\Compilations\Various Artists - O Brother, Where Art Thou (2000)",John Hartford,"O Brother, Where Art Thou?",Soundtrack,19,Rock,
Y:\John Lee Hooker\John Lee Hooker - Wynonie Harris (2010),John Lee Hooker,ABC of the Blues [52-CD Box Set] [CD 13],,20,Blues,
Y:\John Lennon\2010  - Singles & Home Tapes\Disc 1 - Singles,John Lennon,Disc 1 - Singles,rock,6,Rock,
Y:\John Lennon\2010  - Singles & Home Tapes\Disc 2 - Home Tapes,John Lennon,Disc 2 - Home Tapes,rock,13,Rock,
Y:\John Lennon\1971 - Imagine,John Lennon,Imagine,rock,10,Rock,
Y:\John Lennon\1970 - John Lennon ∕ Plastic Ono Band,John Lennon,John Lennon/Plastic Ono Band,"rock, avant-pop",13,Rock,
Y:\John Lennon\1973 - Mind Games,John Lennon,Mind Games,rock,12,Rock,
Y:\John Lennon\1975 - Rock 'N' Roll,John Lennon,Rock 'N' Roll,rock,17,Rock,
Y:\John Lennon\1974 - Walls And Bridges,John Lennon,Walls And Bridges,rock,12,Rock,
Y:\John Lennon\1972 - Sometime in New York City (with Yoko Ono)\Disc 1,John Lennon & Yoko Ono,Disc 1 - Some Time in New York City,rock,10,Rock,
Y:\John Lennon\1972 - Sometime in New York City (with Yoko Ono)\Disc 2 (Live),John Lennon & Yoko Ono,Disc 2 - Some Time in New York City (Live),rock,6,Rock,
Y:\John Lennon\1980 - Double Fantasy (with Yoko Ono),John Lennon & Yoko Ono,Double Fantasy,rock,14,Rock,
Y:\John Lennon\1984  - Milk and Honey (posthumous with Yoko Ono),John Lennon & Yoko Ono,Milk and Honey,rock,12,Rock,
Y:\John Lennon\1968 - Unfinished Music No. 1 Two Virgins (with Yoko Ono),John Lennon & Yoko Ono,Unfinished Music No. 1: Two Virgins,"avant-garde, noise",3,Rock,
Y:\John Lennon\1969  - Unfinished Music No.2  Life With The Lions (with Yoko Ono),John Lennon & Yoko Ono,Unfinished Music No. 2: Life with the Lions,"avant-garde, noise",7,Rock,
Y:\John Lennon\1969  - Wedding Album (with Yoko Ono),John Lennon & Yoko Ono,Wedding Album,"avant-garde, spoken word",5,Rock,
Y:\John Phillips\John Phillips - John The Wolf King Of La(1992),John Phillips,John The Wolf King Of La,,10,Rock,
Y:\John Phillips\John Phillips - Pay Pack & Follow (2001),John Phillips,Pay Pack & Follow,Rock,9,Rock,
Y:\John Tavener\John Tavener - The Whale  Celtic Requiem (2010),John Tavener,The Whale / Celtic Requiem,,10,,
Y:\John Williams\John Williams - Fitzwilly & The Long Goodbye (1973),John Williams,Fitzwilly & The Long Goodbye,,7,,
Y:\John Williams\John Williams - Raiders of The Lost Ark (1981),John Williams,Raiders of The Lost Ark,,19,,
Y:\John Williams\John Williams - Star Wars(1977),John Williams,Star Wars,,17,,
Y:\John Williams\John Williams - Star Wars - Return of The Jedi (Remastered)(2004),John Williams,Star Wars - Return of The Jedi (Remastered) [CD 1],,27,,
Y:\John Williams\John Williams - Star Wars - The Empire Strikes Back (Remastred)(2004),John Williams,Star Wars - The Empire Strikes Back (Remastred) [CD 2],,23,,
Y:\Compilations\Various Artists - Pebbles Vol.12 - The World (1999),John Woolley & Just Born,Pebbles Vol.12 - The World,,27,,
Y:\Big Joe Williams\Big Joe Williams - Johnny Guitar Watson (2010),"Johnny ""Guitar"" Watson",ABC of the Blues [52-CD Box Set]  [CD 49],,20,Blues,
Y:\Johnny Cash\Johnny Cash - American II - Unchained(1996),Johnny Cash,American II - Unchained,,14,Rock,
Y:\Johnny Cash\Johnny Cash - American III - Solitary Man(2000),Johnny Cash,American III - Solitary Man,,14,Rock,
Y:\Johnny Cash\Johnny Cash - American IV - The Man Comes Around(2002),Johnny Cash,American IV - The Man Comes Around,,15,Rock,
Y:\Johnny Cash\Johnny Cash - American Recordings(1994),Johnny Cash,American Recordings,,13,Rock,
Y:\Johnny Cash\Johnny Cash - American V - A Hundred Highways(2006),Johnny Cash,American V - A Hundred Highways,,12,Rock,
Y:\Johnny Cash\Johnny Cash - American VI_ Ain_t No Grave(2010),Johnny Cash,American VI: Ain't No Grave,,10,Rock,
Y:\Johnny Cash\Johnny Cash - At Folsom Prison (1968),Johnny Cash,At Folsom Prison,,19,Rock,
Y:\Johnny Cash\Johnny Cash - Geratest Hits (2008),Johnny Cash,Geratest Hits [CD 1]: Best Of,,36,Rock,
Y:\Johnny Cash\Johnny Cash - Live at Newport (1964),Johnny Cash,Live at Newport,,9,Rock,
Y:\Johnny Cash\Johnny Cash - Murder Ballads(2010),Johnny Cash,Murder Ballads,Country,16,Rock,
Y:\Johnny Cash\Johnny Cash - Ring Of Fire The Legend Of Johnny Cash(2005),Johnny Cash,Ring Of Fire The Legend Of Johnny Cash,,21,Rock,
Y:\Johnny Cash\Johnny Cash - The Christmas Spirit (1963),Johnny Cash,The Christmas Spirit,,12,Rock,
Y:\Johnny Cash\Johnny Cash - Walk The Line (The Very Best Of) (3 CD) (2006),Johnny Cash,Walk The Line (The Very Best Of) (3 CD),,36,Rock,
Y:\Bob Dylan\Bob Dylan - Johnny Cash (1969),"Johnny Cash, Bob Dylan",Nashville Sessions,,19,Rock,
Y:\Bob Dylan Johnny Cash\Bob Dylan Johnny Cash - Nashville Sessions(1969),"Johnny Cash, Bob Dylan",Nashville Sessions,,19,Rock,
Y:\Johnny Nightmare\Johnny Nightmare - Here_s Johnny(2008),Johnny Nightmare,Here's Johnny,,13,Rock,
Y:\Johnny Nightmare\Johnny Nightmare - Psychobilly Scarecrow(2010),Johnny Nightmare,Psychobilly Scarecrow,Punk,14,Rock,
Y:\Johnny Paycheck\Johnny Paycheck - Finest Music Collection Some Kind Of Rose (2016),Johnny Paycheck,Finest Music Collection: Some Kind Of Rose,Country,20,Rock,
Y:\Jon Hassell\Jon Hassell - The Surgeon Of The Nightsky Restores Dead Things By The Power Of Sound (1987),Jon Hassell,The Surgeon Of The Nightsky Restores Dead Things By The Power Of Sound,,5,,
Y:\Jon Hopkins\Jon Hopkins - Singularity (2018),Jon Hopkins,Singularity,Tech House / IDM / Experimental,9,,
Y:\Jon Spencer Blues Explosion\Jon Spencer Blues Explosion - Dirty Shirt Rock N Roll The First Ten Years (2010),Jon Spencer Blues Explosion,Dirty Shirt Rock N Roll: The First Ten Years,,22,,
Y:\Jonas Kaufmann\Jonas Kaufmann - Nessun Dorma - The Puccini Album (2015),Jonas Kaufmann,Nessun Dorma - The Puccini Album,Blues,16,,
"Y:\Jonathan Richman\Jonathan Richman - I, Jonathan (1992)",Jonathan Richman,"I, Jonathan",,10,,
Y:\Joni Mitchell\Joni Mitchell - Court And Spark (1974),Joni Mitchell,Court And Spark,Blues,11,,
Y:\Joni Mitchell\Joni Mitchell - The Hissing Of Summer Lawns (1975),Joni Mitchell,The Hissing Of Summer Lawns,Blues,10,,
Y:\Jonny Greenwood\Jonny Greenwood - Bodysong (2003),Jonny Greenwood,Bodysong,,13,,
Y:\Jonny Greenwood\Jonny Greenwood - Various Artists (2014),Jonny Greenwood,Inherent Vice (Original Motion Picture Soundtrack),Blues,17,,
Y:\Jonny Greenwood\Jonny Greenwood - The Master (Original Motion Picture Soundtrack) (2012),Jonny Greenwood,The Master (Original Motion Picture Soundtrack),,15,,
Y:\Jonny Greenwood\Jonny Greenwood - There Will Be Blood (2007),Jonny Greenwood,There Will Be Blood,,11,,
Y:\Jonny Greenwood\Jonny Greenwood - You Were Never Really Here (Original Motion Picture Soundtrack) (2018),Jonny Greenwood,You Were Never Really Here (Original Motion Picture Soundtrack),Soundtrack,14,,
Y:\Jose Carreras\Jose Carreras - Placido Domingo (1990),"Jose Carreras, Placido Domingo, Luciano Pavarotti",The Three Tenors In Concert,,17,,
Y:\Joy Division\Joy Division - Closer(1980),Joy Division,Closer,Blues,9,,
"Y:\Joy Division\Joy Division - Heart & Soul (4CD, Box-Set 2001, Remaster) (1997)",Joy Division,"Heart & Soul (4CD, Box-Set: 2001, Remaster) [CD 3]",,81,,
Y:\Joy Division\Joy Division - Unknown Pleasures(1979),Joy Division,Unknown Pleasures,,10,,
Y:\Julia Holter\Julia Holter - Ekstasis (2012),Julia Holter,Ekstasis,,10,,
Y:\Julia Holter\Julia Holter - Have You In My Wilderness (2015),Julia Holter,Have You In My Wilderness,,10,,
Y:\Julia Holter\Julia Holter - Loud City Song (2013),Julia Holter,Loud City Song,,9,,
Y:\Julian Casablancas\Julian Casablancas - Phrazes for the Young(2009),Julian Casablancas,Phrazes for the Young,,11,Rock,
Y:\Julian Casablancas+The Voidz\Julian Casablancas+The Voidz - Tyranny(2014),Julian Casablancas+The Voidz,Tyranny,,12,Rock,
Y:\June Christy\June Christy - Pete Rugolo (1953),June Christy,Something Cool,,24,Rock,
Y:\Jungle\Jungle - Jungle (2014),Jungle,Jungle,Electro,12,Electronic,
Y:\Jurg Frey\Jurg Frey - 120 Pieces Of Sound (2018),Jurg Frey,120 Pieces Of Sound,Blues,2,,
Y:\Jurg Frey\Jurg Frey - Magnus Granberg (2018),"Jurg Frey, Magnus Granberg",Early To Late - Ensemble Grizzana,Blues,2,,
Y:\Deetron\Deetron - Various Artists (2014),Juxta Position,Fabric 76,,28,,
Y:\Kaitlyn Aurelia Smith\Kaitlyn Aurelia Smith - The Kid (2017),Kaitlyn Aurelia Smith,The Kid,Ambient / Experimental,13,,
Y:\Kamasi Washington\Kamasi Washington - Harmony Of Difference (2017),Kamasi Washington,Harmony Of Difference,Blues,6,Jazz,
Y:\Kamasi Washington\Kamasi Washington - Heaven And Earth (2018),Kamasi Washington,Heaven And Earth [CD 1],Blues,21,Jazz,
Y:\Kamasi Washington\Kamasi Washington - The Epic (2015),Kamasi Washington,The Epic [CD 1]: The Plan,Blues,17,Jazz,
Y:\Compilations\Various Artists - DJ Kicks Compiled and Mixed by Chromeo (2009),Kano,DJ Kicks Compiled and Mixed by Chromeo,,18,,
Y:\KC and the Sunshine Band\Flashback with KC & The Sunshine Band (2011),KC and the Sunshine Band,Flashback with KC & The Sunshine Band,,8,,
Y:\KC and the Sunshine Band\KC and The Sunshine Band (2012-06-25),KC and the Sunshine Band,KC and The Sunshine Band,,1,,
Y:\KC and the Sunshine Band\Kc and the Sunshine Band_ Definitive Collection (2012-11-25),KC and the Sunshine Band,Kc and the Sunshine Band: Definitive Collection,,1,,
Y:\KC and the Sunshine Band\The Sound Of Sunshine (2009-03-06),KC and the Sunshine Band,The Sound Of Sunshine,,1,,
Y:\KC and the Sunshine Band\The TK Years (2009-03-09),KC and the Sunshine Band,The TK Years,,4,,
"Y:\_Untagged\The Ultimate Best Of (Remastered, 2011) (2011)",KC And The Sunshine Band,"The Ultimate Best Of (Remastered, 2011)",,13,,
Y:\Kenny Rogers\Kenny Rogers - The Gambler (1978),Kenny Rogers,The Gambler,Country,11,,
Y:\Kermit Ruffins\Kermit Ruffins - Rebirth Brass Band (2005),"Kermit Ruffins, Rebirth Brass Band",Throwback,,13,,
Y:\Kevin Morby\Kevin Morby - City Music (2017),Kevin Morby,City Music,Indie,12,,
Y:\Kevin Morby\Kevin Morby - Singing Saw (2016),Kevin Morby,Singing Saw,Indie Rock/Alternative,9,,
Y:\Kevin Morby\Kevin Morby - Still Life (2014),Kevin Morby,Still Life,Indie,10,,
Y:\Khruangbin\Khruangbin - Con Todo El Mundo (2018),Khruangbin,Con Todo El Mundo,Psychedelic Rock,10,,
Y:\Compilations\Various Artists - DJ Kicks Kid Loco (1999),Kid Loco,DJ Kicks: Kid Loco,,18,,
Y:\Kim Kashkashian\Kim Kashkashian - Hayren Music Of Komitas And Tigran Mansurian (2003),Kim Kashkashian,Hayren: Music Of Komitas And Tigran Mansurian,,13,,
Y:\King Gizzard And The Lizard Wizard\King Gizzard And The Lizard Wizard - Flying Microtonal Banana (2017),King Gizzard & The Lizard Wizard,Flying Microtonal Banana,,9,Rock,
Y:\King Gizzard & the Lizard Wizard\King Gizzard & the Lizard Wizard - Mild High Club (2017),King Gizzard & The Lizard Wizard with Mild High Club,Sketches Of Brunswick East,Rock | Indie Rock | Hard Rock | Garage Rock | Punk Rock | Psychedelic Rock | Art Rock | Krautrock | Stoner Rock | Jazz | Neo Psychedelia | Blues Rock | Acid Rock | New Wave | Progressive Rock | Surf Rock | Thrash Metal | Heavy Metal | Doom Metal,13,Rock,
Y:\King Gizzard And The Lizard Wizard\King Gizzard And The Lizard Wizard - Nonagon Infiniry (2016),King Gizzard And The Lizard Wizard,Nonagon Infiniry,Garage Rock,9,Rock,
Y:\King Khan & The Shrines\King Khan & The Shrines - Idle No More(2013),King Khan & The Shrines,Idle No More,,12,Rock,
Y:\King Khan & The Shrines\King Khan & The Shrines - The Supreme Genius of King Khan & The Shrines(2008),King Khan & The Shrines,The Supreme Genius of King Khan & The Shrines,,16,Rock,
Y:\Kinks\Kinks - Muswell Hillbillies(1971),Kinks,Muswell Hillbillies,,12,Rock,
Y:\Kinks\Kinks - The Kinks Are The Village Green Preservation Society(1968),Kinks,The Kinks Are The Village Green Preservation Society,,28,Rock,
Y:\Compilations\Various Artists - The Hacienda Classics (The Hacienda Classics) (2006),K-Klass,The Hacienda Classics (The Hacienda Classics) [CD 1],Blues,47,Electronic,
Y:\Compilations\Various Artists - The Hacienda Classics (The Hacienda Classics)(2006),K-Klass,The Hacienda Classics (The Hacienda Classics) [CD 1],Blues,47,Electronic,
Y:\KMD\KMD - Black Bastards (2001),KMD,Black Bastards,Hip-Hop,14,Hip Hop,
Y:\Billy Boy Arnold\Billy Boy Arnold - Kokomo Arnold (2010),Kokomo Arnold,ABC of the Blues [52-CD Box Set]  [CD 1],,20,Blues,
Y:\Konstantin Scherbakov\Konstantin Scherbakov - Beethoven Complete Piano Sonatas Vol. 4 (2020),Konstantin Scherbakov,Beethoven: Complete Piano Sonatas Vol. 4,Blues,15,Classical,
"Y:\Konstantin Scherbakov\Konstantin Scherbakov - Beethoven Complete Piano Sonatas, Vol. 1 (2020)",Konstantin Scherbakov,"Beethoven: Complete Piano Sonatas, Vol. 1",Classical,12,Classical,
"Y:\Konstantin Scherbakov\Konstantin Scherbakov - Beethoven Complete Piano Sonatas, Vol. 2 (2020)",Konstantin Scherbakov,"Beethoven: Complete Piano Sonatas, Vol. 2",Classical,10,Classical,
"Y:\Konstantin Scherbakov\Konstantin Scherbakov - Beethoven Complete Piano Sonatas, Vol. 3 (2020)",Konstantin Scherbakov,"Beethoven: Complete Piano Sonatas, Vol. 3",Classical,13,Classical,
"Y:\Konstantin Scherbakov\Konstantin Scherbakov - Beethoven Complete Piano Sonatas, Vol. 5 (2020)",Konstantin Scherbakov,"Beethoven: Complete Piano Sonatas, Vol. 5",Classical,10,Classical,
Y:\Kraftwerk\Kraftwerk - Autobahn (1974),Kraftwerk,Autobahn,,5,Electronic,
Y:\Kraftwerk\Kraftwerk - Computerwelt (Deutsch Version) (1981),Kraftwerk,Computerwelt (Deutsch Version),,7,Electronic,
Y:\Kraftwerk\Kraftwerk - Electric Cafe (Deutsch Version) (1986),Kraftwerk,Electric Cafe,,6,Electronic,
Y:\Kraftwerk\Kraftwerk - Kraftwerk 1  Kraftwerk 2 (1996),Kraftwerk,Kraftwerk 1 / Kraftwerk 2,,9,Electronic,
Y:\Kraftwerk\Kraftwerk - Minimum-Maximum (2005),Kraftwerk,Minimum-Maximum [CD 2],,22,Electronic,
Y:\Kraftwerk\Kraftwerk - Radio - Activity (1975),Kraftwerk,Radio - Activity,Synth-pop,12,Electronic,
Y:\Kraftwerk\Kraftwerk - Ralf & Florian (1973),Kraftwerk,Ralf & Florian,,6,Electronic,
Y:\Kraftwerk\Kraftwerk - Toccata Electronica (Unofficial Release) (1995),Kraftwerk,Toccata Electronica (Unofficial Release),,14,Electronic,
Y:\Kraftwerk\Kraftwerk - Trans Europa Express (Deutsch Version) (1977),Kraftwerk,Trans Europa Express (Deutsch Version),,8,Electronic,
Y:\Kraftwerk\Kraftwerk - Organisation (1970),"Kraftwerk, Organisation",Tone Float (Unofficial),,6,Electronic,
Y:\Compilations\Various Artists - FabricLive 34 (2007),Krafty kuts,FabricLive 34,,25,Electronic,
Y:\Compilations\Various Artists - Fabriclive 34 - Krafty Kuts (2007),Krafty kuts,Fabriclive 34 - Krafty Kuts,,25,Electronic,
Y:\Kruder & Dorfmeister\Kruder & Dorfmeister - Various Artists (1996),Kruder & Dorfmeister,Kruder & Dorfmeister Presents: DJ Kicks,,17,Electronic,
Y:\Kula Shaker\Kula Shaker - K (15th Anniversary Edition) (2011),Kula Shaker,K (15th Anniversary Edition) [CD 1],,17,Rock,
Y:\Kurt Vile\Kurt Vile - 10 Songs (2003),Kurt Vile,10 Songs,Indie Rock,13,Rock,
Y:\Kurt Vile\Kurt Vile - B'lieve I'm Goin Down... (2015),Kurt Vile,b'lieve i'm goin down...,,12,Rock,
Y:\Kurt Vile\Kurt Vile - Childish Prodigy (2009),Kurt Vile,Childish Prodigy,Indie Rock,11,Rock,
Y:\Kurt Vile\Kurt Vile - Constant Hitmaker (2008),Kurt Vile,Constant Hitmaker,Indie Rock,13,Rock,
Y:\Kurt Vile\Kurt Vile - God Is Saying This To You (2009),Kurt Vile,God Is Saying This To You,Indie Rock,12,Rock,
Y:\Kurt Vile\Kurt Vile - Smoke Ring For My Halo (2011),Kurt Vile,Smoke Ring For My Halo,Blues,11,Rock,
Y:\Kurt Vile\Kurt Vile - Wakin On A Pretty Daze (2013),Kurt Vile,Wakin On A Pretty Daze,,11,Rock,
Y:\La Dusseldorf\La Dusseldorf - La Dusseldorf (1976),La Dusseldorf,La Dusseldorf,,4,Krautrock,
Y:\La Dusseldorf\La Dusseldorf - Mon Amour (1983),La Dusseldorf,Mon Amour,,9,Krautrock,
Y:\La Dusseldorf\La Dusseldorf - Viva (1978),La Dusseldorf,Viva,,6,Krautrock,
Y:\La Femme\La Femme - Mystere (2016),La Femme,Mystere,Blues,16,,
Y:\Lal\Lal - Mike Waterson (1972),"Lal, Mike Waterson","Bright Phoebus: Deluxe Edition (2017, Reissue) [CD 1]",Blues,24,,
Y:\Lalo Schifrin\Lalo Schifrin - Bullitt (2009),Lalo Schifrin,Bullitt,,31,Jazz,
Y:\Lalo Schifrin\Lalo Schifrin - Dirty Harry (2004),Lalo Schifrin,Dirty Harry,,22,Jazz,
Y:\Lalo Schifrin\Lalo Schifrin - Talkin' Verve (1999),Lalo Schifrin,Talkin' Verve,,12,Jazz,
Y:\Lalo Schifrin\Lalo Schifrin - Verve Jazzclub Trends (2008),Lalo Schifrin,Verve Jazzclub Trends,Jazz,18,Jazz,
Y:\Lamb\Lamb - Lamb(1996),Lamb,Lamb,,10,Electronic,
Y:\Lana Del Rey\2021 - Blue Banisters,Lana Del Rey,Blue Banisters,Pop,15,Rock,
Y:\Lana Del Rey\2012 - Born To Die (The Paradise Edition),Lana Del Rey,Born To Die (The Paradise Edition) CD1,Pop,23,Rock,
Y:\Lana Del Rey\2021 - Chemtrails Over The Country Club,Lana Del Rey,Chemtrails Over The Country Club,Pop,11,Rock,
Y:\Lana Del Rey\2015 - Honeymoon,Lana Del Rey,Honeymoon,Pop,14,Rock,
Y:\Lana Del Rey\2017 - Lust For Life,Lana Del Rey,Lust For Life,Pop,16,Rock,
Y:\Lana Del Rey\2019 - Norman Fucking Rockwell!,Lana Del Rey,Norman Fucking Rockwell!,Pop,14,Rock,
Y:\Lana Del Rey\2014 - Ultraviolence (Deluxe Explicit Edition),Lana Del Rey,Ultraviolence (Deluxe Explicit Edition),Pop,15,Rock,
Y:\Lana Del Rey\2020 - Violet Bent Backwards Over The Grass,Lana Del Rey,Violet Bent Backwards Over The Grass,Spoken Word,14,Rock,
Y:\Brian Eno\Brian Eno - Laraaji (1980),Laraaji/Brian Eno,Ambient 3: Day Of Radiance,,5,,
Y:\Larry Young\Larry Young - Contrasts (Vinyl) (1967),Larry Young,Contrasts (Vinyl),,6,,
Y:\Larry Young\Larry Young - Heaven on Earth (Vinyl) (1968),Larry Young,Heaven on Earth (Vinyl),,6,,
"Y:\Larry Young\Larry Young - Into Somethin' (1998, Remaster) (1964)",Larry Young,"Into Somethin' (1998, Remaster)",Blues,6,,
Y:\Larry Young\Larry Young - Mother Ship (Remastered 2003) (1980),Larry Young,Mother Ship (Remastered 2003),,5,,
"Y:\Larry Young\Larry Young - Of Love And Peace (2004, Remaster) (1966)",Larry Young,"Of Love And Peace (2004, Remaster)",Blues,4,,
Y:\Larry Young\Larry Young - Unity (1999),Larry Young,Unity,,6,,
Y:\Lars Gullin\Lars Gullin - 1951-1952 volume 5 (2002),Lars Gullin,1951-1952 volume 5,,26,,
Y:\Laura Nyro\Laura Nyro - New York Tendaberry (2002),Laura Nyro,New York Tendaberry,,13,,
Y:\Laurie Spiegel\Laurie Spiegel - The Expanding Universe (2012),Laurie Spiegel,The Expanding Universe [CD 2],,19,,
Y:\Lauryn Hill\Lauryn Hill - The Miseducation Of Lauryn Hill (1998),Lauryn Hill,The Miseducation Of Lauryn Hill,R&B,16,,
Y:\William Basinski\William Basinski - Lawrence English (2018),"Lawrence English, William Basinski",Selva Oscura,Blues,2,,
Y:\Layo & Bushwacka!\Love Story (2002),Layo & Bushwacka!,Love Story,,5,,
Y:\Lcd Soundsystem\Lcd Soundsystem - 45_33 (Remixes)(2009),Lcd Soundsystem,45:33 (Remixes),,8,Electronic,
Y:\Lcd Soundsystem\Lcd Soundsystem - American Dream(2017),LCD Soundsystem,American Dream,Indie Rock / Dance-Punk / Electronic,10,Electronic,
Y:\Lcd Soundsystem\Lcd Soundsystem - Electric Lady Sessions(2019),LCD Soundsystem,Electric Lady Sessions,Indie Rock / Dance-Punk / Electronic,12,Electronic,
Y:\Lcd Soundsystem\Lcd Soundsystem - LCD Soundsystem(2005),Lcd Soundsystem,LCD Soundsystem,,16,Electronic,
Y:\Lcd Soundsystem\Lcd Soundsystem - LCD Soundsystem(2005) (1),Lcd Soundsystem,LCD Soundsystem,,16,Electronic,
Y:\Lcd Soundsystem\Lcd Soundsystem - Sound Of Silver(2007),Lcd Soundsystem,Sound Of Silver,,9,Electronic,
Y:\Lcd Soundsystem\Lcd Soundsystem - This Is Happening (Deluxe Edition)(2010),Lcd Soundsystem,This Is Happening (Deluxe Edition),,20,Electronic,
Y:\Led Zeppelin\Led Zeppelin - Houses Of The Holy(1973),Led Zeppelin,Houses Of The Holy,,8,Rock,
Y:\Led Zeppelin\Led Zeppelin - Led Zeppelin - Deluxe Edition (2014_ Remaster)(1969),Led Zeppelin,"Led Zeppelin - Deluxe Edition (2014, Remaster) [CD 1]",,17,Rock,
Y:\Led Zeppelin\Led Zeppelin - Led Zeppelin II (1969),Led Zeppelin,Led Zeppelin II,,9,Rock,
Y:\Led Zeppelin\Led Zeppelin - Led Zeppelin III - Deluxe Edition (2014_ Remaster)(1970),Led Zeppelin,"Led Zeppelin III - Deluxe Edition (2014, Remaster) [CD 1]",,19,Rock,
Y:\Led Zeppelin\Led Zeppelin - Led Zeppelin IV(1971),Led Zeppelin,Led Zeppelin IV,,8,Rock,
Y:\Led Zeppelin\Led Zeppelin - Physical Graffiti(1975),Led Zeppelin,Physical Graffiti [CD 2],,15,Rock,
Y:\Lee Hazlewood\Friday's Child (1966),Lee Hazlewood,Friday's Child,,1,Rock,
Y:\Lee Hazlewood\Lee Hazlewood - I'll Be Your Baby Tonight (1973),Lee Hazlewood,I'll Be Your Baby Tonight,"Country, Contemporary Folk, Baroque Pop, Singer/Songwriter",8,Rock,
"Y:\Various_Artists,Lee_Hazlewood,Suzi_Jane_Hokom_-_Lee_Hazlewood_Industries__There's_a_Dream_I've_Been_Saving_1966-1971_(2013)",Lee Hazlewood,Lee Hazlewood Industries: There's a Dream I've Been Saving 1966-1971 [CD 3],,107,Rock,
Y:\Lee Hazlewood\Love and Other Crimes (1997),Lee Hazlewood,Love and Other Crimes,,26,Rock,
"Y:\Lee Hazlewood\Lee Hazlewood - Poet, Fool or BumBack on the Street Again (2004)",Lee Hazlewood,"Poet, Fool or Bum/Back on the Street Again",,21,Rock,
Y:\Lee Hazlewood\Lee Hazlewood - The complete MGM recordings (2002),Lee Hazlewood,The complete MGM recordings [CD 1],,35,Rock,
Y:\Lee Scratch Perry\Lee Scratch Perry - Africa_s Blood(1972),Lee Perry,Africa's Blood,,14,,
Y:\Various Artists Lee Scratch Perry\Various Artists Lee Scratch Perry - Scratch On The Wire (1979),Lee Perry,Scratch On The Wire,,10,,
Y:\Lee Scratch Perry\Lee Scratch Perry - Soul Fire(1974),Lee Perry,Soul Fire,,13,,
Y:\Lee Scratch Perry\Lee Scratch Perry - Super Ape(1976),Lee Scratch Perry,Super Ape,,10,,
Y:\Lee Scratch Perry\Lee Scratch Perry - Collectorama 1966 - 1979 (The Upsetter From The Black Ark)(2008),Lee 'Scratch' Perry,Collectorama 1966 - 1979 (The Upsetter From The Black Ark),,20,,
Y:\Lee Scratch Perry\Lee Scratch Perry - Kung FU Meets The Dragon(1975),Lee 'Scratch' Perry,Kung FU Meets The Dragon,,12,,
Y:\Lee Scratch Perry\Lee Scratch Perry - Megaton Dub Vol.1(1977),Lee 'Scratch' Perry,Megaton Dub Vol.1,,10,,
Y:\Orb Lee Scratch Perry\Orb Lee Scratch Perry - More Tales From The Orbservatory(2013),"Lee Scratch Perry, Orb",More Tales From The Orbservatory,,11,,
Y:\Orb Lee Scratch Perry\Orb Lee Scratch Perry - The Observer In The Starhouse (Instrumental Version)(2012),"Lee 'Scratch' Perry, Orb",The Observer In The Starhouse (Instrumental Version),,11,,
Y:\The Upsetters Lee Scratch Perry\The Upsetters Lee Scratch Perry - Return Of Wax(1975),"Lee 'Scratch' Perry, The Upsetters",Return Of Wax,,12,,
Y:\The Upsetters Lee Scratch Perry Sly the Revolutionaries\The Upsetters Lee Scratch Perry Sly the Revolutionaries - Reminah Dub(1976),"Lee 'Scratch' Perry, The Upsetters, Sly, the Revolutionaries",Reminah Dub,,10,,
Y:\Leftfield\Leftfield - Alternative Light Source(2015),Leftfield,Alternative Light Source,Blues,10,Electronic,
Y:\Leftfield\Leftfield - Alternative Light Source(2015) (1),Leftfield,Alternative Light Source,Blues,10,Electronic,
"Y:\Leftfield\Leftfield - Leftism 22 (2017, Remaster) (1995)",Leftfield,"Leftism 22 (2017, Remaster) [CD 1]",Blues,22,Electronic,
Y:\Leftfield\Leftfield - Leftism 22 (2017_ Remaster)(1995),Leftfield,"Leftism 22 (2017, Remaster) [CD 1]",Blues,22,Electronic,
Y:\Leftfield\Leftfield - Rhythm And Stealth (1999),Leftfield,Rhythm And Stealth,Blues,10,Electronic,
Y:\Leftfield\Leftfield - Rhythm And Stealth(1999),Leftfield,Rhythm And Stealth,Blues,10,Electronic,
Y:\London Symphony Orchestra\London Symphony Orchestra - Leif Ove Andsnes (2010),"Leif Ove Andsnes, London Symphony Orchestra, Antonio Pappano",Rachmaninov: Piano Concertos No. 3 & No. 4,,6,,
Y:\Leonard Cohen\Leonard Cohen - Death Of A Ladies' Man (1977),Leonard Cohen,Death Of A Ladies' Man,Blues,8,Rock,
Y:\Leonard Cohen\Leonard Cohen - I'm Your Man (1988),Leonard Cohen,I'm Your Man,Blues,8,Rock,
Y:\Leonard Cohen\Leonard Cohen - Opus Collection(2015),Leonard Cohen,Opus Collection (Disc 1),Folk-Rock,20,Rock,
Y:\Leonard Cohen\Leonard Cohen - Songs From A Room (1969),Leonard Cohen,Songs From A Room,Blues,10,Rock,
Y:\Leonard Cohen\Leonard Cohen - Songs Of Leonard Cohen (1967),Leonard Cohen,Songs Of Leonard Cohen,Blues,12,Rock,
Y:\Leonard Cohen\Leonard Cohen - Thanks For The Dance (2019),Leonard Cohen,Thanks for the Dance,Rock,9,Rock,
Y:\Leonard Cohen\Leonard Cohen - The Essential Leonard Cohen (2010),Leonard Cohen,The Essential Leonard Cohen,,31,Rock,
Y:\Leonard Cohen\Leonard Cohen - The Future (1992),Leonard Cohen,The Future,Blues,9,Rock,
Y:\Leonard Cohen\Leonard Cohen - You Want It Darker (2016),Leonard Cohen,You Want It Darker,Blues,9,Rock,
Y:\Pee Wee Crayton\Pee Wee Crayton - Leroy Carr   Scrapper Blackwell (2010),Leroy Carr _ Scrapper Blackwell,ABC of the Blues [52-CD Box Set] [CD 7],,20,Blues,
Y:\Henri Salvador\Henri Salvador - Les Blues Stars (1956),"Les Blues Stars, Henri Salvador",Jazz In Paris [Box Set] [CD 19]: Pardon My English o Plays The Blues,,19,Jazz,
Y:\Earl Scruggs\Earl Scruggs - Lester Flatt (1995),"Lester Flatt, Earl Scruggs",Foggy Mountain Banjo,,12,,
Y:\Levon Vincent\Levon Vincent - Various Artists (2012),Levon Vincent,Fabric 63,,15,,
"Y:\Lewis\Lewis - L'Amour (2014, Remaster) (1983)",Lewis,"L'Amour (2014, Remaster)",,10,,
Y:\Liaisons Dangereuses\Liaisons Dangereuses - Los Ninos Del Parque (1988),Liaisons Dangereuses,Los Ninos Del Parque,,4,,
Y:\Compilations\Various Artists - Erik Satie & Les Nouveaux Jeunes (2011),Library tapes,Erik Satie & Les Nouveaux Jeunes [CD 1],,20,,
Y:\J. B. Lenoir\J. B. Lenoir - Lightnin' Slim (2010),Lightnin' Slim,ABC of the Blues [52-CD Box Set]  [CD 23],,20,Blues,
"Y:\Lily Allen\Lily Allen - Alright, Still (Japanese Edition) (2006)",Lily Allen,"Alright, Still (Japanese Edition)",,13,Rock,
"Y:\Lily Allen\Lily Allen - It's Not Me, It's You (2009)",Lily Allen,"It's Not Me, It's You",,12,Rock,
Y:\Lily Allen\Lily Allen - Sheezus(2014),Lily Allen,Sheezus,,14,Rock,
Y:\Lily Allen\Lily Allen - West End Girl(2025),Lily Allen,West End Girl,,14,Rock,
Y:\Lindstrom\Lindstrom - It's A Feedelity Affair (2006),Lindstrom,It's A Feedelity Affair,,11,Rock,
Y:\Lindstrom\Lindstrom - Where You Go I Go Too (2CD) (2008),Lindstrom,Where You Go I Go Too (2CD),,7,Rock,
Y:\Lindstrom\Lindstrom - Prins Thomas (2009),"Lindstrom, Prins Thomas",II,,8,Rock,
Y:\Link Wray\Link Wray - King of the Wild Guitar (2007),Link Wray,King of the Wild Guitar,,25,Rock,
Y:\Link Wray\Link Wray - Law of the Jungle (2002),Link Wray,Law of the Jungle,,28,Rock,
Y:\Link Wray\Link Wray - Link Wray (1971),Link Wray,Link Wray,,11,Rock,
Y:\Stan Getz\Stan Getz - Lionel Hampton (1955),"Lionel Hampton, Stan Getz",Hamp And Getz,,7,,
Y:\Compilations\Various Artists - New York Noise (1978-1982) (2003),Liquid Liquid,New York Noise (1978-1982),,16,,
Y:\Lisa Germano\Lisa Germano - Lullaby For Liquid Pig (2003),Lisa Germano,Lullaby For Liquid Pig,,12,,
Y:\Lissie\Lissie - My Wild West (2016),Lissie,My Wild West,Blues,12,,
Y:\Little Richard\50 Greatest Hits (1957-03-01),Little Richard,50 Greatest Hits,Rock,12,Rock,
Y:\Little Richard\Little Richard - Greatest Hits(1990),Little Richard,Greatest Hits,,16,Rock,
Y:\Little Richard\Little Richard - Here_s Little Richard(1957),Little Richard,Here's Little Richard,,12,Rock,
Y:\Little Richard\Here's Little Richard (1957-03),Little Richard,Here's Little Richard,Rock,2,Rock,
Y:\Little Richard\Here's Little Richard _ Little Richard (1958),Little Richard,Here's Little Richard / Little Richard,,1,Rock,
Y:\Little Richard\Little Richard (1958),Little Richard,Little Richard,,3,Rock,
Y:\Little Richard\Little Richard (1994-05-18),Little Richard,Little Richard,,2,Rock,
Y:\Little Richard\Little Richard (1958-07),Little Richard,Little Richard,Rock,10,Rock,
Y:\Little Richard\The Fabulous Little Richard (1958),Little Richard,The Fabulous Little Richard,Rock,12,Rock,
Y:\Little Richard\The Implosive! (51 Songs) (1958),Little Richard,The Implosive! (51 Songs),Rock,21,Rock,
Y:\Little Simz\Little Simz - Grey Area (2019),Little Simz,Grey Area,Blues,10,,
Y:\Little Willie John\Little Willie John - Smiley Lewis (2010),Little Willie John,ABC of the Blues [52-CD Box Set]  [CD 25],,20,Blues,
Y:\Liz Phair\Liz Phair - Exile In Guyville (1993),Liz Phair,Exile In Guyville,Blues,18,,
Y:\Lizzy Mercier Descloux\Lizzy Mercier Descloux - Zulu Rock(2006),Lizzy Mercier Descloux,Zulu Rock,,17,,
Y:\Compilations\Various Artists - Fabriclive 25 - High Contrast (2005),Logistics,Fabriclive 25 - High Contrast,,22,,
Y:\London Grammar\London Grammar - If You Wait (2013),London Grammar,If You Wait,,11,,
Y:\London Grammar\London Grammar - Truth Is A Beautiful Thing (Deluxe Edition) (2017),London Grammar,Truth Is A Beautiful Thing (Deluxe Edition) [CD 1],Blues,18,,
Y:\Longpigs\Longpigs - The Sun Is Often Out (1997),Longpigs,The Sun Is Often Out,,12,,
Y:\Elmore James\Elmore James - Lonnie Johnson (2010),Lonnie Johnson,ABC of the Blues [52-CD Box Set]  [CD 19],,20,Blues,
Y:\Compilations\Various Artists - Back to Peru Vol. 2 (2CD) (2009),Los Juniors,Back to Peru Vol. 2 (2CD),,34,,
Y:\Compilations\Various Artists - Back To Peru Vol 1 (2010),Los Saicos,Back To Peru Vol 1,,34,,
"Y:\Compilations\Various Artists - Blue Note Trip - Late Nights, Early Mornings (2012)",Lou Rawls,"Blue Note Trip - Late Nights, Early Mornings [CD 2]",,33,,
Y:\Lou Reed\Lou Reed - Berlin (2006_ Remastered) (cat #_ BMG Japan BVCM-37727)(1973),Lou Reed,Berlin,Rock,8,,
Y:\Lou Reed\Lou Reed - Coney Island Baby (1975),Lou Reed,Coney Island Baby (cat #: RCA 0915-2-R),,8,,
Y:\Louis Armstrong\Louis Armstrong - Louis Armstrong Plays W.C. Handy (1954),Louis Armstrong,Louis Armstrong Plays W.C. Handy,,12,,
Y:\Louis Armstrong\Louis Armstrong - Satch Plays Fats (1955),Louis Armstrong,Satch Plays Fats,,9,,
Y:\Louis Armstrong\Louis Armstrong - Satchmo At Symphony Hall (2012),Louis Armstrong,Satchmo At Symphony Hall [CD 1],Blues,29,,
Y:\Louis Armstrong\Louis Armstrong - The Complete Hot Five And Hot Seven Recordings (2000),Louis Armstrong,The Complete Hot Five And Hot Seven Recordings [CD 1],Blues,93,,
Y:\Louis Armstrong\Louis Armstrong - The Great Chicago Concert (1956),Louis Armstrong,The Great Chicago Concert (disc 1),,26,,
Y:\Louis Armstrong\Louis Armstrong - What a Wonderful Christmas (2000),Louis Armstrong,What a Wonderful Christmas,,14,,
Y:\All Stars\All Stars - Louis Armstrong (2009),"Louis Armstrong, All Stars",Satchmo At Pasadena (1951),,10,,
Y:\Duke Ellington\Duke Ellington - Louis Armstrong (1961),"Louis Armstrong, Duke Ellington",Louis Armstrong Meets Duke Ellington,Jazz,17,,
Y:\Louis Armstrong\Louis Armstrong - His All-Stars (1956),"Louis Armstrong, His All-Stars","Ambassador Satch (Remastered, 2009)",,13,,
Y:\Oscar Peterson\Oscar Peterson - Louis Armstrong (1957),"Louis Armstrong, Oscar Peterson",Louis Armstrong Meets Oscar Peterson,,16,,
Y:\Louvin Brothers\Louvin Brothers - Tragic Songs Of Life (1956),Louvin Brothers,Tragic Songs Of Life,,12,Rock,
Y:\Love\Love - Da Capo (1967),Love,Da Capo,,7,Rock,
"Y:\Love\Love - Forever Changes - Deluxe Edition (2001, Remaster) (1967)",Love,"Forever Changes - Deluxe Edition (2001, Remaster)",Blues,18,Rock,
Y:\Love\Love - Love (1966),Love,Love,,14,Rock,
Y:\Love\Love - Love Story (1966-1972)(1995),Love,Love Story: 1966-1972 (Disc 1),Rock,44,Rock,
Y:\Lovin' Spoonful\Lovin' Spoonful - Daydream (1966),Lovin' Spoonful,Daydream,,17,Rock,
Y:\Lovin' Spoonful\Lovin' Spoonful - Do You Believe In Magic (2011),Lovin' Spoonful,"Original Album Classics (5CD, Box Set) [CD 1]: 1965, Do You Believe In Magic",,17,Rock,
Y:\Low\Low - Ones And Sixes (2015),Low,Ones and Sixes,,12,Rock,
Y:\Low\Low - Things We Lost In The Fire (2001),Low,Things We Lost In The Fire,,13,Rock,
Y:\Lowell Fulson\Lowell Fulson - the Four Blazes (2010),Lowell Fulson,ABC of the Blues [52-CD Box Set] [CD 11],,20,Blues,
Y:\Lowell George\Lowell George - Thanks I'll Eat It Here (1979),Lowell George,Thanks I'll Eat It Here,,10,,
Y:\Luciano Pavarotti\Luciano Pavarotti - Classical Treasures The Great Luciano Pavarotti (1997),Luciano Pavarotti,Classical Treasures: The Great Luciano Pavarotti,,18,,
Y:\Luciano Pavarotti\Luciano Pavarotti - O Holy Night (Special Edition) (2005),Luciano Pavarotti,O Holy Night (Special Edition),,17,,
Y:\Lucius\Lucius - Good Grief (Deluxe Edition) (2016),Lucius,Good Grief (Deluxe),Alternative,17,,
Y:\Lucky Thompson\Lucky Thompson - Dave Pochonet (1956),"Lucky Thompson, Dave Pochonet",Jazz In Paris [Box Set] [CD 73]: Lucky Thompson With Dave Pochonet All Stars,,9,Jazz,
Y:\Lynyrd Skynyrd\Greatest Hits (2008-08-18),Lynyrd Skynyrd,Greatest Hits,Rock,8,Rock,
Y:\Lynyrd Skynyrd\Karaoke in the Style of Lynyrd Skynyrd (1973),Lynyrd Skynyrd,Karaoke in the Style of Lynyrd Skynyrd,Rock,1,Rock,
Y:\Lynyrd Skynyrd\Karaoke in the Style of Lynyrd Skynyrd (2008),Lynyrd Skynyrd,Karaoke in the Style of Lynyrd Skynyrd,Rock,2,Rock,
Y:\_Untagged\Lynyrd Skynyrd Greatest Hits (1973),Lynyrd Skynyrd,Lynyrd Skynyrd Greatest Hits,Rock,2,Rock,
Y:\_Untagged\Lynyrd Skynyrd Greatest Hits (1974),Lynyrd Skynyrd,Lynyrd Skynyrd Greatest Hits,Rock,3,Rock,
Y:\MIA\MIA. - AIM (Deluxe Edition) (2016),M.I.A,AIM (Deluxe Edition),Alternative Hip-Hop,17,Hip Hop,
Y:\MIA\MIA. - Arular (2005),M.I.A.,Arular,,13,Hip Hop,
Y:\MIA\MIA. - Matangi (2013),M.I.A.,Matangi,,15,Hip Hop,
Y:\MIA\MIA. - Maya (2010),M.I.A.,Maya,,16,Hip Hop,
Y:\Mac Demarco\Mac Demarco - This Old Dog (2017),Mac DeMarco,This Old Dog,Indie Rock / Jangle Pop / Lo-Fi,13,Rock,
Y:\Compilations\Various Artists - DJ-Kicks Maceo Plex (2013),Maceo Plex,DJ-Kicks: Maceo Plex,,18,Electronic,
Y:\Madness\Madness - 7(1981),Madness,7,,13,Rock,
Y:\Madness\Madness - Absolutely(1980),Madness,Absolutely,,14,Rock,
Y:\Madness\Madness - Forever Young The Ska Collection (2012),Madness,Forever Young: The Ska Collection,,24,Rock,
Y:\Madness\Madness - Keep Moving(1984),Madness,Keep Moving,,12,Rock,
Y:\Madness\Madness - One Step Beyond...(1979),Madness,One Step Beyond...,Ska,15,Rock,
Y:\Madness\Madness - The Rise and Fall(1982),Madness,The Rise and Fall,,13,Rock,
Y:\Madonna\Madonna - Madonna (1983),Madonna,Madonna,Pop,8,Rock,
Y:\Madonna\Madonna - The Immaculate Collection (Remastered) (2011),Madonna,The Immaculate Collection (Remastered),,17,Rock,
"Y:\Magazine\Magazine - Real Life (Remastered, 2007) (1978)",Magazine,"Real Life (Remastered, 2007)",,13,Rock,
Y:\Prins Thomas\Prins Thomas - Various Artists (2014),Magnus international,10 Years Of Full Pupp 2004-2014,,32,Electronic,
Y:\Mama Cass\Mama Cass - Dream A Little Dream Of Me (1970),Mama Cass,Dream A Little Dream Of Me,,17,Rock,
"Y:\Mama Cass Elliot\Mama Cass Elliot - Bubble Gum, Lemonade & Something for Mama (1969)",Mama Cass Elliot,"Bubble Gum, Lemonade & Something for Mama",,12,Rock,
Y:\Manic Street Preachers\Manic Street Preachers - The Holy Bible(1994),Manic Street Preachers,The Holy Bible,,13,Rock,
Y:\Compilations\Various Artists - The Hacienda Acid House Classics Compiled and Mixed By Peter Hook (2CD) (2009),Manray,The Hacienda Acid House Classics Compiled and Mixed By Peter Hook (2CD),,26,,
Y:\Manu Chao\Manu Chao - Próxima Estación... Esperanza(2001),Manu Chao,Próxima Estación... Esperanza,,18,Rock,
Y:\Manu Dibango\Manu Dibango - The Rough Guide (2004),Manu Dibango,The Rough Guide,,13,,
Y:\Compilations\Various Artists - Fabric 77 Marcel Dettmann (2014),Marcel Dettmann,Fabric 77 (Cat #: Fabric - FABRIC153),,19,,
Y:\Marcia Ball\Marcia Ball - The Tattooed Lady And The Alligator Man (2014),Marcia Ball,The Tattooed Lady And The Alligator Man,Blues,12,,
Y:\Marcia Griffiths\Marcia Griffiths - Naturally (1978),Marcia Griffiths,Naturally,Reggae,10,,
Y:\Maria Minerva\Maria Minerva - Will Happiness Find Me (2012),Maria Minerva,Will Happiness Find Me?,,11,,
Y:\Maria-Joгo Pires\Maria-Joгo Pires - Mozart   Great Piano Concertos (2008),Maria-Joгo Pires,Mozart  : Great Piano Concertos,,36,,
Y:\Marianne Faithfull\Marianne Faithfull - It's All Over Now Baby Blue (2000),Marianne Faithfull,It's All Over Now Baby Blue,"Pop-Rock, Contemporary Folk, Baroque Pop, Singer/Songwriter",20,Rock,
Y:\Marianne Faithfull\Marianne Faithfull - It_s All Over Now Baby Blue(2000),Marianne Faithfull,It's All Over Now Baby Blue,"Pop-Rock, Contemporary Folk, Baroque Pop, Singer/Songwriter",20,Rock,
"Y:\Marianne Faithfull\Marianne Faithfull - Marianne Faithfull (1989, Remaster) (1965)",Marianne Faithfull,Marianne Faithfull,"Pop-Rock, Contemporary Folk, Baroque Pop, Singer/Songwriter",20,Rock,
Y:\Mariano Yanani\Mariano Yanani - Babies Go Bach (2003),Mariano Yanani,Babies Go Bach,,15,,
Y:\Marie Davidson\Marie Davidson - Working Class Woman (2018),Marie Davidson,Working Class Woman,Blues,10,,
Y:\Compilations\Various Artists - The Rough Guide to African Blues (2007),Mariem Hassan,The Rough Guide to African Blues,,14,,
Y:\Fall\Fall - Mark E Smith (1998),Mark E.Smith,The Post Nearly Man,,14,,
Y:\Mark Pritchard\Mark Pritchard - Under The Sun (2016),Mark Pritchard,Under The Sun,Ambient / Abstract / Hip-Hop / Electronic,16,,
Y:\Martin Courtney\Martin Courtney - Many Moons (2015),Martin Courtney,Many Moons,Blues,10,,
Y:\Marvin Gaye\Marvin Gaye - How Sweet It Is To Be Loved By You(1965),Marvin Gaye,How Sweet It Is To Be Loved By You,Soul,12,,
Y:\Marvin Gaye\Marvin Gaye - I Heard It Through The Grapevine!(1968),Marvin Gaye,I Heard It Through The Grapevine!,,12,,
Y:\Marvin Gaye\Marvin Gaye - That Stubborn Kinda_ Fellow(1963),Marvin Gaye,That Stubborn Kinda' Fellow,,10,,
Y:\Marvin Gaye\Marvin Gaye - The Soulful Moods of Marvin Gaye(1961),Marvin Gaye,The Soulful Moods of Marvin Gaye,Soul,11,,
Y:\Marvin Gaye\Marvin Gaye - What_s Going On(1971),Marvin Gaye,What's Going On,,9,,
"Y:\Massive Attack\Massive Attack - Blue Lines (2012, Remastered) (1991)",Massive Attack,"Blue Lines (2012, Remastered)",,9,,
Y:\Massive Attack\Massive Attack - Mezzanine (1998),Massive Attack,Mezzanine,Blues,11,,
Y:\Masters at Work\The Album (1993),Masters at Work,The Album,,12,,
Y:\Matana Roberts\Matana Roberts - Coin Coin Chapter One Gens De Couleur Libres (2011),Matana Roberts,Coin Coin Chapter One: Gens De Couleur Libres,,8,,
Y:\Matana Roberts\Matana Roberts - Coin Coin Chapter Three River Run Thee (2015),Matana Roberts,Coin Coin Chapter Three: River Run Thee,Jazz,12,,
Y:\Matana Roberts\Matana Roberts - Coin Coin Chapter Two Mississippi Moonchile (2013),Matana Roberts,Coin Coin Chapter Two: Mississippi Moonchile,,18,,
Y:\David S. Ware\David S. Ware - Matthew Shipp Duo (2016),"Matthew Shipp Duo, David S. Ware","Live In Sant'Anna Arresi, 2004",Blues,3,,
Y:\Matty\Matty - Dejavu (2018),Matty,Déjàvu,,9,,
Y:\Maurizio Pollini\Maurizio Pollini - Beethoven Diabelli Variationen (2000),Maurizio Pollini,Beethoven Diabelli Variationen,,34,,
Y:\Max Richter\Max Richter - 24 Postcards In Full Colour (2008),Max Richter,24 Postcards In Full Colour,,24,,
Y:\Max Richter\Max Richter - From Sleep (2015),Max Richter,From Sleep,Blues,7,,
Y:\Max Richter\Max Richter - Infra (2010),Max Richter,Infra,Electronic,13,,
Y:\Max Richter\Max Richter - Recomposed By Max Richter Vivaldi - The Four Seasons (2012),Max Richter,Recomposed By Max Richter: Vivaldi - The Four Seasons,,13,,
Y:\Max Richter\Max Richter - Songs From Before (2006),Max Richter,Songs From Before,,12,,
Y:\Max Tundra\Max Tundra - Mastered By Guy At The Exchang (2002),Max Tundra,Mastered By Guy At The Exchang,,12,,
Y:\Max Tundra\Max Tundra - Parallax Error Beheads You (2008),Max Tundra,Parallax Error Beheads You,,10,,
Y:\Mbongwana Star\Mbongwana Star - From Kinshasa (2015),Mbongwana Star,From Kinshasa,Africa - Congo,10,,
Y:\Mc5\Mc5 - Back in the Usa (1970),Mc5,Back in the Usa,,11,,
Y:\Mc5\Mc5 - Kick Out the Jams (1969),Mc5,Kick Out the Jams,,8,,
Y:\the Heliocentrics\the Heliocentrics - Melvin Van Peebles (2014),"Melvin Van Peebles, the Heliocentrics",The Last Transmission,,12,,
Y:\Memphis Minnie\Memphis Minnie - Big Maybelle (2010),Memphis Minnie,ABC of the Blues [52-CD Box Set]  [CD 29],,20,Blues,
Y:\Memphis Slim\Memphis Slim - Tommy McClennan (2010),Memphis Slim,ABC of the Blues [52-CD Box Set]  [CD 32],,20,Blues,
Y:\Willie Dixon\Willie Dixon - Memphis Slim (1962),"Memphis Slim, Willie Dixon",Jazz In Paris [Box Set] [CD 36]: Aux Trois Mailletz,,13,Jazz,
Y:\Menswear\Daydreamer (1995),Menswear,Daydreamer,,2,,
Y:\Menswear\Daydreamer (1995-06-19),Menswear,Daydreamer,,1,,
Y:\Mental As Anything\Mental As Anything - Fundamental As Anything(1985),Mental As Anything,Fundamental As Anything,,11,,
Y:\Mercury Rev\Mercury Rev - All Is Dream (2001),Mercury Rev,All Is Dream,Blues,10,Rock,
Y:\Mercury Rev\Mercury Rev - Deserter_s Songs(1998),Mercury Rev,Deserter's Songs,Rock,11,Rock,
Y:\Mercury Rev\Mercury Rev - See You On The Other Side (1995),Mercury Rev,See You On The Other Side,,8,Rock,
Y:\Mercury Rev\Mercury Rev - Snowflake Midnight (2008),Mercury Rev,Snowflake Midnight,,9,Rock,
Y:\Mercury Rev\Mercury Rev - Strange Attractor (2008),Mercury Rev,Strange Attractor,Electronica/Dance,11,Rock,
Y:\Mercury Rev\Mercury Rev - The Light In You (2015),Mercury Rev,The Light In You,Indie,11,Rock,
Y:\Mercury Rev\Mercury Rev - The Secret Migration (2005),Mercury Rev,The Secret Migration,Blues,13,Rock,
Y:\Mercury Rev\Mercury Rev - Yerself Is Steam (1991),Mercury Rev,Yerself Is Steam,Blues,8,Rock,
Y:\Meredith Monk\Meredith Monk - Dolmen Music (1981),Meredith Monk,Dolmen Music,Blues,5,Rock,
Y:\Merle Haggard\Merle Haggard - I'm A Lonesome Fugitive (1967),Merle Haggard,I'm A Lonesome Fugitive,,12,Rock,
Y:\Merle Haggard\Merle Haggard - Mama Tried (1968),Merle Haggard,Mama Tried,Country,12,Rock,
Y:\Merle Haggard\Merle Haggard - Someday We'll Look Back (1971),Merle Haggard,Someday We'll Look Back,,11,Rock,
Y:\Merle Haggard\Merle Haggard - Strangers (1965),Merle Haggard,Strangers,,12,Rock,
Y:\Merle Haggard\Merle Haggard - Swinging Doors (1966),Merle Haggard,Swinging Doors,,12,Rock,
Y:\Merle Haggard\Merle Haggard - The Legend Of Bonnie And Clyde (1968),Merle Haggard,The Legend Of Bonnie And Clyde,,11,Rock,
Y:\MGMT\MGMT - Congratulations(2010),MGMT,Congratulations,,9,Rock,
Y:\MGMT\MGMT - MGMT(2013),MGMT,MGMT,,10,Rock,
Y:\MGMT\MGMT - Oracular Spectacular (2008),MGMT,Oracular Spectacular,,10,Rock,
Y:\Michael Armstrong\Michael Armstrong - Rockabye Baby Lullaby Renditions Of Radiohead (2006),Michael Armstrong,Rockabye Baby: Lullaby Renditions Of Radiohead,,11,,
Y:\Michael Armstrong\Michael Armstrong - Rockabye Baby Lullaby Renditions Of The Beatles (2007),Michael Armstrong,Rockabye Baby: Lullaby Renditions Of The Beatles,,12,,
Y:\Michael Jackson\Michael Jackson - Bad(1987),Michael Jackson,Bad,,11,Rock,
Y:\Michael Jackson\Michael Jackson - Ben(1972),Michael Jackson,Ben,,10,Rock,
Y:\Michael Jackson\Michael Jackson - Forever_ Michael(1975),Michael Jackson,"Forever, Michael",,10,Rock,
Y:\Michael Jackson\Michael Jackson - Got To Be There(1972),Michael Jackson,Got To Be There,,10,Rock,
Y:\Michael Jackson\Michael Jackson - History Continues (1995),Michael Jackson,History Continues,,15,Rock,
Y:\Compilations\Various Artists - I Love 80s (2013),Michael Jackson,I Love 80s [CD 1],,38,Rock,
Y:\Compilations\Various Artists - I Love 80s(2013),Michael Jackson,I Love 80s [CD 1],,38,Rock,
Y:\Compilations\Various Artists - I Love 80s(2013) (1),Michael Jackson,I Love 80s [CD 1],,38,Rock,
Y:\Michael Jackson\Michael Jackson - Off The Wall (1979),Michael Jackson,Off The Wall,,10,Rock,
Y:\Michael Jackson\Michael Jackson - Thriller(1982),Michael Jackson,Thriller,,9,Rock,
Y:\Michel Petrucciani\Michel Petrucciani - Estate (1982),Michel Petrucciani Trio,Estate,Jazz,7,Rock,
Y:\Miguel Migs\Miguel Migs - Various Artists (2012),Miguel Migs feat. Aya,House Masters [CD 1],,22,,
"Y:\Miles Davis - Full Discography Mp3 320 kbps Pack 1\1.1 Studio albums - Prestige-Debut, 1945–1961\1953 Four @320",Mile Davis Quartet,Four,Jazz,16,,
Y:\Compilations\Various Artists - 100 Best Of Blue Note (2010),Miles Davis,100 Best Of Blue Note,,100,Jazz,
"Y:\Miles Davis - Full Discography Mp3 320 kbps Pack 1\1.2 Studio albums - Columbia, 1955–1974\1958 1958 Miles @320",Miles Davis,1958 Miles,,6,Jazz,
Y:\Lee Scratch Perry\Miles Davis\Miles Davis - Full Discography Mp3 320 kbps Pack 2\2 Live albums\1969 Festival de Juan Pins @320,Miles Davis,1969 Miles - Festiva de Juan Pins,jazz,7,Jazz,
Y:\Miles Davis - Full Discography Mp3 320 kbps Pack 2\2 Live albums\1969 Festival de Juan Pins @320,Miles Davis,1969 Miles - Festiva de Juan Pins,jazz,7,Jazz,
Y:\Lee Scratch Perry\Miles Davis\Miles Davis - Full Discography Mp3 320 kbps Pack 2\2 Live albums\1975 New York July-1-1975 @320,Miles Davis,1975 New York July-1-1975,,9,Jazz,
Y:\Miles Davis - Full Discography Mp3 320 kbps Pack 2\2 Live albums\1975 New York July-1-1975 @320,Miles Davis,1975 New York July-1-1975,,9,Jazz,
"Y:\Miles Davis - Full Discography Mp3 320 kbps Pack 1\1.2 Studio albums - Columbia, 1955–1974\1971 A Tribute To Jack Johnson @320",Miles Davis,A Tribute To Jack Johnson,,2,Jazz,
Y:\Lee Scratch Perry\Miles Davis\Miles Davis - Full Discography Mp3 320 kbps Pack 2\2 Live albums\1975 Agharta (2 CD) @320\CD1,Miles Davis,Agharta,,4,Jazz,
Y:\Miles Davis - Full Discography Mp3 320 kbps Pack 2\2 Live albums\1975 Agharta (2 CD) @320\CD1,Miles Davis,Agharta,,4,Jazz,
Y:\Lee Scratch Perry\Miles Davis\Miles Davis - Full Discography Mp3 320 kbps Pack 2\2 Live albums\1975 Agharta (2 CD) @320\CD2,Miles Davis,Agharta (Disc 2),,2,Jazz,
Y:\Miles Davis - Full Discography Mp3 320 kbps Pack 2\2 Live albums\1975 Agharta (2 CD) @320\CD2,Miles Davis,Agharta (Disc 2),,2,Jazz,
Y:\Lee Scratch Perry\Miles Davis\Miles Davis - Agharta (1975),Miles Davis,Agharta [CD 1],,4,Jazz,
"Y:\Lee Scratch Perry\Miles Davis\Miles Davis - Full Discography Mp3 320 kbps Pack 2\1.3 Studio albums - Columbia Warner Bros., 1981–1991\1989 Amandla @320",Miles Davis,Amandla,Jazz,8,Jazz,
"Y:\Miles Davis - Full Discography Mp3 320 kbps Pack 2\1.3 Studio albums - Columbia Warner Bros., 1981–1991\1989 Amandla @320",Miles Davis,Amandla,Jazz,8,Jazz,
Y:\Lee Scratch Perry\Miles Davis\Miles Davis - Full Discography Mp3 320 kbps Pack 2\2 Live albums\1957 Amsterdam Concert (Lonehill) @320,Miles Davis,Amsterdam Concert,Jazz,10,Jazz,
Y:\Miles Davis - Full Discography Mp3 320 kbps Pack 2\2 Live albums\1957 Amsterdam Concert (Lonehill) @320,Miles Davis,Amsterdam Concert,Jazz,10,Jazz,
Y:\Lee Scratch Perry\Miles Davis\Miles Davis - Full Discography Mp3 320 kbps Pack 2\2 Live albums\1973 Another Bitches Brew (2 CD 1971-1973) @320,Miles Davis,Another Bitches Brew,,2,Jazz,
Y:\Miles Davis - Full Discography Mp3 320 kbps Pack 2\2 Live albums\1973 Another Bitches Brew (2 CD 1971-1973) @320,Miles Davis,Another Bitches Brew,,2,Jazz,
"Y:\Miles Davis - Full Discography Mp3 320 kbps Pack 1\1.2 Studio albums - Columbia, 1955–1974\1959 Another Tracks of Kind of Blue @320",Miles Davis,"Another Tracks Of ""Kind Of Blue""",Jazz,2,Jazz,
Y:\Lee Scratch Perry\Miles Davis\Miles Davis - Full Discography Mp3 320 kbps Pack 2\4 Soundtracks\1957 Lift To The Scaffold @320,Miles Davis,Ascenseur pour l'echafaud,,26,Jazz,
Y:\Miles Davis - Full Discography Mp3 320 kbps Pack 2\4 Soundtracks\1957 Lift To The Scaffold @320,Miles Davis,Ascenseur pour l'echafaud,,26,Jazz,
Y:\Lee Scratch Perry\Miles Davis\Miles Davis - Full Discography Mp3 320 kbps Pack 2\4 Soundtracks\1958 Ascenseur Pour L'Echafaud (Jazz in Paris) @320,Miles Davis,Ascenseur Pour L'Echafaud,Jazz,26,Jazz,
Y:\Miles Davis - Full Discography Mp3 320 kbps Pack 2\4 Soundtracks\1958 Ascenseur Pour L'Echafaud (Jazz in Paris) @320,Miles Davis,Ascenseur Pour L'Echafaud,Jazz,26,Jazz,
Y:\Lee Scratch Perry\Miles Davis\Miles Davis - Full Discography Mp3 320 kbps Pack 2\2 Live albums\1961 At Carnegie Hall (2 CD) @320\CD1,Miles Davis,At Carnegie Hall (Disc 1),,6,Jazz,
Y:\Miles Davis - Full Discography Mp3 320 kbps Pack 2\2 Live albums\1961 At Carnegie Hall (2 CD) @320\CD1,Miles Davis,At Carnegie Hall (Disc 1),,6,Jazz,
Y:\Lee Scratch Perry\Miles Davis\Miles Davis - Full Discography Mp3 320 kbps Pack 2\2 Live albums\1961 At Carnegie Hall (2 CD) @320\CD2,Miles Davis,At Carnegie Hall (Disc 2),,5,Jazz,
Y:\Miles Davis - Full Discography Mp3 320 kbps Pack 2\2 Live albums\1961 At Carnegie Hall (2 CD) @320\CD2,Miles Davis,At Carnegie Hall (Disc 2),,5,Jazz,
Y:\Lee Scratch Perry\Miles Davis\Miles Davis - Full Discography Mp3 320 kbps Pack 2\2 Live albums\1970 Live At Fillmore (2 CD) @320\CD1,Miles Davis,At Fillmore (Disc 1),,8,Jazz,
Y:\Miles Davis - Full Discography Mp3 320 kbps Pack 2\2 Live albums\1970 Live At Fillmore (2 CD) @320\CD1,Miles Davis,At Fillmore (Disc 1),,8,Jazz,
Y:\Lee Scratch Perry\Miles Davis\Miles Davis - Full Discography Mp3 320 kbps Pack 2\2 Live albums\1970 Live At Fillmore (2 CD) @320\CD2,Miles Davis,At Fillmore (Disc 2),,9,Jazz,
Y:\Miles Davis - Full Discography Mp3 320 kbps Pack 2\2 Live albums\1970 Live At Fillmore (2 CD) @320\CD2,Miles Davis,At Fillmore (Disc 2),,9,Jazz,
Y:\Lee Scratch Perry\Miles Davis\Miles Davis - Full Discography Mp3 320 kbps Pack 2\2 Live albums\1970 At Fillmore West Black Beauty (2 CD) @320\CD1,Miles Davis,At Fillmore West Black Beauty (Disc 1),,6,Jazz,
Y:\Miles Davis - Full Discography Mp3 320 kbps Pack 2\2 Live albums\1970 At Fillmore West Black Beauty (2 CD) @320\CD1,Miles Davis,At Fillmore West Black Beauty (Disc 1),,6,Jazz,
Y:\Lee Scratch Perry\Miles Davis\Miles Davis - Full Discography Mp3 320 kbps Pack 2\2 Live albums\1970 At Fillmore West Black Beauty (2 CD) @320\CD2,Miles Davis,At Fillmore West Black Beauty (Disc 2),,3,Jazz,
Y:\Miles Davis - Full Discography Mp3 320 kbps Pack 2\2 Live albums\1970 At Fillmore West Black Beauty (2 CD) @320\CD2,Miles Davis,At Fillmore West Black Beauty (Disc 2),,3,Jazz,
Y:\Lee Scratch Perry\Miles Davis\Miles Davis - Full Discography Mp3 320 kbps Pack 2\2 Live albums\1958 Live At Newport 1958 @320,Miles Davis,At Newport 1958,,7,Jazz,
Y:\Miles Davis - Full Discography Mp3 320 kbps Pack 2\2 Live albums\1958 Live At Newport 1958 @320,Miles Davis,At Newport 1958,,7,Jazz,
Y:\Lee Scratch Perry\Miles Davis\Miles Davis - Full Discography Mp3 320 kbps Pack 2\2 Live albums\1965 At Plugged Nickel Chicago (2 CD) @320\CD1,Miles Davis,"At Plugged Nickel, Chicago (Disc 1)",,5,Jazz,
Y:\Miles Davis - Full Discography Mp3 320 kbps Pack 2\2 Live albums\1965 At Plugged Nickel Chicago (2 CD) @320\CD1,Miles Davis,"At Plugged Nickel, Chicago (Disc 1)",,5,Jazz,
Y:\Lee Scratch Perry\Miles Davis\Miles Davis - Full Discography Mp3 320 kbps Pack 2\2 Live albums\1965 At Plugged Nickel Chicago (2 CD) @320\CD2,Miles Davis,"At Plugged Nickel, Chicago (Disc 2)",,5,Jazz,
Y:\Miles Davis - Full Discography Mp3 320 kbps Pack 2\2 Live albums\1965 At Plugged Nickel Chicago (2 CD) @320\CD2,Miles Davis,"At Plugged Nickel, Chicago (Disc 2)",,5,Jazz,
"Y:\Lee Scratch Perry\Miles Davis\Miles Davis - Full Discography Mp3 320 kbps Pack 2\1.3 Studio albums - Columbia Warner Bros., 1981–1991\1989 Aura @320",Miles Davis,Aura,,10,Jazz,
"Y:\Miles Davis - Full Discography Mp3 320 kbps Pack 2\1.3 Studio albums - Columbia Warner Bros., 1981–1991\1989 Aura @320",Miles Davis,Aura,,10,Jazz,
Y:\Miles Davis - Full Discography Mp3 320 kbps Pack 1\3 Compilations\1997 Autumn Leaves @320,Miles Davis,Autumn Leaves,Jazz,5,Jazz,
"Y:\Miles Davis - Full Discography Mp3 320 kbps Pack 1\1.1 Studio albums - Prestige-Debut, 1945–1961\1954 Bag's Groove @320",Miles Davis,Bags' Groove,Jazz,7,Jazz,
"Y:\Miles Davis - Full Discography Mp3 320 kbps Pack 1\1.2 Studio albums - Columbia, 1955–1974\1974 Big Fun (2 CD) @320\CD1",Miles Davis,Big Fun - Disc 1,,2,Jazz,
"Y:\Miles Davis - Full Discography Mp3 320 kbps Pack 1\1.2 Studio albums - Columbia, 1955–1974\1974 Big Fun (2 CD) @320\CD2",Miles Davis,Big Fun - Disc 2,Jazz,2,Jazz,
Y:\Lee Scratch Perry\Miles Davis\Miles Davis - Full Discography Mp3 320 kbps Pack 2\2 Live albums\1996 Birdland Sessions @320,Miles Davis,Birdland Sessions,,13,Jazz,
Y:\Miles Davis - Full Discography Mp3 320 kbps Pack 2\2 Live albums\1996 Birdland Sessions @320,Miles Davis,Birdland Sessions,,13,Jazz,
Y:\Miles Davis - Full Discography Mp3 320 kbps Pack 1\3 Compilations\1950 Birth Of The Cool (Great Sessions) @320,Miles Davis,Birth of The Cool,Jazz,12,Jazz,
"Y:\Miles Davis - Full Discography Mp3 320 kbps Pack 1\1.2 Studio albums - Columbia, 1955–1974\1969 Bitches Brew (40th Anniversary Legacy Edition 2 CD) @320\CD2",Miles Davis,Bitches Brew - 40th Anniversary Legacy Edition (Disc 1),Jazz,4,Jazz,
"Y:\Miles Davis - Full Discography Mp3 320 kbps Pack 1\1.2 Studio albums - Columbia, 1955–1974\1969 Bitches Brew (40th Anniversary Legacy Edition 2 CD) @320\CD1",Miles Davis,Bitches Brew - 40th Anniversary Legacy Edition (Disc 2),Jazz,8,Jazz,
Y:\Lee Scratch Perry\Miles Davis\Miles Davis - Full Discography Mp3 320 kbps Pack 2\2 Live albums\1970 Bitches Brew Live @320,Miles Davis,Bitches Brew Live,Jazz+Funk,9,Jazz,
Y:\Miles Davis - Full Discography Mp3 320 kbps Pack 2\2 Live albums\1970 Bitches Brew Live @320,Miles Davis,Bitches Brew Live,Jazz+Funk,9,Jazz,
Y:\Lee Scratch Perry\Miles Davis\Miles Davis - Full Discography Mp3 320 kbps Pack 2\2 Live albums\2001 Black Beauty At Fillmore West @320,Miles Davis,Black Beauty At Fillmore West,,2,Jazz,
Y:\Miles Davis - Full Discography Mp3 320 kbps Pack 2\2 Live albums\2001 Black Beauty At Fillmore West @320,Miles Davis,Black Beauty At Fillmore West,,2,Jazz,
Y:\Lee Scratch Perry\Miles Davis\Miles Davis - Blue Haze (1954),Miles Davis,Blue Haze,,8,Jazz,
"Y:\Miles Davis - Full Discography Mp3 320 kbps Pack 1\1.1 Studio albums - Prestige-Debut, 1945–1961\1953 Blue Haze @320",Miles Davis,Blue Haze,Jazz,8,Jazz,
"Y:\Miles Davis - Full Discography Mp3 320 kbps Pack 1\1.1 Studio albums - Prestige-Debut, 1945–1961\1954 Blue Haze @320",Miles Davis,Blue Haze,Jazz,8,Jazz,
"Y:\Miles Davis - Full Discography Mp3 320 kbps Pack 1\1.1 Studio albums - Prestige-Debut, 1945–1961\1955 Blue Moods @320",Miles Davis,Blue Moods,Jazz,4,Jazz,
Y:\Miles Davis - Full Discography Mp3 320 kbps Pack 1\3 Compilations\2001 Blue Moods @320,Miles Davis,Blue Moods,Jazz,12,Jazz,
Y:\Miles Davis - Full Discography Mp3 320 kbps Pack 1\3 Compilations\1957 Bluing - Miles Davis Plays The Blues 1951-56 @320,Miles Davis,Bluing:M.Davis Plays The Blues,Jazz,9,Jazz,
Y:\Lee Scratch Perry\Miles Davis\Miles Davis - Full Discography Mp3 320 kbps Pack 2\2 Live albums\2008 Broadcast Sessions 1958-1959 @320,Miles Davis,Broadcast Sessions 1958-1959,Jazz,10,Jazz,
Y:\Miles Davis - Full Discography Mp3 320 kbps Pack 2\2 Live albums\2008 Broadcast Sessions 1958-1959 @320,Miles Davis,Broadcast Sessions 1958-1959,Jazz,10,Jazz,
Y:\Miles Davis - Full Discography Mp3 320 kbps Pack 1\3 Compilations\1955 Circle In The Round (2 CD) @320\CD1,Miles Davis,Circle In The Round (Disc 1),,4,Jazz,
Y:\Miles Davis - Full Discography Mp3 320 kbps Pack 1\3 Compilations\1955 Circle In The Round (2 CD) @320\CD2,Miles Davis,Circle In The Round (Disc 2),,6,Jazz,
Y:\Lee Scratch Perry\Miles Davis\Miles Davis - Collectors' Items (1953),Miles Davis,Collectors' Items,,7,Jazz,
"Y:\Miles Davis - Full Discography Mp3 320 kbps Pack 1\1.1 Studio albums - Prestige-Debut, 1945–1961\1956 Collectors' Items @320",Miles Davis,Collectors' Items,Jazz,7,Jazz,
Y:\Miles Davis - Full Discography Mp3 320 kbps Pack 1\3 Compilations\1951 Conception @320,Miles Davis,Conception,Jazz,12,Jazz,
"Y:\Miles Davis - Full Discography Mp3 320 kbps Pack 1\1.1 Studio albums - Prestige-Debut, 1945–1961\1955 Cookin' @320",Miles Davis,Cookin',,6,Jazz,
Y:\Miles Davis - Full Discography Mp3 320 kbps Pack 1\3 Compilations\2006 Cool & Collected (The Very Best Of Miles Davis) @320,Miles Davis,Cool & Collected: The Very Best Of Miles Davis,Jazz,13,Jazz,
Y:\Lee Scratch Perry\Miles Davis\Miles Davis - Full Discography Mp3 320 kbps Pack 2\2 Live albums\1974 Dark Magus (Live At Carnegie Hall)(2 CD) @320\CD1,Miles Davis,Dark Magus (Disc 1),,4,Jazz,
Y:\Miles Davis - Full Discography Mp3 320 kbps Pack 2\2 Live albums\1974 Dark Magus (Live At Carnegie Hall)(2 CD) @320\CD1,Miles Davis,Dark Magus (Disc 1),,4,Jazz,
Y:\Lee Scratch Perry\Miles Davis\Miles Davis - Full Discography Mp3 320 kbps Pack 2\2 Live albums\1974 Dark Magus (Live At Carnegie Hall)(2 CD) @320\CD2,Miles Davis,Dark Magus (Disc 2),,4,Jazz,
Y:\Miles Davis - Full Discography Mp3 320 kbps Pack 2\2 Live albums\1974 Dark Magus (Live At Carnegie Hall)(2 CD) @320\CD2,Miles Davis,Dark Magus (Disc 2),,4,Jazz,
Y:\Lee Scratch Perry\Miles Davis\Miles Davis - Dark Magus (1974),Miles Davis,Dark Magus [CD 1],,8,Jazz,
"Y:\Lee Scratch Perry\Miles Davis\Miles Davis - Full Discography Mp3 320 kbps Pack 2\1.3 Studio albums - Columbia Warner Bros., 1981–1991\1984 Decoy @320",Miles Davis,Decoy,,7,Jazz,
"Y:\Miles Davis - Full Discography Mp3 320 kbps Pack 2\1.3 Studio albums - Columbia Warner Bros., 1981–1991\1984 Decoy @320",Miles Davis,Decoy,,7,Jazz,
"Y:\Miles Davis - Full Discography Mp3 320 kbps Pack 1\1.1 Studio albums - Prestige-Debut, 1945–1961\1951 Dig @320",Miles Davis,Dig,Jazz,7,Jazz,
Y:\Miles Davis - Full Discography Mp3 320 kbps Pack 1\3 Compilations\1981 Directions (Unreleased Recordings 1960-1970)(2 CD) @320\CD1,Miles Davis,Directions (Disc 1),,8,Jazz,
Y:\Miles Davis - Full Discography Mp3 320 kbps Pack 1\3 Compilations\1981 Directions (Unreleased Recordings 1960-1970)(2 CD) @320\CD2,Miles Davis,Directions (Disc 2),,4,Jazz,
"Y:\Lee Scratch Perry\Miles Davis\Miles Davis - Full Discography Mp3 320 kbps Pack 2\1.3 Studio albums - Columbia Warner Bros., 1981–1991\1991 Doo-bop @320",Miles Davis,Doo-bop,,9,Jazz,
"Y:\Miles Davis - Full Discography Mp3 320 kbps Pack 2\1.3 Studio albums - Columbia Warner Bros., 1981–1991\1991 Doo-bop @320",Miles Davis,Doo-bop,,9,Jazz,
"Y:\Miles Davis - Full Discography Mp3 320 kbps Pack 1\1.1 Studio albums - Prestige-Debut, 1945–1961\1952 Dr Jekyll @320",Miles Davis,Dr. Jekyll,Jazz,8,Jazz,
"Y:\Miles Davis - Full Discography Mp3 320 kbps Pack 1\1.2 Studio albums - Columbia, 1955–1974\1965 E S P @320",Miles Davis,E.S.P.,,7,Jazz,
Y:\Lee Scratch Perry\Miles Davis\Miles Davis - Full Discography Mp3 320 kbps Pack 2\2 Live albums\1960 En Concert avec Europe 1 Olympia (4 CD) @320\CD1,Miles Davis,En Concert avec Europe 1 Olympia (CD1),Jazz,3,Jazz,
Y:\Miles Davis - Full Discography Mp3 320 kbps Pack 2\2 Live albums\1960 En Concert avec Europe 1 Olympia (4 CD) @320\CD1,Miles Davis,En Concert avec Europe 1 Olympia (CD1),Jazz,3,Jazz,
Y:\Lee Scratch Perry\Miles Davis\Miles Davis - Full Discography Mp3 320 kbps Pack 2\2 Live albums\1960 En Concert avec Europe 1 Olympia (4 CD) @320\CD2,Miles Davis,En Concert avec Europe 1 Olympia (CD2),Jazz,5,Jazz,
Y:\Miles Davis - Full Discography Mp3 320 kbps Pack 2\2 Live albums\1960 En Concert avec Europe 1 Olympia (4 CD) @320\CD2,Miles Davis,En Concert avec Europe 1 Olympia (CD2),Jazz,5,Jazz,
Y:\Lee Scratch Perry\Miles Davis\Miles Davis - Full Discography Mp3 320 kbps Pack 2\2 Live albums\1960 En Concert avec Europe 1 Olympia (4 CD) @320\CD3,Miles Davis,En Concert avec Europe 1 Olympia (CD3),Jazz,7,Jazz,
Y:\Miles Davis - Full Discography Mp3 320 kbps Pack 2\2 Live albums\1960 En Concert avec Europe 1 Olympia (4 CD) @320\CD3,Miles Davis,En Concert avec Europe 1 Olympia (CD3),Jazz,7,Jazz,
Y:\Lee Scratch Perry\Miles Davis\Miles Davis - Full Discography Mp3 320 kbps Pack 2\2 Live albums\1960 En Concert avec Europe 1 Olympia (4 CD) @320\CD4,Miles Davis,En Concert avec Europe 1 Olympia (CD4),Jazz,7,Jazz,
Y:\Miles Davis - Full Discography Mp3 320 kbps Pack 2\2 Live albums\1960 En Concert avec Europe 1 Olympia (4 CD) @320\CD4,Miles Davis,En Concert avec Europe 1 Olympia (CD4),Jazz,7,Jazz,
Y:\Lee Scratch Perry\Miles Davis\Miles Davis - Full Discography Mp3 320 kbps Pack 2\2 Live albums\2006 European Tour '56 with The MJQ & Lester Young @320,Miles Davis,European Tour '56 with The MJQ & Lester Young,Jazz,14,Jazz,
Y:\Miles Davis - Full Discography Mp3 320 kbps Pack 2\2 Live albums\2006 European Tour '56 with The MJQ & Lester Young @320,Miles Davis,European Tour '56 with The MJQ & Lester Young,Jazz,14,Jazz,
"Y:\Miles Davis - Full Discography Mp3 320 kbps Pack 1\1.2 Studio albums - Columbia, 1955–1974\1969 Filles De Kilimanjaro @320",Miles Davis,Filles De Killimanjaro Remaster 2002,,6,Jazz,
"Y:\Miles Davis - Full Discography Mp3 320 kbps Pack 1\1.1 Studio albums - Prestige-Debut, 1945–1961\1990 First Miles 1945-47 (1992 Savoy-Japan) @320",Miles Davis,First Miles,Jazz,16,Jazz,
Y:\Lee Scratch Perry\Miles Davis\Miles Davis - Full Discography Mp3 320 kbps Pack 2\2 Live albums\1964 Four & More @320,Miles Davis,Four & More,,8,Jazz,
Y:\Miles Davis - Full Discography Mp3 320 kbps Pack 2\2 Live albums\1964 Four & More @320,Miles Davis,Four & More,,8,Jazz,
Y:\Lee Scratch Perry\Miles Davis\Miles Davis - Full Discography Mp3 320 kbps Pack 2\2 Live albums\1960 Free Trade Hall (2CD Live Archive) @320,Miles Davis,Free Trade Hall,,10,Jazz,
Y:\Miles Davis - Full Discography Mp3 320 kbps Pack 2\2 Live albums\1960 Free Trade Hall (2CD Live Archive) @320,Miles Davis,Free Trade Hall,,10,Jazz,
Y:\Lee Scratch Perry\Miles Davis\Miles Davis - Full Discography Mp3 320 kbps Pack 2\2 Live albums\1988 From His Last Concert In Avignon @320\CD1,Miles Davis,From His Last Concert In Avignon (disc 1/2),Jazz,5,Jazz,
Y:\Miles Davis - Full Discography Mp3 320 kbps Pack 2\2 Live albums\1988 From His Last Concert In Avignon @320\CD1,Miles Davis,From His Last Concert In Avignon (disc 1/2),Jazz,5,Jazz,
Y:\Lee Scratch Perry\Miles Davis\Miles Davis - Full Discography Mp3 320 kbps Pack 2\2 Live albums\1988 From His Last Concert In Avignon @320\CD2,Miles Davis,From His Last Concert In Avignon (disc 2/2),Jazz,6,Jazz,
Y:\Miles Davis - Full Discography Mp3 320 kbps Pack 2\2 Live albums\1988 From His Last Concert In Avignon @320\CD2,Miles Davis,From His Last Concert In Avignon (disc 2/2),Jazz,6,Jazz,
"Y:\Miles Davis - Full Discography Mp3 320 kbps Pack 1\1.2 Studio albums - Columbia, 1955–1974\1972 Get Up With It (2 CD) @320\CD1",Miles Davis,Get Up With It (Disc 1),,4,Jazz,
"Y:\Miles Davis - Full Discography Mp3 320 kbps Pack 1\1.2 Studio albums - Columbia, 1955–1974\1972 Get Up With It (2 CD) @320\CD2",Miles Davis,Get Up With It (Disc 2),,4,Jazz,
Y:\Lee Scratch Perry\Miles Davis\Miles Davis - Get Up With It (1972),Miles Davis,Get Up With It [CD 1],,8,Jazz,
Y:\Lee Scratch Perry\Miles Davis\Miles Davis - Full Discography Mp3 320 kbps Pack 2\2 Live albums\1960 Green Dolphin Street @320,Miles Davis,"Green Dolphin Street, Amsterdam (9 Apr)",Jazz,5,Jazz,
Y:\Miles Davis - Full Discography Mp3 320 kbps Pack 2\2 Live albums\1960 Green Dolphin Street @320,Miles Davis,"Green Dolphin Street, Amsterdam (9 Apr)",Jazz,5,Jazz,
"Y:\Miles Davis - Full Discography Mp3 320 kbps Pack 1\1.2 Studio albums - Columbia, 1955–1974\1969 In A Silent Way @320",Miles Davis,In A Silent Way,,2,Jazz,
Y:\Lee Scratch Perry\Miles Davis\Miles Davis - Full Discography Mp3 320 kbps Pack 2\2 Live albums\1972 In Concert (Live At Philharmonic Hall) (2 CD) @320\CD1,Miles Davis,In Concert (Disc 1),,4,Jazz,
Y:\Miles Davis - Full Discography Mp3 320 kbps Pack 2\2 Live albums\1972 In Concert (Live At Philharmonic Hall) (2 CD) @320\CD1,Miles Davis,In Concert (Disc 1),,4,Jazz,
Y:\Lee Scratch Perry\Miles Davis\Miles Davis - Full Discography Mp3 320 kbps Pack 2\2 Live albums\1972 In Concert (Live At Philharmonic Hall) (2 CD) @320\CD2,Miles Davis,In Concert (Disc 2),,2,Jazz,
Y:\Miles Davis - Full Discography Mp3 320 kbps Pack 2\2 Live albums\1972 In Concert (Live At Philharmonic Hall) (2 CD) @320\CD2,Miles Davis,In Concert (Disc 2),,2,Jazz,
Y:\Lee Scratch Perry\Miles Davis\Miles Davis - Full Discography Mp3 320 kbps Pack 2\2 Live albums\1964 In Europe @320,Miles Davis,In Europe,,7,Jazz,
Y:\Miles Davis - Full Discography Mp3 320 kbps Pack 2\2 Live albums\1964 In Europe @320,Miles Davis,In Europe,,7,Jazz,
Y:\Miles Davis - Full Discography Mp3 320 kbps Pack 1\5.1 Box sets - Compilation\2003 The Complete Blackhawk Sessions (4 CD) @320\CD1,Miles Davis,In Person - Friday Night At The Blackhawk (Vol 1 Disc 1),Jazz,7,Jazz,
Y:\Miles Davis - Full Discography Mp3 320 kbps Pack 1\5.1 Box sets - Compilation\2003 The Complete Blackhawk Sessions (4 CD) @320\CD2,Miles Davis,In Person - Friday Night at the Blackhawk (Volume 1 Disc 2),Jazz,6,Jazz,
Y:\Lee Scratch Perry\Miles Davis\Miles Davis - Full Discography Mp3 320 kbps Pack 2\5.2 Box sets - Limited edition\1961 In Person At The Blackhawk Friday Night (2 CD) @320\CD1,Miles Davis,In Person At The Blackhawk Friday Night (Disc 1),,7,Jazz,
Y:\Miles Davis - Full Discography Mp3 320 kbps Pack 2\5.2 Box sets - Limited edition\1961 In Person At The Blackhawk Friday Night (2 CD) @320\CD1,Miles Davis,In Person At The Blackhawk Friday Night (Disc 1),,7,Jazz,
Y:\Lee Scratch Perry\Miles Davis\Miles Davis - Full Discography Mp3 320 kbps Pack 2\5.2 Box sets - Limited edition\1961 In Person At The Blackhawk Friday Night (2 CD) @320\CD2,Miles Davis,In Person At The Blackhawk Friday Night (Disc 2),,6,Jazz,
Y:\Miles Davis - Full Discography Mp3 320 kbps Pack 2\5.2 Box sets - Limited edition\1961 In Person At The Blackhawk Friday Night (2 CD) @320\CD2,Miles Davis,In Person At The Blackhawk Friday Night (Disc 2),,6,Jazz,
Y:\Lee Scratch Perry\Miles Davis\Miles Davis - Full Discography Mp3 320 kbps Pack 2\5.2 Box sets - Limited edition\1961 In Person At The Blackhawk Saturday Night (2 CD) @320\CD1,Miles Davis,In Person At The Blackhawk Saturday Night (Disc 1),,8,Jazz,
Y:\Miles Davis - Full Discography Mp3 320 kbps Pack 2\5.2 Box sets - Limited edition\1961 In Person At The Blackhawk Saturday Night (2 CD) @320\CD1,Miles Davis,In Person At The Blackhawk Saturday Night (Disc 1),,8,Jazz,
Y:\Lee Scratch Perry\Miles Davis\Miles Davis - Full Discography Mp3 320 kbps Pack 2\5.2 Box sets - Limited edition\1961 In Person At The Blackhawk Saturday Night (2 CD) @320\CD2,Miles Davis,In Person At The Blackhawk Saturday Night (Disc 2),,8,Jazz,
Y:\Miles Davis - Full Discography Mp3 320 kbps Pack 2\5.2 Box sets - Limited edition\1961 In Person At The Blackhawk Saturday Night (2 CD) @320\CD2,Miles Davis,In Person At The Blackhawk Saturday Night (Disc 2),,8,Jazz,
Y:\Lee Scratch Perry\Miles Davis\Miles Davis - Full Discography Mp3 320 kbps Pack 2\5.2 Box sets - Limited edition\1961 Friday & Saturday Night At the Blackhawk (2 CD) @320,Miles Davis,In Person- Friday Night at the Blackhawk,jazz,12,Jazz,
Y:\Miles Davis - Full Discography Mp3 320 kbps Pack 2\5.2 Box sets - Limited edition\1961 Friday & Saturday Night At the Blackhawk (2 CD) @320,Miles Davis,In Person- Friday Night at the Blackhawk,jazz,12,Jazz,
Y:\Miles Davis - Full Discography Mp3 320 kbps Pack 1\5.1 Box sets - Compilation\2003 The Complete Blackhawk Sessions (4 CD) @320\CD3,Miles Davis,In Person Saturday Night At The Blackhawk (Disc One),Jazz,8,Jazz,
Y:\Lee Scratch Perry\Miles Davis\Miles Davis - Full Discography Mp3 320 kbps Pack 2\2 Live albums\1961 In Person at the Blackhawk (2 CD) @320\CD1 Friday Night,Miles Davis,"In Person, Friday Night At The Blackhawk, San Francisco, Volume 1",Jazz,6,Jazz,
Y:\Miles Davis - Full Discography Mp3 320 kbps Pack 2\2 Live albums\1961 In Person at the Blackhawk (2 CD) @320\CD1 Friday Night,Miles Davis,"In Person, Friday Night At The Blackhawk, San Francisco, Volume 1",Jazz,6,Jazz,
Y:\Lee Scratch Perry\Miles Davis\Miles Davis - Full Discography Mp3 320 kbps Pack 2\2 Live albums\1961 In Person at the Blackhawk (2 CD) @320\CD2 Saturday Night,Miles Davis,In Person: Saturday Night at the Blackhawk,Jazz,6,Jazz,
Y:\Miles Davis - Full Discography Mp3 320 kbps Pack 2\2 Live albums\1961 In Person at the Blackhawk (2 CD) @320\CD2 Saturday Night,Miles Davis,In Person: Saturday Night at the Blackhawk,Jazz,6,Jazz,
Y:\Lee Scratch Perry\Miles Davis\Miles Davis - Full Discography Mp3 320 kbps Pack 2\2 Live albums\1960 In Stockholm 1960 Complete (4 CD) @320\CD1,Miles Davis,In Stockholm 1960 Complete (CD1),Jazz,6,Jazz,
Y:\Miles Davis - Full Discography Mp3 320 kbps Pack 2\2 Live albums\1960 In Stockholm 1960 Complete (4 CD) @320\CD1,Miles Davis,In Stockholm 1960 Complete (CD1),Jazz,6,Jazz,
Y:\Lee Scratch Perry\Miles Davis\Miles Davis - Full Discography Mp3 320 kbps Pack 2\2 Live albums\1960 In Stockholm 1960 Complete (4 CD) @320\CD2,Miles Davis,In Stockholm 1960 Complete (CD2),Jazz,5,Jazz,
Y:\Miles Davis - Full Discography Mp3 320 kbps Pack 2\2 Live albums\1960 In Stockholm 1960 Complete (4 CD) @320\CD2,Miles Davis,In Stockholm 1960 Complete (CD2),Jazz,5,Jazz,
Y:\Lee Scratch Perry\Miles Davis\Miles Davis - Full Discography Mp3 320 kbps Pack 2\2 Live albums\1960 In Stockholm 1960 Complete (4 CD) @320\CD3,Miles Davis,In Stockholm 1960 Complete (CD3),Jazz,5,Jazz,
Y:\Miles Davis - Full Discography Mp3 320 kbps Pack 2\2 Live albums\1960 In Stockholm 1960 Complete (4 CD) @320\CD3,Miles Davis,In Stockholm 1960 Complete (CD3),Jazz,5,Jazz,
Y:\Lee Scratch Perry\Miles Davis\Miles Davis - Full Discography Mp3 320 kbps Pack 2\2 Live albums\1960 In Stockholm 1960 Complete (4 CD) @320\CD4,Miles Davis,In Stockholm 1960 Complete (CD4),Jazz,7,Jazz,
Y:\Miles Davis - Full Discography Mp3 320 kbps Pack 2\2 Live albums\1960 In Stockholm 1960 Complete (4 CD) @320\CD4,Miles Davis,In Stockholm 1960 Complete (CD4),Jazz,7,Jazz,
Y:\Lee Scratch Perry\Miles Davis\Miles Davis - Full Discography Mp3 320 kbps Pack 2\2 Live albums\1987 Isle Of Wight @320,Miles Davis,Isle Of Wight,,6,Jazz,
Y:\Miles Davis - Full Discography Mp3 320 kbps Pack 2\2 Live albums\1987 Isle Of Wight @320,Miles Davis,Isle Of Wight,,6,Jazz,
Y:\Lee Scratch Perry\Miles Davis\Miles Davis - Full Discography Mp3 320 kbps Pack 2\2 Live albums\1958 Jazz At The Plaza Vol 1 @320,Miles Davis,Jazz At The Plaza,,4,Jazz,
Y:\Miles Davis - Full Discography Mp3 320 kbps Pack 2\2 Live albums\1958 Jazz At The Plaza Vol 1 @320,Miles Davis,Jazz At The Plaza,,4,Jazz,
"Y:\Lee Scratch Perry\Miles Davis\Miles Davis - Jazz At The Plaza, Vol. I (2014, Remaster) (1958)",Miles Davis,"Jazz At The Plaza, Vol. I (2014, Remaster)",Blues,4,Jazz,
Y:\Miles Davis - Full Discography Mp3 320 kbps Pack 1\3 Compilations\2000 Ken Burns Jazz @320,Miles Davis,Ken Burns Jazz: The Definitive Miles Davis,Jazz,10,Jazz,
"Y:\Miles Davis - Full Discography Mp3 320 kbps Pack 1\1.2 Studio albums - Columbia, 1955–1974\1959 Kind of Blue (50th Anniversary, 2 CD) @320\CD1",Miles Davis,Kind of Blue: 50th Anniversary - CD 1,Jazz,15,Jazz,
"Y:\Miles Davis - Full Discography Mp3 320 kbps Pack 1\1.2 Studio albums - Columbia, 1955–1974\1959 Kind of Blue (50th Anniversary, 2 CD) @320\CD2",Miles Davis,Kind of Blue: 50th Anniversary Collector's Edition,Jazz,6,Jazz,
Y:\Miles Davis - Full Discography Mp3 320 kbps Pack 1\5.1 Box sets - Compilation\2006 The Complete Legendary Prestige Quintet Sessions (4 CD) @320\CD2,Miles Davis,Legendary Quintet Disc 2,Jazz,12,Jazz,
Y:\Lee Scratch Perry\Miles Davis\Miles Davis - Full Discography Mp3 320 kbps Pack 2\2 Live albums\1955 Live with John Coltrane @320,Miles Davis,Live (with John Coltrane),Jazz,7,Jazz,
Y:\Miles Davis - Full Discography Mp3 320 kbps Pack 2\2 Live albums\1955 Live with John Coltrane @320,Miles Davis,Live (with John Coltrane),Jazz,7,Jazz,
Y:\Lee Scratch Perry\Miles Davis\Miles Davis - Full Discography Mp3 320 kbps Pack 2\2 Live albums\1996 Live Around the world @320,Miles Davis,Live Around The World,Jazz,11,Jazz,
Y:\Miles Davis - Full Discography Mp3 320 kbps Pack 2\2 Live albums\1996 Live Around the world @320,Miles Davis,Live Around The World,Jazz,11,Jazz,
Y:\Lee Scratch Perry\Miles Davis\Miles Davis - Full Discography Mp3 320 kbps Pack 2\2 Live albums\1970 Live At The Fillmore East (March 7)(2 CD) @320\CD1,Miles Davis,"Live At The Fillmore East (March 7, 1970) (Disc 1)",,4,Jazz,
Y:\Miles Davis - Full Discography Mp3 320 kbps Pack 2\2 Live albums\1970 Live At The Fillmore East (March 7)(2 CD) @320\CD1,Miles Davis,"Live At The Fillmore East (March 7, 1970) (Disc 1)",,4,Jazz,
Y:\Lee Scratch Perry\Miles Davis\Miles Davis - Full Discography Mp3 320 kbps Pack 2\2 Live albums\1970 Live At The Fillmore East (March 7)(2 CD) @320\CD2,Miles Davis,"Live At The Fillmore East (March 7, 1970) (Disc 2)",,5,Jazz,
Y:\Miles Davis - Full Discography Mp3 320 kbps Pack 2\2 Live albums\1970 Live At The Fillmore East (March 7)(2 CD) @320\CD2,Miles Davis,"Live At The Fillmore East (March 7, 1970) (Disc 2)",,5,Jazz,
Y:\Lee Scratch Perry\Miles Davis\Miles Davis - Full Discography Mp3 320 kbps Pack 2\2 Live albums\1970 Live At The Hill Auditorium @320,Miles Davis,Live At The Hill Auditorium,Fusion,6,Jazz,
Y:\Miles Davis - Full Discography Mp3 320 kbps Pack 2\2 Live albums\1970 Live At The Hill Auditorium @320,Miles Davis,Live At The Hill Auditorium,Fusion,6,Jazz,
Y:\Lee Scratch Perry\Miles Davis\Miles Davis - Live at the Monterey Jazz Festival (1963),Miles Davis,Live at the Monterey Jazz Festival,,6,Jazz,
Y:\Lee Scratch Perry\Miles Davis\Miles Davis - Full Discography Mp3 320 kbps Pack 2\2 Live albums\1967 Live in Antwerp (28 Oct) @320,Miles Davis,Live in Antwerp (28 Oct) (stereo),Jazz,9,Jazz,
Y:\Miles Davis - Full Discography Mp3 320 kbps Pack 2\2 Live albums\1967 Live in Antwerp (28 Oct) @320,Miles Davis,Live in Antwerp (28 Oct) (stereo),Jazz,9,Jazz,
Y:\Lee Scratch Perry\Miles Davis\Miles Davis - Full Discography Mp3 320 kbps Pack 2\2 Live albums\1967 Live In Europe (Karlsruhe Germany November 7) @320,Miles Davis,"Live In Europe '67 (Karlsruhe, Germany, November 7, 1967)",,7,Jazz,
Y:\Miles Davis - Full Discography Mp3 320 kbps Pack 2\2 Live albums\1967 Live In Europe (Karlsruhe Germany November 7) @320,Miles Davis,"Live In Europe '67 (Karlsruhe, Germany, November 7, 1967)",,7,Jazz,
Y:\Lee Scratch Perry\Miles Davis\Miles Davis - Full Discography Mp3 320 kbps Pack 2\2 Live albums\1967 Live In Europe (Stockholm Sweden October 31) @320,Miles Davis,"Live In Europe '67 (Stockholm, Sweden, October 31, 1967)",,6,Jazz,
Y:\Miles Davis - Full Discography Mp3 320 kbps Pack 2\2 Live albums\1967 Live In Europe (Stockholm Sweden October 31) @320,Miles Davis,"Live In Europe '67 (Stockholm, Sweden, October 31, 1967)",,6,Jazz,
Y:\Lee Scratch Perry\Miles Davis\Miles Davis - Full Discography Mp3 320 kbps Pack 2\2 Live albums\1967 Live In Paris II @320,Miles Davis,Live in Paris (06 Nov) (stereo),Other,8,Jazz,
Y:\Miles Davis - Full Discography Mp3 320 kbps Pack 2\2 Live albums\1967 Live In Paris II @320,Miles Davis,Live in Paris (06 Nov) (stereo),Other,8,Jazz,
Y:\Lee Scratch Perry\Miles Davis\Miles Davis - Full Discography Mp3 320 kbps Pack 2\2 Live albums\1964 Live In Sindelfingen @320,Miles Davis,Live In Sindelfingen,Jazz,5,Jazz,
Y:\Miles Davis - Full Discography Mp3 320 kbps Pack 2\2 Live albums\1964 Live In Sindelfingen @320,Miles Davis,Live In Sindelfingen,Jazz,5,Jazz,
Y:\Lee Scratch Perry\Miles Davis\Miles Davis - Live In Tokyo 1975 (2015),Miles Davis,Live In Tokyo 1975 [CD 2],Blues,7,Jazz,
Y:\Lee Scratch Perry\Miles Davis\Miles Davis - Full Discography Mp3 320 kbps Pack 2\2 Live albums\1973 Live In Vienna @320,Miles Davis,Live In Vienna 1973,Jazz,6,Jazz,
Y:\Miles Davis - Full Discography Mp3 320 kbps Pack 2\2 Live albums\1973 Live In Vienna @320,Miles Davis,Live In Vienna 1973,Jazz,6,Jazz,
Y:\Lee Scratch Perry\Miles Davis\Miles Davis - Full Discography Mp3 320 kbps Pack 2\2 Live albums\1960 Live In Zurich @320,Miles Davis,Live In Zurich,Jazz,9,Jazz,
Y:\Miles Davis - Full Discography Mp3 320 kbps Pack 2\2 Live albums\1960 Live In Zurich @320,Miles Davis,Live In Zurich,Jazz,9,Jazz,
"Y:\Miles Davis - Full Discography Mp3 320 kbps Pack 1\1.2 Studio albums - Columbia, 1955–1974\1970 Live-Evil (2 CD) @320\CD1",Miles Davis,Live-Evil (Disc 1),,5,Jazz,
"Y:\Miles Davis - Full Discography Mp3 320 kbps Pack 1\1.2 Studio albums - Columbia, 1955–1974\1970 Live-Evil (2 CD) @320\CD2",Miles Davis,Live-Evil (Disc 2),,3,Jazz,
Y:\Miles Davis - Full Discography Mp3 320 kbps Pack 1\3 Compilations\1998 Friends @320,Miles Davis,Miles & Friends,Jazz,18,Jazz,
"Y:\Miles Davis - Full Discography Mp3 320 kbps Pack 1\1.2 Studio albums - Columbia, 1955–1974\1957 Miles Ahead @320",Miles Davis,Miles Ahead,,14,Jazz,
Y:\Lee Scratch Perry\Miles Davis\Miles Davis - Full Discography Mp3 320 kbps Pack 2\2 Live albums\1964 Miles In Tokyo @320,Miles Davis,Miles Davis   Miles In Tokyo,,7,Jazz,
Y:\Miles Davis - Full Discography Mp3 320 kbps Pack 2\2 Live albums\1964 Miles In Tokyo @320,Miles Davis,Miles Davis   Miles In Tokyo,,7,Jazz,
Y:\Miles Davis - Full Discography Mp3 320 kbps Pack 1\5.1 Box sets - Compilation\2004 Miles Davis & John Coltrane (6 CD) @320\CD1,Miles Davis,Miles Davis & John Coltrane CD1,Jazz,13,Jazz,
Y:\Miles Davis - Full Discography Mp3 320 kbps Pack 1\5.1 Box sets - Compilation\2004 Miles Davis & John Coltrane (6 CD) @320\CD4,Miles Davis,Miles Davis & John Coltrane CD4,Jazz,9,Jazz,
Y:\Miles Davis - Full Discography Mp3 320 kbps Pack 1\5.1 Box sets - Compilation\2004 Miles Davis & John Coltrane (6 CD) @320\CD5,Miles Davis,Miles Davis & John Coltrane CD5,Jazz,9,Jazz,
Y:\Lee Scratch Perry\Miles Davis\Miles Davis - Miles Davis And Horns (1953),Miles Davis,Miles Davis And Horns,,9,Jazz,
"Y:\Miles Davis - Full Discography Mp3 320 kbps Pack 1\1.1 Studio albums - Prestige-Debut, 1945–1961\1953 Miles Davis and Horns @320",Miles Davis,Miles Davis and Horns,Jazz,9,Jazz,
"Y:\Miles Davis - Full Discography Mp3 320 kbps Pack 1\1.1 Studio albums - Prestige-Debut, 1945–1961\1956 Miles Davis and The Modern Jazz Giants @320",Miles Davis,Miles Davis And The Modern Jazz Giants,Jazz,5,Jazz,
"Y:\Lee Scratch Perry\Miles Davis\Miles Davis - Miles Davis At Fillmore Live At The Fillmore East (1997, Remaster) (1970)",Miles Davis,"Miles Davis At Fillmore: Live At The Fillmore East (1997, Remaster) [CD 2]",,17,Jazz,
Y:\Lee Scratch Perry\Miles Davis\Miles Davis - Miles Davis In Europe (1963),Miles Davis,Miles Davis In Europe,,7,Jazz,
Y:\Lee Scratch Perry\Miles Davis\Miles Davis - Full Discography Mp3 320 kbps Pack 2\2 Live albums\1964 Miles In Berlin @320,Miles Davis,Miles In Berlin,,6,Jazz,
Y:\Miles Davis - Full Discography Mp3 320 kbps Pack 2\2 Live albums\1964 Miles In Berlin @320,Miles Davis,Miles In Berlin,,6,Jazz,
Y:\Lee Scratch Perry\Miles Davis\Miles Davis - Full Discography Mp3 320 kbps Pack 2\2 Live albums\1963 Miles in St Louis @320,Miles Davis,Miles in St. Louis,Jazz,4,Jazz,
Y:\Miles Davis - Full Discography Mp3 320 kbps Pack 2\2 Live albums\1963 Miles in St Louis @320,Miles Davis,Miles in St. Louis,Jazz,4,Jazz,
"Y:\Miles Davis - Full Discography Mp3 320 kbps Pack 1\1.2 Studio albums - Columbia, 1955–1974\1968 Miles In The Sky @320",Miles Davis,Miles In The Sky,,6,Jazz,
Y:\Lee Scratch Perry\Miles Davis\Miles Davis - Miles In Tokyo (1964),Miles Davis,Miles In Tokyo,,7,Jazz,
Y:\Lee Scratch Perry\Miles Davis\Miles Davis - Full Discography Mp3 320 kbps Pack 2\2 Live albums\1960 Coltrane And Beyond @320,Miles Davis,Miles LX Disc 2 Coltrane and Beyond,Jazz,7,Jazz,
Y:\Miles Davis - Full Discography Mp3 320 kbps Pack 2\2 Live albums\1960 Coltrane And Beyond @320,Miles Davis,Miles LX Disc 2 Coltrane and Beyond,Jazz,7,Jazz,
"Y:\Miles Davis - Full Discography Mp3 320 kbps Pack 1\1.2 Studio albums - Columbia, 1955–1974\1966 Miles Smiles @320",Miles Davis,Miles Smiles,,6,Jazz,
"Y:\Miles Davis - Full Discography Mp3 320 kbps Pack 1\1.2 Studio albums - Columbia, 1955–1974\1959 Milestones @320",Miles Davis,Milestones,,9,Jazz,
Y:\Lee Scratch Perry\Miles Davis\Miles Davis - More Music From The Legendary Carnegie Hall Concert (1961),Miles Davis,More Music From The Legendary Carnegie Hall Concert,Blues,5,Jazz,
Y:\Lee Scratch Perry\Miles Davis\Miles Davis - Full Discography Mp3 320 kbps Pack 2\2 Live albums\1988 Munich Concert (3 CD) @320\CD1,Miles Davis,Munich Concert,Fusion,6,Jazz,
Y:\Lee Scratch Perry\Miles Davis\Miles Davis - Full Discography Mp3 320 kbps Pack 2\2 Live albums\1988 Munich Concert (3 CD) @320\CD2,Miles Davis,Munich Concert,Fusion,5,Jazz,
Y:\Miles Davis - Full Discography Mp3 320 kbps Pack 2\2 Live albums\1988 Munich Concert (3 CD) @320\CD1,Miles Davis,Munich Concert,Fusion,6,Jazz,
Y:\Miles Davis - Full Discography Mp3 320 kbps Pack 2\2 Live albums\1988 Munich Concert (3 CD) @320\CD2,Miles Davis,Munich Concert,Fusion,5,Jazz,
Y:\Lee Scratch Perry\Miles Davis\Miles Davis - Full Discography Mp3 320 kbps Pack 2\2 Live albums\1988 Munich Concert (3 CD) @320\CD3,Miles Davis,Munich Concert,Jazz,5,Jazz,
Y:\Miles Davis - Full Discography Mp3 320 kbps Pack 2\2 Live albums\1988 Munich Concert (3 CD) @320\CD3,Miles Davis,Munich Concert,Jazz,5,Jazz,
Y:\Lee Scratch Perry\Miles Davis\Miles Davis - My Funny Valentine (Live in NY) (1964),Miles Davis,My Funny Valentine (Live in NY),,5,Jazz,
Y:\Lee Scratch Perry\Miles Davis\Miles Davis - Full Discography Mp3 320 kbps Pack 2\2 Live albums\1965 My Funny Valentine Miles Davis In Concert @320,Miles Davis,My Funny Valentine Miles Davis In Concert,,5,Jazz,
Y:\Miles Davis - Full Discography Mp3 320 kbps Pack 2\2 Live albums\1965 My Funny Valentine Miles Davis In Concert @320,Miles Davis,My Funny Valentine Miles Davis In Concert,,5,Jazz,
"Y:\Miles Davis - Full Discography Mp3 320 kbps Pack 1\1.2 Studio albums - Columbia, 1955–1974\1967 Nefertiti @320",Miles Davis,Nefertiti,,10,Jazz,
"Y:\Miles Davis - Full Discography Mp3 320 kbps Pack 1\1.2 Studio albums - Columbia, 1955–1974\1972 On The Corner @320",Miles Davis,On The Corner,,8,Jazz,
Y:\Lee Scratch Perry\Miles Davis\Miles Davis - Full Discography Mp3 320 kbps Pack 2\2 Live albums\1975 Pangaea (2 CD) @320\CD1,Miles Davis,Pangaea (Disc 1),,1,Jazz,
Y:\Miles Davis - Full Discography Mp3 320 kbps Pack 2\2 Live albums\1975 Pangaea (2 CD) @320\CD1,Miles Davis,Pangaea (Disc 1),,1,Jazz,
Y:\Lee Scratch Perry\Miles Davis\Miles Davis - Full Discography Mp3 320 kbps Pack 2\2 Live albums\1975 Pangaea (2 CD) @320\CD2,Miles Davis,Pangaea (Disc 2),,1,Jazz,
Y:\Miles Davis - Full Discography Mp3 320 kbps Pack 2\2 Live albums\1975 Pangaea (2 CD) @320\CD2,Miles Davis,Pangaea (Disc 2),,1,Jazz,
"Y:\Miles Davis - Full Discography Mp3 320 kbps Pack 1\1.2 Studio albums - Columbia, 1955–1974\1958 Porgy And Bess @320",Miles Davis,Porgy and Bess,,15,Jazz,
Y:\Miles Davis - Full Discography Mp3 320 kbps Pack 1\5.1 Box sets - Compilation\2006 The Complete Legendary Prestige Quintet Sessions (4 CD) @320\CD1,Miles Davis,Prestige Quintet Sessions Disc 1,Jazz,10,Jazz,
"Y:\Miles Davis - Full Discography Mp3 320 kbps Pack 1\1.2 Studio albums - Columbia, 1955–1974\1963 Quiet Nights (Miles Davis-Gil Evans) @320",Miles Davis,Quiet Nights (Miles Davis-Gil Evans),,20,Jazz,
"Y:\Miles Davis - Full Discography Mp3 320 kbps Pack 1\1.1 Studio albums - Prestige-Debut, 1945–1961\1955 Miles Davis and Milt Jackson Quintet  Sextet @320",Miles Davis,Quintete/ Sextet,,4,Jazz,
"Y:\Miles Davis - Full Discography Mp3 320 kbps Pack 1\1.1 Studio albums - Prestige-Debut, 1945–1961\1956 Relaxin' With The Miles Davis Quintet @320",Miles Davis,Relaxin' With The Miles Davis Quintet,Jazz,6,Jazz,
"Y:\Miles Davis - Full Discography Mp3 320 kbps Pack 1\1.2 Studio albums - Columbia, 1955–1974\1956 Round About Midnight @320",Miles Davis,'Round About Midnight,,10,Jazz,
"Y:\Miles Davis - Full Discography Mp3 320 kbps Pack 1\1.2 Studio albums - Columbia, 1955–1974\1963 Seven Steps To Heaven @320",Miles Davis,Seven Steps To Heaven,,8,Jazz,
Y:\Miles Davis - Full Discography Mp3 320 kbps Pack 1\5.1 Box sets - Compilation\2004 Seven Steps (7 CD) @320\CD1,Miles Davis,Seven Steps: The Complete Columbia Recordings 1963-1964 CD1,Jazz,8,Jazz,
Y:\Miles Davis - Full Discography Mp3 320 kbps Pack 1\5.1 Box sets - Compilation\2004 Seven Steps (7 CD) @320\CD2,Miles Davis,Seven Steps: The Complete Columbia Recordings 1963-1964 CD2,Jazz,8,Jazz,
Y:\Miles Davis - Full Discography Mp3 320 kbps Pack 1\5.1 Box sets - Compilation\2004 Seven Steps (7 CD) @320\CD3,Miles Davis,Seven Steps: The Complete Columbia Recordings 1963-1964 CD3,Jazz,5,Jazz,
Y:\Miles Davis - Full Discography Mp3 320 kbps Pack 1\5.1 Box sets - Compilation\2004 Seven Steps (7 CD) @320\CD4,Miles Davis,Seven Steps: The Complete Columbia Recordings 1963-1964 CD4,Jazz,7,Jazz,
Y:\Miles Davis - Full Discography Mp3 320 kbps Pack 1\5.1 Box sets - Compilation\2004 Seven Steps (7 CD) @320\CD5,Miles Davis,Seven Steps: The Complete Columbia Recordings 1963-1964 CD5,Jazz,9,Jazz,
Y:\Miles Davis - Full Discography Mp3 320 kbps Pack 1\5.1 Box sets - Compilation\2004 Seven Steps (7 CD) @320\CD6,Miles Davis,Seven Steps: The Complete Columbia Recordings 1963-1964 CD6,Jazz,7,Jazz,
Y:\Miles Davis - Full Discography Mp3 320 kbps Pack 1\5.1 Box sets - Compilation\2004 Seven Steps (7 CD) @320\CD7,Miles Davis,Seven Steps: The Complete Columbia Recordings 1963-1964 CD7,Jazz,6,Jazz,
"Y:\Miles Davis - Full Discography Mp3 320 kbps Pack 1\1.2 Studio albums - Columbia, 1955–1974\1967 Sketches Of Spain @320",Miles Davis,Sketches of Spain,,8,Jazz,
"Y:\Miles Davis - Full Discography Mp3 320 kbps Pack 1\1.2 Studio albums - Columbia, 1955–1974\1961 Someday My Prince Will Come @320",Miles Davis,Someday My Prince Will Come,,8,Jazz,
"Y:\Miles Davis - Full Discography Mp3 320 kbps Pack 1\1.2 Studio albums - Columbia, 1955–1974\1962 Sorcerer @320",Miles Davis,Sorcerer,,9,Jazz,
"Y:\Lee Scratch Perry\Miles Davis\Miles Davis - Full Discography Mp3 320 kbps Pack 2\1.3 Studio albums - Columbia Warner Bros., 1981–1991\1983 Star People @320",Miles Davis,Star People,,6,Jazz,
"Y:\Miles Davis - Full Discography Mp3 320 kbps Pack 2\1.3 Studio albums - Columbia Warner Bros., 1981–1991\1983 Star People @320",Miles Davis,Star People,,6,Jazz,
"Y:\Miles Davis - Full Discography Mp3 320 kbps Pack 1\1.1 Studio albums - Prestige-Debut, 1945–1961\1956 Steamin' With The Miles Davis Quintet @320",Miles Davis,Steamin' With The Miles Davis Quintet,Jazz,6,Jazz,
Y:\Miles Davis - Full Discography Mp3 320 kbps Pack 1\3 Compilations\1992 The Best of Miles Davis (The Capitol - Blue Note Years) @320,Miles Davis,The Best of Miles Davis - The Capitol / Blue Note Years,Blues,14,Jazz,
Y:\Lee Scratch Perry\Miles Davis\Miles Davis - Full Discography Mp3 320 kbps Pack 2\5.2 Box sets - Limited edition\1970 The Cellar Door Sessions (6 CD) @320\CD1,Miles Davis,The Cellar Door Sessions,Jazz,5,Jazz,
Y:\Lee Scratch Perry\Miles Davis\Miles Davis - Full Discography Mp3 320 kbps Pack 2\5.2 Box sets - Limited edition\1970 The Cellar Door Sessions (6 CD) @320\CD2,Miles Davis,The Cellar Door Sessions,Jazz,6,Jazz,
Y:\Lee Scratch Perry\Miles Davis\Miles Davis - Full Discography Mp3 320 kbps Pack 2\5.2 Box sets - Limited edition\1970 The Cellar Door Sessions (6 CD) @320\CD3,Miles Davis,The Cellar Door Sessions,Jazz,3,Jazz,
Y:\Lee Scratch Perry\Miles Davis\Miles Davis - Full Discography Mp3 320 kbps Pack 2\5.2 Box sets - Limited edition\1970 The Cellar Door Sessions (6 CD) @320\CD4,Miles Davis,The Cellar Door Sessions,Jazz,6,Jazz,
Y:\Lee Scratch Perry\Miles Davis\Miles Davis - Full Discography Mp3 320 kbps Pack 2\5.2 Box sets - Limited edition\1970 The Cellar Door Sessions (6 CD) @320\CD5,Miles Davis,The Cellar Door Sessions,Jazz,3,Jazz,
Y:\Lee Scratch Perry\Miles Davis\Miles Davis - Full Discography Mp3 320 kbps Pack 2\5.2 Box sets - Limited edition\1970 The Cellar Door Sessions (6 CD) @320\CD6,Miles Davis,The Cellar Door Sessions,Jazz,5,Jazz,
Y:\Miles Davis - Full Discography Mp3 320 kbps Pack 2\5.2 Box sets - Limited edition\1970 The Cellar Door Sessions (6 CD) @320\CD1,Miles Davis,The Cellar Door Sessions,Jazz,5,Jazz,
Y:\Miles Davis - Full Discography Mp3 320 kbps Pack 2\5.2 Box sets - Limited edition\1970 The Cellar Door Sessions (6 CD) @320\CD2,Miles Davis,The Cellar Door Sessions,Jazz,6,Jazz,
Y:\Miles Davis - Full Discography Mp3 320 kbps Pack 2\5.2 Box sets - Limited edition\1970 The Cellar Door Sessions (6 CD) @320\CD3,Miles Davis,The Cellar Door Sessions,Jazz,3,Jazz,
Y:\Miles Davis - Full Discography Mp3 320 kbps Pack 2\5.2 Box sets - Limited edition\1970 The Cellar Door Sessions (6 CD) @320\CD4,Miles Davis,The Cellar Door Sessions,Jazz,6,Jazz,
Y:\Miles Davis - Full Discography Mp3 320 kbps Pack 2\5.2 Box sets - Limited edition\1970 The Cellar Door Sessions (6 CD) @320\CD5,Miles Davis,The Cellar Door Sessions,Jazz,3,Jazz,
Y:\Miles Davis - Full Discography Mp3 320 kbps Pack 2\5.2 Box sets - Limited edition\1970 The Cellar Door Sessions (6 CD) @320\CD6,Miles Davis,The Cellar Door Sessions,Jazz,5,Jazz,
"Y:\Miles Davis - Full Discography Mp3 320 kbps Pack 1\1.1 Studio albums - Prestige-Debut, 1945–1961\1948 The Complete Birth Of The Cool @320",Miles Davis,The Complete Birth of The Cool,,25,Jazz,
Y:\Miles Davis - Full Discography Mp3 320 kbps Pack 1\5.1 Box sets - Compilation\1998 The Bitches Brew Sessions (4 CD 1969-70) @320\CD3,Miles Davis,The Complete Bitches Brew Sessions (August 1969-February 1970) Disc 3,Jazz,6,Jazz,
Y:\Miles Davis - Full Discography Mp3 320 kbps Pack 1\5.1 Box sets - Compilation\1998 The Bitches Brew Sessions (4 CD 1969-70) @320\CD1,Miles Davis,The Complete Bitches Brew Sessions (Disc 1),Jazz,4,Jazz,
Y:\Miles Davis - Full Discography Mp3 320 kbps Pack 1\5.1 Box sets - Compilation\1998 The Bitches Brew Sessions (4 CD 1969-70) @320\CD2,Miles Davis,The Complete Bitches Brew Sessions (Disc 2),Jazz,6,Jazz,
Y:\Miles Davis - Full Discography Mp3 320 kbps Pack 1\5.1 Box sets - Compilation\1998 The Bitches Brew Sessions (4 CD 1969-70) @320\CD4,Miles Davis,The Complete Bitches Brew Sessions (Disc 4),Jazz,5,Jazz,
Y:\Miles Davis - Full Discography Mp3 320 kbps Pack 1\5.1 Box sets - Compilation\2003 The Complete Blackhawk Sessions (4 CD) @320\CD4,Miles Davis,The Complete Blackhawk Sessions CD4,Jazz,8,Jazz,
Y:\Miles Davis - Full Discography Mp3 320 kbps Pack 1\3 Compilations\2001 The Complete Blue Note Sessions (1952-53)(2 CD) @320\CD1,Miles Davis,The Complete Blue Note Sessions (1952-1954),Jazz,15,Jazz,
Y:\Miles Davis - Full Discography Mp3 320 kbps Pack 1\3 Compilations\2001 The Complete Blue Note Sessions (1952-53)(2 CD) @320\CD2,Miles Davis,The Complete Blue Note Sessions (1952-1954),Jazz,11,Jazz,
Y:\Miles Davis - Full Discography Mp3 320 kbps Pack 1\3 Compilations\1998 The Complete Columbia Studio Recordings (6 CD 1965-1968) @320\CD3,Miles Davis,The Complete Columbia Studio Recordings 1965-1968 Disc 3,Jazz,11,Jazz,
Y:\Miles Davis - Full Discography Mp3 320 kbps Pack 1\5.1 Box sets - Compilation\1968 The Complete In A Silent Way Sessions (3 CD) @320\CD1,Miles Davis,The Complete In A Silent Way Sessions - Disc 1,Jazz,6,Jazz,
Y:\Miles Davis - Full Discography Mp3 320 kbps Pack 1\5.1 Box sets - Compilation\1968 The Complete In A Silent Way Sessions (3 CD) @320\CD2,Miles Davis,The Complete In A Silent Way Sessions - Disc 2,Jazz,7,Jazz,
Y:\Miles Davis - Full Discography Mp3 320 kbps Pack 1\5.1 Box sets - Compilation\1968 The Complete In A Silent Way Sessions (3 CD) @320\CD3,Miles Davis,The Complete In A Silent Way Sessions - Disc 3,Jazz,4,Jazz,
Y:\Miles Davis - Full Discography Mp3 320 kbps Pack 1\5.1 Box sets - Compilation\2003 The Complete Jack Johnson Sessions (5 CD) @320\CD1,Miles Davis,The Complete Jack Johnson Sessions (disc 1),Jazz,10,Jazz,
Y:\Miles Davis - Full Discography Mp3 320 kbps Pack 1\5.1 Box sets - Compilation\2003 The Complete Jack Johnson Sessions (5 CD) @320\CD2,Miles Davis,The Complete Jack Johnson Sessions (disc 2),Fusion,8,Jazz,
Y:\Miles Davis - Full Discography Mp3 320 kbps Pack 1\5.1 Box sets - Compilation\2003 The Complete Jack Johnson Sessions (5 CD) @320\CD3,Miles Davis,The Complete Jack Johnson Sessions (disc 3),,8,Jazz,
Y:\Miles Davis - Full Discography Mp3 320 kbps Pack 1\5.1 Box sets - Compilation\2003 The Complete Jack Johnson Sessions (5 CD) @320\CD4,Miles Davis,The Complete Jack Johnson Sessions (disc 4),Fusion,12,Jazz,
Y:\Miles Davis - Full Discography Mp3 320 kbps Pack 1\5.1 Box sets - Compilation\2003 The Complete Jack Johnson Sessions (5 CD) @320\CD5,Miles Davis,The Complete Jack Johnson Sessions (disc 5),Jazz,4,Jazz,
"Y:\Lee Scratch Perry\Miles Davis\Miles Davis - The Complete Live At The Plugged Nickel (1995, Remaster 8CD, Box-Set) (1965)",Miles Davis,The Complete Live at the Plu..,Jazz,39,Jazz,
Y:\Lee Scratch Perry\Miles Davis\Miles Davis - The Complete Live at the Plugged Nickel (1965),Miles Davis,The Complete Live at the Plugged Nickel  [CD 5],,21,Jazz,
Y:\Miles Davis - Full Discography Mp3 320 kbps Pack 1\5.1 Box sets - Compilation\1965 The Complete Live at the Plugged Nickel (8 CD) @320\CD1,Miles Davis,The Complete Live at the Plugged Nickel 1965 (CD1),Jazz,5,Jazz,
Y:\Miles Davis - Full Discography Mp3 320 kbps Pack 1\5.1 Box sets - Compilation\1965 The Complete Live at the Plugged Nickel (8 CD) @320\CD2,Miles Davis,The Complete Live at the Plugged Nickel 1965 (CD2a),Jazz,3,Jazz,
Y:\Miles Davis - Full Discography Mp3 320 kbps Pack 1\5.1 Box sets - Compilation\1965 The Complete Live at the Plugged Nickel (8 CD) @320\CD3,Miles Davis,The Complete Live at the Plugged Nickel 1965 (CD2b),Jazz,4,Jazz,
Y:\Miles Davis - Full Discography Mp3 320 kbps Pack 1\5.1 Box sets - Compilation\1965 The Complete Live at the Plugged Nickel (8 CD) @320\CD4,Miles Davis,The Complete Live at the Plugged Nickel 1965 (CD3),Jazz,6,Jazz,
Y:\Miles Davis - Full Discography Mp3 320 kbps Pack 1\5.1 Box sets - Compilation\1965 The Complete Live at the Plugged Nickel (8 CD) @320\CD5,Miles Davis,The Complete Live at the Plugged Nickel 1965 (CD4),Jazz,5,Jazz,
Y:\Miles Davis - Full Discography Mp3 320 kbps Pack 1\5.1 Box sets - Compilation\1965 The Complete Live at the Plugged Nickel (8 CD) @320\CD6,Miles Davis,The Complete Live at the Plugged Nickel 1965 (CD5),Jazz,6,Jazz,
Y:\Miles Davis - Full Discography Mp3 320 kbps Pack 1\5.1 Box sets - Compilation\1965 The Complete Live at the Plugged Nickel (8 CD) @320\CD7,Miles Davis,The Complete Live at the Plugged Nickel 1965 (CD6),Jazz,6,Jazz,
Y:\Miles Davis - Full Discography Mp3 320 kbps Pack 1\5.1 Box sets - Compilation\1965 The Complete Live at the Plugged Nickel (8 CD) @320\CD8,Miles Davis,The Complete Live at the Plugged Nickel 1965 (CD7),Jazz,4,Jazz,
Y:\Lee Scratch Perry\Miles Davis\Miles Davis - Full Discography Mp3 320 kbps Pack 2\2 Live albums\2002 The Complete Miles Davis At Montreux 1973-1991 (20 CD Box Set) @320\CD12,Miles Davis,The Complete Miles Davis At Montreux ( CD 12),Jazz,6,Jazz,
Y:\Miles Davis - Full Discography Mp3 320 kbps Pack 2\2 Live albums\2002 The Complete Miles Davis At Montreux 1973-1991 (20 CD Box Set) @320\CD12,Miles Davis,The Complete Miles Davis At Montreux ( CD 12),Jazz,6,Jazz,
Y:\Lee Scratch Perry\Miles Davis\Miles Davis - Full Discography Mp3 320 kbps Pack 2\2 Live albums\2002 The Complete Miles Davis At Montreux 1973-1991 (20 CD Box Set) @320\CD01,Miles Davis,The Complete Miles Davis At Montreux (CD 1),Fusion,2,Jazz,
Y:\Miles Davis - Full Discography Mp3 320 kbps Pack 2\2 Live albums\2002 The Complete Miles Davis At Montreux 1973-1991 (20 CD Box Set) @320\CD01,Miles Davis,The Complete Miles Davis At Montreux (CD 1),Fusion,2,Jazz,
Y:\Lee Scratch Perry\Miles Davis\Miles Davis - Full Discography Mp3 320 kbps Pack 2\2 Live albums\2002 The Complete Miles Davis At Montreux 1973-1991 (20 CD Box Set) @320\CD10,Miles Davis,The Complete Miles Davis At Montreux (CD 10),Jazz,8,Jazz,
Y:\Miles Davis - Full Discography Mp3 320 kbps Pack 2\2 Live albums\2002 The Complete Miles Davis At Montreux 1973-1991 (20 CD Box Set) @320\CD10,Miles Davis,The Complete Miles Davis At Montreux (CD 10),Jazz,8,Jazz,
Y:\Lee Scratch Perry\Miles Davis\Miles Davis - Full Discography Mp3 320 kbps Pack 2\2 Live albums\2002 The Complete Miles Davis At Montreux 1973-1991 (20 CD Box Set) @320\CD11,Miles Davis,The Complete Miles Davis At Montreux (CD 11),Jazz,7,Jazz,
Y:\Miles Davis - Full Discography Mp3 320 kbps Pack 2\2 Live albums\2002 The Complete Miles Davis At Montreux 1973-1991 (20 CD Box Set) @320\CD11,Miles Davis,The Complete Miles Davis At Montreux (CD 11),Jazz,7,Jazz,
Y:\Lee Scratch Perry\Miles Davis\Miles Davis - Full Discography Mp3 320 kbps Pack 2\2 Live albums\2002 The Complete Miles Davis At Montreux 1973-1991 (20 CD Box Set) @320\CD13,Miles Davis,The Complete Miles Davis At Montreux (CD 13),Jazz,9,Jazz,
Y:\Miles Davis - Full Discography Mp3 320 kbps Pack 2\2 Live albums\2002 The Complete Miles Davis At Montreux 1973-1991 (20 CD Box Set) @320\CD13,Miles Davis,The Complete Miles Davis At Montreux (CD 13),Jazz,9,Jazz,
Y:\Lee Scratch Perry\Miles Davis\Miles Davis - Full Discography Mp3 320 kbps Pack 2\2 Live albums\2002 The Complete Miles Davis At Montreux 1973-1991 (20 CD Box Set) @320\CD14,Miles Davis,The Complete Miles Davis At Montreux (CD 14),Jazz,8,Jazz,
Y:\Miles Davis - Full Discography Mp3 320 kbps Pack 2\2 Live albums\2002 The Complete Miles Davis At Montreux 1973-1991 (20 CD Box Set) @320\CD14,Miles Davis,The Complete Miles Davis At Montreux (CD 14),Jazz,8,Jazz,
Y:\Lee Scratch Perry\Miles Davis\Miles Davis - Full Discography Mp3 320 kbps Pack 2\2 Live albums\2002 The Complete Miles Davis At Montreux 1973-1991 (20 CD Box Set) @320\CD15,Miles Davis,The Complete Miles Davis At Montreux (CD 15),Jazz,7,Jazz,
Y:\Miles Davis - Full Discography Mp3 320 kbps Pack 2\2 Live albums\2002 The Complete Miles Davis At Montreux 1973-1991 (20 CD Box Set) @320\CD15,Miles Davis,The Complete Miles Davis At Montreux (CD 15),Jazz,7,Jazz,
Y:\Lee Scratch Perry\Miles Davis\Miles Davis - Full Discography Mp3 320 kbps Pack 2\2 Live albums\2002 The Complete Miles Davis At Montreux 1973-1991 (20 CD Box Set) @320\CD16,Miles Davis,The Complete Miles Davis At Montreux (CD 16),Jazz,7,Jazz,
Y:\Miles Davis - Full Discography Mp3 320 kbps Pack 2\2 Live albums\2002 The Complete Miles Davis At Montreux 1973-1991 (20 CD Box Set) @320\CD16,Miles Davis,The Complete Miles Davis At Montreux (CD 16),Jazz,7,Jazz,
Y:\Lee Scratch Perry\Miles Davis\Miles Davis - Full Discography Mp3 320 kbps Pack 2\2 Live albums\2002 The Complete Miles Davis At Montreux 1973-1991 (20 CD Box Set) @320\CD17,Miles Davis,The Complete Miles Davis At Montreux (CD 17),Jazz,7,Jazz,
Y:\Miles Davis - Full Discography Mp3 320 kbps Pack 2\2 Live albums\2002 The Complete Miles Davis At Montreux 1973-1991 (20 CD Box Set) @320\CD17,Miles Davis,The Complete Miles Davis At Montreux (CD 17),Jazz,7,Jazz,
Y:\Lee Scratch Perry\Miles Davis\Miles Davis - Full Discography Mp3 320 kbps Pack 2\2 Live albums\2002 The Complete Miles Davis At Montreux 1973-1991 (20 CD Box Set) @320\CD18,Miles Davis,The Complete Miles Davis At Montreux (CD 18),Jazz,4,Jazz,
Y:\Miles Davis - Full Discography Mp3 320 kbps Pack 2\2 Live albums\2002 The Complete Miles Davis At Montreux 1973-1991 (20 CD Box Set) @320\CD18,Miles Davis,The Complete Miles Davis At Montreux (CD 18),Jazz,4,Jazz,
Y:\Lee Scratch Perry\Miles Davis\Miles Davis - Full Discography Mp3 320 kbps Pack 2\2 Live albums\2002 The Complete Miles Davis At Montreux 1973-1991 (20 CD Box Set) @320\CD19,Miles Davis,The Complete Miles Davis At Montreux (CD 19),Jazz,15,Jazz,
Y:\Miles Davis - Full Discography Mp3 320 kbps Pack 2\2 Live albums\2002 The Complete Miles Davis At Montreux 1973-1991 (20 CD Box Set) @320\CD19,Miles Davis,The Complete Miles Davis At Montreux (CD 19),Jazz,15,Jazz,
Y:\Lee Scratch Perry\Miles Davis\Miles Davis - Full Discography Mp3 320 kbps Pack 2\2 Live albums\2002 The Complete Miles Davis At Montreux 1973-1991 (20 CD Box Set) @320\CD02,Miles Davis,The Complete Miles Davis At Montreux (CD 2),Jazz,3,Jazz,
Y:\Miles Davis - Full Discography Mp3 320 kbps Pack 2\2 Live albums\2002 The Complete Miles Davis At Montreux 1973-1991 (20 CD Box Set) @320\CD02,Miles Davis,The Complete Miles Davis At Montreux (CD 2),Jazz,3,Jazz,
Y:\Lee Scratch Perry\Miles Davis\Miles Davis - Full Discography Mp3 320 kbps Pack 2\2 Live albums\2002 The Complete Miles Davis At Montreux 1973-1991 (20 CD Box Set) @320\CD20,Miles Davis,The Complete Miles Davis At Montreux (CD 20),Jazz,6,Jazz,
Y:\Miles Davis - Full Discography Mp3 320 kbps Pack 2\2 Live albums\2002 The Complete Miles Davis At Montreux 1973-1991 (20 CD Box Set) @320\CD20,Miles Davis,The Complete Miles Davis At Montreux (CD 20),Jazz,6,Jazz,
Y:\Lee Scratch Perry\Miles Davis\Miles Davis - Full Discography Mp3 320 kbps Pack 2\2 Live albums\2002 The Complete Miles Davis At Montreux 1973-1991 (20 CD Box Set) @320\CD03,Miles Davis,The Complete Miles Davis At Montreux (CD 3),Jazz,5,Jazz,
Y:\Miles Davis - Full Discography Mp3 320 kbps Pack 2\2 Live albums\2002 The Complete Miles Davis At Montreux 1973-1991 (20 CD Box Set) @320\CD03,Miles Davis,The Complete Miles Davis At Montreux (CD 3),Jazz,5,Jazz,
Y:\Lee Scratch Perry\Miles Davis\Miles Davis - Full Discography Mp3 320 kbps Pack 2\2 Live albums\2002 The Complete Miles Davis At Montreux 1973-1991 (20 CD Box Set) @320\CD04,Miles Davis,The Complete Miles Davis At Montreux (CD 4),Fusion,6,Jazz,
Y:\Miles Davis - Full Discography Mp3 320 kbps Pack 2\2 Live albums\2002 The Complete Miles Davis At Montreux 1973-1991 (20 CD Box Set) @320\CD04,Miles Davis,The Complete Miles Davis At Montreux (CD 4),Fusion,6,Jazz,
Y:\Lee Scratch Perry\Miles Davis\Miles Davis - Full Discography Mp3 320 kbps Pack 2\2 Live albums\2002 The Complete Miles Davis At Montreux 1973-1991 (20 CD Box Set) @320\CD05,Miles Davis,The Complete Miles Davis At Montreux (CD 5),Jazz,5,Jazz,
Y:\Miles Davis - Full Discography Mp3 320 kbps Pack 2\2 Live albums\2002 The Complete Miles Davis At Montreux 1973-1991 (20 CD Box Set) @320\CD05,Miles Davis,The Complete Miles Davis At Montreux (CD 5),Jazz,5,Jazz,
Y:\Lee Scratch Perry\Miles Davis\Miles Davis - Full Discography Mp3 320 kbps Pack 2\2 Live albums\2002 The Complete Miles Davis At Montreux 1973-1991 (20 CD Box Set) @320\CD06,Miles Davis,The Complete Miles Davis At Montreux (CD 6),Jazz,7,Jazz,
Y:\Miles Davis - Full Discography Mp3 320 kbps Pack 2\2 Live albums\2002 The Complete Miles Davis At Montreux 1973-1991 (20 CD Box Set) @320\CD06,Miles Davis,The Complete Miles Davis At Montreux (CD 6),Jazz,7,Jazz,
Y:\Lee Scratch Perry\Miles Davis\Miles Davis - Full Discography Mp3 320 kbps Pack 2\2 Live albums\2002 The Complete Miles Davis At Montreux 1973-1991 (20 CD Box Set) @320\CD07,Miles Davis,The Complete Miles Davis At Montreux (CD 7),Jazz,7,Jazz,
Y:\Miles Davis - Full Discography Mp3 320 kbps Pack 2\2 Live albums\2002 The Complete Miles Davis At Montreux 1973-1991 (20 CD Box Set) @320\CD07,Miles Davis,The Complete Miles Davis At Montreux (CD 7),Jazz,7,Jazz,
Y:\Lee Scratch Perry\Miles Davis\Miles Davis - Full Discography Mp3 320 kbps Pack 2\2 Live albums\2002 The Complete Miles Davis At Montreux 1973-1991 (20 CD Box Set) @320\CD08,Miles Davis,The Complete Miles Davis At Montreux (CD 8),Jazz,7,Jazz,
Y:\Miles Davis - Full Discography Mp3 320 kbps Pack 2\2 Live albums\2002 The Complete Miles Davis At Montreux 1973-1991 (20 CD Box Set) @320\CD08,Miles Davis,The Complete Miles Davis At Montreux (CD 8),Jazz,7,Jazz,
Y:\Lee Scratch Perry\Miles Davis\Miles Davis - Full Discography Mp3 320 kbps Pack 2\2 Live albums\2002 The Complete Miles Davis At Montreux 1973-1991 (20 CD Box Set) @320\CD09,Miles Davis,The Complete Miles Davis At Montreux (CD 9),Jazz,6,Jazz,
Y:\Miles Davis - Full Discography Mp3 320 kbps Pack 2\2 Live albums\2002 The Complete Miles Davis At Montreux 1973-1991 (20 CD Box Set) @320\CD09,Miles Davis,The Complete Miles Davis At Montreux (CD 9),Jazz,6,Jazz,
Y:\Miles Davis - Full Discography Mp3 320 kbps Pack 1\5.1 Box sets - Compilation\2007 The Complete On The Corner Sessions (6 CD) @320\CD1,Miles Davis,The Complete On The Corner Sessions (Disc 1),Fusion,5,Jazz,
Y:\Miles Davis - Full Discography Mp3 320 kbps Pack 1\5.1 Box sets - Compilation\2007 The Complete On The Corner Sessions (6 CD) @320\CD2,Miles Davis,The Complete On The Corner Sessions (Disc 2),Fusion,5,Jazz,
Y:\Miles Davis - Full Discography Mp3 320 kbps Pack 1\5.1 Box sets - Compilation\2007 The Complete On The Corner Sessions (6 CD) @320\CD3,Miles Davis,The Complete On The Corner Sessions (Disc 3),Fusion,6,Jazz,
Y:\Miles Davis - Full Discography Mp3 320 kbps Pack 1\5.1 Box sets - Compilation\2007 The Complete On The Corner Sessions (6 CD) @320\CD4,Miles Davis,The Complete On The Corner Sessions (Disc 4),Fusion,2,Jazz,
Y:\Miles Davis - Full Discography Mp3 320 kbps Pack 1\5.1 Box sets - Compilation\2007 The Complete On The Corner Sessions (6 CD) @320\CD5,Miles Davis,The Complete On The Corner Sessions (Disc 5),Fusion,6,Jazz,
Y:\Miles Davis - Full Discography Mp3 320 kbps Pack 1\5.1 Box sets - Compilation\2007 The Complete On The Corner Sessions (6 CD) @320\CD6,Miles Davis,The Complete On The Corner Sessions (Disc 6),Fusion,7,Jazz,
Y:\Miles Davis - Full Discography Mp3 320 kbps Pack 1\5.1 Box sets - Compilation\2006 The Complete Legendary Prestige Quintet Sessions (4 CD) @320\CD3,Miles Davis,The Legendary Prestige Quintet Sessions Disc 3,Jazz,10,Jazz,
"Y:\Lee Scratch Perry\Miles Davis\Miles Davis - Full Discography Mp3 320 kbps Pack 2\1.3 Studio albums - Columbia Warner Bros., 1981–1991\1981 The Man With The Horn @320",Miles Davis,The Man With The Horn,,6,Jazz,
"Y:\Miles Davis - Full Discography Mp3 320 kbps Pack 2\1.3 Studio albums - Columbia Warner Bros., 1981–1991\1981 The Man With The Horn @320",Miles Davis,The Man With The Horn,,6,Jazz,
"Y:\Miles Davis - Full Discography Mp3 320 kbps Pack 1\1.1 Studio albums - Prestige-Debut, 1945–1961\1955 Musings of Miles @320",Miles Davis,The Musings Of Miles,Jazz,6,Jazz,
Y:\Lee Scratch Perry\Miles Davis\Miles Davis - The New Miles Davis Quintet (1955),Miles Davis,The New Miles Davis Quintet,,6,Jazz,
"Y:\Miles Davis - Full Discography Mp3 320 kbps Pack 1\1.1 Studio albums - Prestige-Debut, 1945–1961\1955 The New Miles Davis Quintet @320",Miles Davis,The New Miles Davis Quintet,Jazz,6,Jazz,
Y:\Miles Davis - Full Discography Mp3 320 kbps Pack 1\3 Compilations\1996 This is Jazz (Miles Davis acoustic) @320,Miles Davis,This is Jazz (miles davis acoustic),Jazz,9,Jazz,
Y:\Lee Scratch Perry\Miles Davis\Miles Davis - Full Discography Mp3 320 kbps Pack 2\2 Live albums\1994 Time After Time (2 CD) @320\CD2,Miles Davis,Time After Time (Disk 2),Jazz,5,Jazz,
Y:\Miles Davis - Full Discography Mp3 320 kbps Pack 2\2 Live albums\1994 Time After Time (2 CD) @320\CD2,Miles Davis,Time After Time (Disk 2),Jazz,5,Jazz,
Y:\Lee Scratch Perry\Miles Davis\Miles Davis - Full Discography Mp3 320 kbps Pack 2\2 Live albums\1994 Time After Time (2 CD) @320\CD1,Miles Davis,Times After Time (Disk 2),Jazz,7,Jazz,
Y:\Miles Davis - Full Discography Mp3 320 kbps Pack 2\2 Live albums\1994 Time After Time (2 CD) @320\CD1,Miles Davis,Times After Time (Disk 2),Jazz,7,Jazz,
"Y:\Lee Scratch Perry\Miles Davis\Miles Davis - Full Discography Mp3 320 kbps Pack 2\1.3 Studio albums - Columbia Warner Bros., 1981–1991\1986 Tutu @320",Miles Davis,Tutu,Fusion,8,Jazz,
"Y:\Miles Davis - Full Discography Mp3 320 kbps Pack 2\1.3 Studio albums - Columbia Warner Bros., 1981–1991\1986 Tutu @320",Miles Davis,Tutu,Fusion,8,Jazz,
Y:\Miles Davis - Full Discography Mp3 320 kbps Pack 1\3 Compilations\1953 Miles Davis Vol 2 (CD3 Great Sessions) @320,Miles Davis,Volume Two,Jazz,11,Jazz,
Y:\Miles Davis - Full Discography Mp3 320 kbps Pack 1\3 Compilations\1952 Miles Davis Vol 1 (CD2 Great Sessions) @320,Miles Davis,VolumeOne,Jazz,15,Jazz,
Y:\Lee Scratch Perry\Miles Davis\Miles Davis - Walkin' (1954),Miles Davis,Walkin',,5,Jazz,
"Y:\Miles Davis - Full Discography Mp3 320 kbps Pack 1\1.2 Studio albums - Columbia, 1955–1974\1967 Water Babies @320",Miles Davis,Water Babies,,6,Jazz,
Y:\Lee Scratch Perry\Miles Davis\Miles Davis - Full Discography Mp3 320 kbps Pack 2\2 Live albums\1981 We Want Miles (2 CD Extended) @320\CD1,Miles Davis,We Want Miles (Disc 1),,6,Jazz,
Y:\Miles Davis - Full Discography Mp3 320 kbps Pack 2\2 Live albums\1981 We Want Miles (2 CD Extended) @320\CD1,Miles Davis,We Want Miles (Disc 1),,6,Jazz,
Y:\Lee Scratch Perry\Miles Davis\Miles Davis - Full Discography Mp3 320 kbps Pack 2\2 Live albums\1981 We Want Miles (2 CD Extended) @320\CD2,Miles Davis,We Want Miles (Disc 2),,3,Jazz,
Y:\Miles Davis - Full Discography Mp3 320 kbps Pack 2\2 Live albums\1981 We Want Miles (2 CD Extended) @320\CD2,Miles Davis,We Want Miles (Disc 2),,3,Jazz,
Y:\Lee Scratch Perry\Miles Davis\Miles Davis - Full Discography Mp3 320 kbps Pack 2\2 Live albums\1971 What I Say Vol 1 (Miles Davis Septet 1970-71) @320,Miles Davis,What I Say  (Vol. 1),Jazz,5,Jazz,
Y:\Miles Davis - Full Discography Mp3 320 kbps Pack 2\2 Live albums\1971 What I Say Vol 1 (Miles Davis Septet 1970-71) @320,Miles Davis,What I Say  (Vol. 1),Jazz,5,Jazz,
Y:\Lee Scratch Perry\Miles Davis\Miles Davis - Full Discography Mp3 320 kbps Pack 2\2 Live albums\1971 What I Say Vol 2 (Miles Davis Septet 1970-71) @320,Miles Davis,"What I Say, Vol. 2",Fusion,6,Jazz,
Y:\Miles Davis - Full Discography Mp3 320 kbps Pack 2\2 Live albums\1971 What I Say Vol 2 (Miles Davis Septet 1970-71) @320,Miles Davis,"What I Say, Vol. 2",Fusion,6,Jazz,
Y:\Miles Davis - Full Discography Mp3 320 kbps Pack 1\3 Compilations\2001 Young Miles (4 CD 1945-1950) @320\CD1 (Milestones),Miles Davis,Young Miles (CD1),Jazz,24,Jazz,
Y:\Miles Davis - Full Discography Mp3 320 kbps Pack 1\3 Compilations\2001 Young Miles (4 CD 1945-1950) @320\CD2 (Enter the Cool),Miles Davis,Young Miles (CD2),Jazz,20,Jazz,
Y:\Miles Davis - Full Discography Mp3 320 kbps Pack 1\3 Compilations\2001 Young Miles (4 CD 1945-1950) @320\CD3 (Boplicity),Miles Davis,Young Miles (CD3),Jazz,21,Jazz,
Y:\Miles Davis - Full Discography Mp3 320 kbps Pack 1\3 Compilations\2001 Young Miles (4 CD 1945-1950) @320\CD4 (Conception),Miles Davis,Young Miles (CD4),Jazz,17,Jazz,
"Y:\Lee Scratch Perry\Miles Davis\Miles Davis - Full Discography Mp3 320 kbps Pack 2\1.3 Studio albums - Columbia Warner Bros., 1981–1991\1985 You're Under Arrest @320",Miles Davis,You're Under Arrest,,9,Jazz,
"Y:\Miles Davis - Full Discography Mp3 320 kbps Pack 2\1.3 Studio albums - Columbia Warner Bros., 1981–1991\1985 You're Under Arrest @320",Miles Davis,You're Under Arrest,,9,Jazz,
Y:\Lee Scratch Perry\Miles Davis\Miles Davis - Full Discography Mp3 320 kbps Pack 2\4 Soundtracks\1987 Music From Siesta @320,Miles Davis - Marcus Miller,Music From Siesta,,10,Jazz,
Y:\Miles Davis - Full Discography Mp3 320 kbps Pack 2\4 Soundtracks\1987 Music From Siesta @320,Miles Davis - Marcus Miller,Music From Siesta,,10,Jazz,
Y:\Lee Scratch Perry\Miles Davis\Miles Davis - Full Discography Mp3 320 kbps Pack 2\2 Live albums\1961 Concierto de Aranjuez (Carnegie Hall Davis & Gil Evans) @320,Miles Davis & Gil Evans,Concierto de Aranjuez - Carneg,Other,4,Jazz,
Y:\Miles Davis - Full Discography Mp3 320 kbps Pack 2\2 Live albums\1961 Concierto de Aranjuez (Carnegie Hall Davis & Gil Evans) @320,Miles Davis & Gil Evans,Concierto de Aranjuez - Carneg,Other,4,Jazz,
Y:\Lee Scratch Perry\Miles Davis\Miles Davis - John Coltrane (1994),Miles Davis & John Coltrane,Live In New York,,6,Jazz,
Y:\Miles Davis - Full Discography Mp3 320 kbps Pack 1\5.1 Box sets - Compilation\2004 Miles Davis & John Coltrane (6 CD) @320\CD2,Miles Davis & John Coltrane,Miles Davis & John Coltrane CD2,,12,Jazz,
Y:\Miles Davis - Full Discography Mp3 320 kbps Pack 1\5.1 Box sets - Compilation\2004 Miles Davis & John Coltrane (6 CD) @320\CD3,Miles Davis & John Coltrane,Miles Davis & John Coltrane CD3,,10,Jazz,
Y:\Miles Davis - Full Discography Mp3 320 kbps Pack 1\5.1 Box sets - Compilation\2004 Miles Davis & John Coltrane (6 CD) @320\CD6,Miles Davis & John Coltrane,Miles Davis & John Coltrane CD6,,4,Jazz,
Y:\Lee Scratch Perry\Miles Davis\Miles Davis - Full Discography Mp3 320 kbps Pack 2\4 Soundtracks\1991 Dingo (Miles Davis & Michel Legrand) @320,Miles Davis & Michel Legrand,Dingo,Jazz,16,Jazz,
Y:\Miles Davis - Full Discography Mp3 320 kbps Pack 2\4 Soundtracks\1991 Dingo (Miles Davis & Michel Legrand) @320,Miles Davis & Michel Legrand,Dingo,Jazz,16,Jazz,
Y:\Lee Scratch Perry\Miles Davis\Miles Davis - Full Discography Mp3 320 kbps Pack 2\2 Live albums\1991 Live At Montreux (Miles Davis & Quincy Jones) @320,Miles Davis & Quincy Jones,Live At Montreux,Jazz,16,Jazz,
Y:\Miles Davis - Full Discography Mp3 320 kbps Pack 2\2 Live albums\1991 Live At Montreux (Miles Davis & Quincy Jones) @320,Miles Davis & Quincy Jones,Live At Montreux,Jazz,16,Jazz,
Y:\Lee Scratch Perry\Miles Davis\Miles Davis - Full Discography Mp3 320 kbps Pack 2\2 Live albums\1960 Live in Stockholm (Miles Davis & Sonny Stitt)(2 CD) @320\CD1,Miles Davis & Sonny Stitt,Live In Stockholm 1960 CD 1,Jazz,6,Jazz,
Y:\Miles Davis - Full Discography Mp3 320 kbps Pack 2\2 Live albums\1960 Live in Stockholm (Miles Davis & Sonny Stitt)(2 CD) @320\CD1,Miles Davis & Sonny Stitt,Live In Stockholm 1960 CD 1,Jazz,6,Jazz,
Y:\Lee Scratch Perry\Miles Davis\Miles Davis - Full Discography Mp3 320 kbps Pack 2\2 Live albums\1963 Live At Newport (with Thelonious Monk) @320,Miles Davis & Thelonious Monk,Live at Newport - Disc 2,Jazz,6,Jazz,
Y:\Miles Davis - Full Discography Mp3 320 kbps Pack 2\2 Live albums\1963 Live At Newport (with Thelonious Monk) @320,Miles Davis & Thelonious Monk,Live at Newport - Disc 2,Jazz,6,Jazz,
Y:\Lee Scratch Perry\Miles Davis\Miles Davis - Thelonious Monk (1964),Miles Davis & Thelonious Monk,Miles & Monk At Newport,,6,Jazz,
"Y:\Miles Davis - Full Discography Mp3 320 kbps Pack 1\1.1 Studio albums - Prestige-Debut, 1945–1961\1954 Walkin - Miles Davis All Stars @320",Miles Davis All Stars,Walkin',Jazz,5,Jazz,
Y:\Lee Scratch Perry\Miles Davis\Miles Davis - Full Discography Mp3 320 kbps Pack 2\2 Live albums\1960 Live in Stockholm (Miles Davis & Sonny Stitt)(2 CD) @320\CD2,Miles Davis and Sonny Stitt,Live in Stockholm 1960 CD 2,,6,Jazz,
Y:\Miles Davis - Full Discography Mp3 320 kbps Pack 2\2 Live albums\1960 Live in Stockholm (Miles Davis & Sonny Stitt)(2 CD) @320\CD2,Miles Davis and Sonny Stitt,Live in Stockholm 1960 CD 2,,6,Jazz,
Y:\Lee Scratch Perry\Miles Davis\Miles Davis - Full Discography Mp3 320 kbps Pack 2\2 Live albums\1953 At Last! (Miles Davis with The Lighthousec All Stars) @320,Miles Davis and the Lighthouse All-Stars,At Last!,Jazz,5,Jazz,
Y:\Miles Davis - Full Discography Mp3 320 kbps Pack 2\2 Live albums\1953 At Last! (Miles Davis with The Lighthousec All Stars) @320,Miles Davis and the Lighthouse All-Stars,At Last!,Jazz,5,Jazz,
Y:\Miles Davis - Full Discography Mp3 320 kbps Pack 1\5.1 Box sets - Compilation\2006 The Complete Legendary Prestige Quintet Sessions (4 CD) @320\CD4,Miles Davis Quintet,Legendary Sessions,Jazz,7,Jazz,
Y:\Lee Scratch Perry\Miles Davis\Miles Davis - Full Discography Mp3 320 kbps Pack 2\2 Live albums\1960 Live in Den Haag (1960 Lone Hill Jazz) @320,Miles Davis Quintet,Live In Den Haag,Jazz,10,Jazz,
Y:\Miles Davis - Full Discography Mp3 320 kbps Pack 2\2 Live albums\1960 Live in Den Haag (1960 Lone Hill Jazz) @320,Miles Davis Quintet,Live In Den Haag,Jazz,10,Jazz,
Y:\Miles Davis - Full Discography Mp3 320 kbps Pack 1\3 Compilations\1998 The Complete Columbia Studio Recordings (6 CD 1965-1968) @320\CD1,Miles Davis Quintet,The Complete Columbia Studio Recordings 1 (CD 1),Jazz,11,Jazz,
Y:\Miles Davis - Full Discography Mp3 320 kbps Pack 1\3 Compilations\1998 The Complete Columbia Studio Recordings (6 CD 1965-1968) @320\CD2,Miles Davis Quintet,The Complete Columbia Studio Recordings 1 (CD 2),Jazz,11,Jazz,
Y:\Miles Davis - Full Discography Mp3 320 kbps Pack 1\3 Compilations\1998 The Complete Columbia Studio Recordings (6 CD 1965-1968) @320\CD4,Miles Davis Quintet,The Complete Columbia Studio Recordings 1 (CD 4),Jazz,8,Jazz,
Y:\Miles Davis - Full Discography Mp3 320 kbps Pack 1\3 Compilations\1998 The Complete Columbia Studio Recordings (6 CD 1965-1968) @320\CD6,Miles Davis Quintet,The Complete Columbia Studio Recordings 1 (CD 6),Jazz,6,Jazz,
Y:\Miles Davis - Full Discography Mp3 320 kbps Pack 1\3 Compilations\1998 The Complete Columbia Studio Recordings (6 CD 1965-1968) @320\CD5,Miles Davis Quintet,The Complete Columbia Studio Recordings 1965-1968 Disc 5,Jazz,9,Jazz,
Y:\Lee Scratch Perry\Miles Davis\Miles Davis - Full Discography Mp3 320 kbps Pack 2\2 Live albums\1983 Live In Poland (2 CD Miles Davis Septet) @320\CD1,Miles Davis Septet,Live In Poland (CD1),Jazz,7,Jazz,
Y:\Miles Davis - Full Discography Mp3 320 kbps Pack 2\2 Live albums\1983 Live In Poland (2 CD Miles Davis Septet) @320\CD1,Miles Davis Septet,Live In Poland (CD1),Jazz,7,Jazz,
Y:\Lee Scratch Perry\Miles Davis\Miles Davis - Full Discography Mp3 320 kbps Pack 2\2 Live albums\1983 Live In Poland (2 CD Miles Davis Septet) @320\CD2,Miles Davis Septet,Live In Poland (CD2),Jazz,9,Jazz,
Y:\Miles Davis - Full Discography Mp3 320 kbps Pack 2\2 Live albums\1983 Live In Poland (2 CD Miles Davis Septet) @320\CD2,Miles Davis Septet,Live In Poland (CD2),Jazz,9,Jazz,
Y:\Lee Scratch Perry\Miles Davis\Miles Davis - Gil Evans (1996),"Miles Davis, Gil Evans",Miles Davis & Gil Evans: The Complete Columbia Studio Recordings 1959 - 1963 (Box-Set) [CD 6],,122,Jazz,
Y:\Lee Scratch Perry\Miles Davis\Miles Davis - John Coltrane (1960),"Miles Davis, John Coltrane",Live in Den Haag,,10,Jazz,
Y:\Lee Scratch Perry\Miles Davis\Miles Davis - Milt Jackson (1955),"Miles Davis, Milt Jackson",Quintet & Sextet,,4,Jazz,
Y:\Lee Scratch Perry\Miles Davis\Miles Davis - Sonny Rollins (1951),"Miles Davis, Sonny Rollins",Dig,,7,Jazz,
Y:\Mink DeVille\Mink DeVille - Coup De Grace (Expanded)(1998),Mink DeVille,Coup De Grace (Expanded),,11,,
Y:\Compilations\Various Artists - LateNightTales - Fatboy Slim (2007),Mink DeVille,LateNightTales - Fatboy Slim,,26,,
Y:\Mink DeVille\Mink DeVille - Le Chat Bleu (Expanded)(2003),Mink DeVille,Le Chat Bleu (Expanded),,20,,
Y:\Mink DeVille\Mink DeVille - Where Angels Fear To Tread (Expanded)(1983),Mink DeVille,Where Angels Fear To Tread (Expanded),,11,,
Y:\Minor Victories\Minor Victories - Minor Victories (2016),Minor Victories,Minor Victories,,10,,
Y:\Mirel Wagner\Mirel Wagner - When The Cellar Children See The Light Of Day (2014),Mirel Wagner,When The Cellar Children See The Light Of Day,,10,,
Y:\Compilations\Various Artists - Fabriclive 09 - Jacques Lu Cont (2003),Mirwais ft.Craig Wedren,Fabriclive 09 - Jacques Lu Cont,,19,,
Y:\Compilations\Various Artists - Quentin Tarantino Hit Collection (2000),Misirlou,Quentin Tarantino Hit Collection,,22,,
Y:\Mississippi Fred Mcdowell\Mississippi Fred Mcdowell - Mississippi John Hurt (2010),Mississippi Fred Mcdowell,ABC of the Blues [52-CD Box Set]  [CD 33],,20,Blues,
Y:\Mitski\Mitski - Be The Cowboy (2018),Mitski,Be The Cowboy,Indie Rock,14,,
Y:\Mitski\Mitski - Bury Me At Makeout Creek (Deluxe Edition) (2014),Mitski,Bury Me At Makeout Creek (Deluxe Edition),"indie rock, DIY, singer-songwriter",14,,
Y:\Mitski\Mitski - Puberty 2 (2016),Mitski,Puberty 2,Indie Rock,11,,
Y:\Moderat\Moderat - II (Deluxe Edition) (2013),Moderat,II (Deluxe Edition),,12,,
Y:\Moderat\Moderat - III (2016),Moderat,III,Electronic,9,,
Y:\Moderat\Moderat - Moderat (2009),Moderat,Moderat,,15,,
"Y:\Mogwai\Mogwai - Come On Die Young (2014, Reissue) (1999)",Mogwai,"Come On Die Young (2014, Reissue)",,27,Rock,
Y:\Mogwai\Mogwai - Government Commissions (2005),Mogwai,Government Commissions: BBC Sessions 1996–2003,,10,Rock,
Y:\Mogwai\Mogwai - Happy Songs For Happy People (2003),Mogwai,Happy Songs For Happy People,,9,Rock,
Y:\Mogwai\Mogwai - Les Revenants (2013),Mogwai,Les Revenants,,14,Rock,
Y:\Mogwai\Mogwai - Rave Tapes (2014),Mogwai,Rave Tapes,,10,Rock,
Y:\Mogwai\Mogwai - Special Moves (2010),Mogwai,Special Moves,,6,Rock,
Y:\Mogwai\Mogwai - Young Team (1997),Mogwai,Young Team,,10,Rock,
Y:\Mogwai\Mogwai - Zidane A 21st Century Portrait (2006),Mogwai,Zidane: A 21st Century Portrait,,10,Rock,
Y:\Molly Drake\Molly Drake - Molly Drake (Limited Edition) (2011),Molly Drake,Molly Drake (Limited Edition),Pop,19,,
Y:\Monty Python\Monty Python - Life of Brian (1979),Monty Python,Life of Brian,,37,,
Y:\Monty Python\Monty Python - Matching Tie and Handkerchief (1973),Monty Python,Matching Tie and Handkerchief,,16,,
Y:\Monty Python\Monty Python - The Final Rip Off (1987),Monty Python,The Final Rip Off [CD 2],,50,,
Y:\Moon Duo\Moon Duo - Catch As Catch Can  Set It On Fire (2010),Moon Duo,Catch As Catch Can / Set It On Fire,,2,Rock,
Y:\Moon Duo\Moon Duo - Circles (2012),Moon Duo,Circles,Blues,7,Rock,
Y:\Moon Duo\Moon Duo - Circles (Australia and New Zealand Edition) (2012),Moon Duo,Circles (Australia and New Zealand Edition),,2,Rock,
Y:\Moon Duo\Moon Duo - Circles Remixed (2013),Moon Duo,Circles Remixed,,8,Rock,
Y:\Moon Duo\Moon Duo - Escape (2010),Moon Duo,Escape,,4,Rock,
Y:\Moon Duo\Moon Duo - Jukebox Babe  No Fun (2018),Moon Duo,Jukebox Babe / No Fun,Indie / Psychedelic Rock / Space Rock / Shoegaze,2,Rock,
Y:\Moon Duo\Moon Duo - Killing Time (EP) (2009),Moon Duo,Killing Time (EP),,4,Rock,
Y:\Moon Duo\Moon Duo - Live In Ravenna (EP) (2014),Moon Duo,Live In Ravenna (EP),,7,Rock,
Y:\Moon Duo\Moon Duo - Love On The Sea (EP) (2009),Moon Duo,Love On The Sea (EP),,2,Rock,
Y:\Moon Duo\Moon Duo - Mazes (2011),Moon Duo,Mazes,,8,Rock,
"Y:\Moon Duo\Moon Duo - Occult Architecture, Vol. 1 (2017)",Moon Duo,"Occult Architecture, Vol. 1",,7,Rock,
Y:\Moon Duo\Moon Duo - Shadow Of The Sun (2015),Moon Duo,Shadow of the Sun,Indie,10,Rock,
Y:\Moon Duo\Moon Duo - Stars Are the Light (2019),Moon Duo,Stars Are the Light,Psychedelic Rock,8,Rock,
Y:\Moondog\Moondog - Moondog (1956),Moondog,Moondog,Blues,14,Rock,
"Y:\Moondog\Moondog - Moondog And His Friends (2006, Reissue) (1953)",Moondog,"Moondog And His Friends (2006, Reissue)",Blues,14,Rock,
Y:\Moondog\Moondog - Moondog And His Honking Geese (1955),Moondog,Moondog And His Honking Geese,Blues,4,Rock,
"Y:\Moondog\Moondog - More Moondog (Remastered, 2009) (1991)",Moondog,"More Moondog (Remastered, 2009)",,30,Rock,
Y:\Morcheeba\Morcheeba - Big Calm(1998),Morcheeba,Big Calm,,12,Rock,
Y:\Morcheeba\Morcheeba - Who Can You Trust_(1996),Morcheeba,Who Can You Trust?,,12,Rock,
Y:\Morrissey\Morrissey - Bona Drag (1990),Morrissey,Bona Drag,Blues,14,Rock,
Y:\Morrissey\Morrissey - Maladjusted (1997),Morrissey,Maladjusted,,11,Rock,
Y:\Morrissey\Morrissey - Vauxhall and I (1994),Morrissey,Vauxhall and I,,11,Rock,
"Y:\Morrissey\Morrissey - Viva Hate (2012, Remaster) (1988)",Morrissey,"Viva Hate (2012, Remaster)",Blues,12,Rock,
Y:\Morrissey\Morrissey - You Are The Quarry (2004),Morrissey,You Are The Quarry (Deluxe Edition) [CD 1],,21,Rock,
Y:\Moses Sumney\Moses Sumney - Aromanticism (2017),Moses Sumney,Aromanticism,,11,,
Y:\Motohiro Nakashima\Motohiro Nakashima - We Hum On The Way Home (2009),Motohiro Nakashima,We Hum On The Way Home,,11,,
Y:\Motorhead\Motorhead - Ace Of Spades (1980),Motorhead,Ace Of Spades,,24,,
Y:\Motorhead\Motorhead - Bomber (1996 Uk Reissue) (1979),Motorhead,Bomber (1996 Uk Reissue),,15,,
Y:\Motorhead\Motorhead - Overkill (1996 Uk Reissue) (1979),Motorhead,Overkill (1996 Uk Reissue),,15,,
Y:\Muddy Waters\Muddy Waters - Junior Wells (2010),Muddy Waters,ABC of the Blues [52-CD Box Set]  [CD 47],,20,Blues,
Y:\William Parker\William Parker - David S. Ware (2011),"Muhammad Ali, William Parker, Cooper-Moore, David S. Ware",Planetary Unknown,,7,,
Y:\Mulatu Astatke\Mulatu Astatke - Ethiopiques Vol. 4 Ethio Jazz & Musique Instrumentale (1969-1974) (1998),Mulatu Astatke,Ethiopiques Vol. 4: Ethio Jazz & Musique Instrumentale (1969-1974),,14,,
Y:\John Cale\John Cale - Music For A New Society(1982),Music For A New Society,Music For A New Society,,11,,
"Y:\My Bloody Valentine\My Bloody Valentine - Isn't Anything (2012, Remastered) (1988)",My Bloody Valentine,"Isn't Anything (2012, Remastered)",,12,,
Y:\My Bloody Valentine\My Bloody Valentine - Loveless(1991),My Bloody Valentine,Loveless,,11,,
Y:\My Bloody Valentine\My Bloody Valentine - m b v (2013),My Bloody Valentine,m b v,,9,,
Y:\N.W.A\N.W.A. - Straight Outta Compton (1988),N.W.A.,Straight Outta Compton,,13,,
Y:\Nadine Shah\Nadine Shah - Holiday Destination (2017),Nadine Shah,Holiday Destination,Alternative,10,,
Y:\Nadine Shah\Nadine Shah - Love Your Dum And Mad (2013),Nadine Shah,Love Your Dum And Mad,,11,,
Y:\Compilations\Various Artists - Tarantino Experience (2CD) (2008),Nancy Sinatra,Tarantino Experience (2CD),,24,,
Y:\Nancy Sinatra\Nancy Sinatra - The Essential Nancy Sinatra(2006),Nancy Sinatra,The Essential Nancy Sinatra,Pop,26,,
Y:\Nancy Sinatra & Lee Hazlewood\Fairy Tales and Fantasies_ The Best of Nancy and Lee (1989),Nancy Sinatra & Lee Hazlewood,Fairy Tales and Fantasies: The Best of Nancy and Lee,,15,,
Y:\Nancy Sinatra Lee Hazlewood\Nancy Sinatra Lee Hazlewood - The Best Of Nancy And Lee(1989),"Nancy Sinatra, Lee Hazlewood",The Best Of Nancy And Lee,,15,,
Y:\Nat King Cole\Nat King Cole - After Midnight The Complete Session (1956),Nat King Cole,After Midnight: The Complete Session,,18,,
"Y:\Nat King Cole\Nat King Cole - Cool Cole The King Cole Trio Story (4CD, Box-Set) (2001)",Nat King Cole,"Cool Cole: The King Cole Trio Story (4CD, Box-Set) [CD 3]",,104,,
Y:\Nathaniel Rateliff And The Night Sweats\Nathaniel Rateliff And The Night Sweats - Nathaniel Rateliff And The Night Sweats (2015),Nathaniel Rateliff And The Night Sweats,Nathaniel Rateliff And The Night Sweats,Blues,11,,
Y:\Aphex Twin\Aphex Twin - Various Artists (2003),Nav Katze,Aphex Twin: 26 Mixes For Cash (CD 1),,26,,
Y:\Compilations\Various Artists - Fabric 11 Swayzak (2003),Negativeland,Fabric 11: Swayzak,,15,,
Y:\Neil Young\After the Gold Rush (1970-09-19),Neil Young,After the Gold Rush,,11,,
Y:\Neil Young\Neil Young - Harvest (1972),Neil Young,Harvest,,10,,
Y:\Neil Young\Neil Young - Neil Young (1968),Neil Young,Neil Young,,10,,
Y:\Neil Young\On the Beach (1974-07-19),Neil Young,On the Beach,Rock,8,,
Y:\Neil Young\Neil Young - Time Fades Away (Vinyl)(1973),Neil Young,Time Fades Away (Vinyl),,8,,
Y:\Neil Young\Neil Young - Tonight_s the Night(1975),Neil Young,Tonight's the Night,,12,,
Y:\Neko Case\Neko Case - Blacklisted (2002),Neko Case,Blacklisted,,14,,
Y:\Neko Case\Neko Case - Fox Confessor Brings The Flood (2006),Neko Case,Fox Confessor Brings The Flood,,12,,
"Y:\Neko Case\Neko Case - The Worse Things Get, The Harder I Fight, The Harder I Fight, The More I Love You (2013)",Neko Case,"The Worse Things Get, The Harder I Fight, The Harder I Fight, The More I Love You",,12,,
Y:\Nena\Nena - 99 Luftballons(1984),Nena,99 Luftballons,,11,,
Y:\Nena\Nena - Nena(1983),Nena,Nena,,12,,
Y:\Neneh Cherry\Neneh Cherry - Raw Like Sushi (30th Anniversary Edition  Deluxe) (2020),Neneh Cherry,Raw Like Sushi (30th Anniversary Edition / Deluxe) [CD 1],Blues,31,,
Y:\Neon Indian\Neon Indian - Vega Intl. Night School (2015),Neon Indian,Vega Intl. Night School,Blues,14,,
Y:\Neu!\Neu! - Neu! (1972),Neu!,Neu!,,6,,
Y:\Neu!\Neu! - Neu! 2 (1973),Neu!,Neu! 2,,11,,
Y:\Neutral Milk Hotel\Neutral Milk Hotel - In The Aeroplane Over The Sea(1998),Neutral Milk Hotel,In The Aeroplane Over The Sea,,11,,
Y:\New Kids On The Block\New Kids On The Block - Step By Step (35th Anniversary)(2025),New Kids On The Block,Step by Step (35th Anniversary),Pop,25,,
"Y:\New Order\New Order - Brotherhood (2015, Remaster) (1986)",New Order,"Brotherhood (2015, Remaster)",Blues,9,Rock,
Y:\New Order\New Order - Get Ready (US Edition) (2001),New Order,Get Ready (US Edition),Blues,10,Rock,
"Y:\New Order\New Order - Low-Life (2015, Remaster) (1985)",New Order,"Low-Life (2015, Remaster)",Blues,8,Rock,
"Y:\New Order\New Order - Movement (2015, Remaster) (1981)",New Order,"Movement (2015, Remaster)",Blues,8,Rock,
Y:\New Order\New Order - Music Complete (Japanese Edition) (2015),New Order,Music Complete (Japanese Edition),Blues,12,Rock,
"Y:\New Order\New Order - Power, Corruption & Lies (1983)",New Order,"Power, Corruption & Lies",Blues,8,Rock,
Y:\New Order\New Order - Republic (1993),New Order,Republic,,11,Rock,
Y:\New Order\New Order - Substance (1987),New Order,Substance [CD 1],Blues,24,Rock,
"Y:\New Order\New Order - Technique (2015, Remaster) (1989)",New Order,"Technique (2015, Remaster)",Blues,9,Rock,
Y:\Nick Cave & The Bad Seeds\Nick Cave & The Bad Seeds - Kicking Against The Pricks (1986),Nick Cave & The Bad Seeds,Kicking Against The Pricks,,14,Rock,
Y:\Nick Cave & The Bad Seeds\Nick Cave & The Bad Seeds - Skeleton Tree (2016),Nick Cave & The Bad Seeds,Skeleton Tree,Rock/Alternative,8,Rock,
Y:\Nick Cave & The Bad Seeds\Nick Cave & The Bad Seeds - Tender Prey (1988),Nick Cave & The Bad Seeds,Tender Prey,,11,Rock,
Y:\Nick Cave\Nick Cave - The Bad Seeds (2004),Nick Cave & The Bad Seeds,The Lyre Of Orpheus [CDStumm233],Alternative,8,Rock,
Y:\Nick Cave\Nick Cave - The Bad Seeds (1992),"Nick Cave, The Bad Seeds",Henry's Dream,,9,Rock,
Y:\Nick Cave\Nick Cave - The Bad Seeds (1997),"Nick Cave, The Bad Seeds",The Boatman's Call,Blues,12,Rock,
Y:\Nick Cave\Nick Cave - The Bad Seeds (1985),"Nick Cave, The Bad Seeds","The Firstborn Is Dead (Remastered, 2009)",,7,Rock,
Y:\Nick Cave\Nick Cave - The Bad Seeds (1990),"Nick Cave, The Bad Seeds",The Good Son,,9,Rock,
"Y:\Nick Drake\Nick Drake - Bryter Layter (2000, Remaster) (1970)",Nick Drake,"Bryter Layter (2000, Remaster)",,10,Rock,
"Y:\Nick Drake\Nick Drake - Five Leaves Left (2000, Remaster) (1969)",Nick Drake,"Five Leaves Left (2000, Remaster)",,10,Rock,
Y:\Nick Drake\Nick Drake - Made To Love Magic(2004),Nick Drake,Made To Love Magic,,13,Rock,
Y:\Nick Drake\Nick Drake - Pink Moon (1972),Nick Drake,Pink Moon,,11,Rock,
Y:\Nick Drake\Nick Drake - The Ultimate Rarities_ Volume 1(2000),Nick Drake,"The Ultimate Rarities, Volume 1",,29,Rock,
Y:\Nick Drake\Nick Drake - The Ultimate Rarities_ Volume 2(2006),Nick Drake,"The Ultimate Rarities, Volume 2",,19,Rock,
Y:\Nick Drake\Nick Drake - Time Of No Reply (1986),Nick Drake,Time Of No Reply,,14,Rock,
Y:\Nick Drake\Nick Drake - Way to Blue_ An Introduction to Nick Drake(2003),Nick Drake,Way to Blue: An Introduction to Nick Drake,,16,Rock,
Y:\Nico\Nico - The Marble Index (1969),Nico,The Marble Index,Folk/Rock,10,Rock,
Y:\Nico\Nico - the Velvet Underground (2012),"Nico, the Velvet Underground","The Velvet Undeground & Nico - 45th Anniversary Super Deluxe Edition (6CD, Box-Set) [CD 1]",Blues,65,Rock,
Y:\Nicolette\Nicolette - Various Artists (1997),Nicolette,DJ-KICKS [CD 1],,26,Electronic,
Y:\Compilations\Various Artists - ''DJ-Kicks'' (2000),Nightmares On Wax,''DJ-Kicks'',,23,Electronic,
Y:\Jim White\Jim White - Nina Nastasia (2007),"Nina Nastasia, Jim White",You Follow Me,,10,,
Y:\Nina Simone\Nina Simone - Broadway Blues Ballads (2006),Nina Simone,Broadway Blues Ballads,,13,,
"Y:\Nina Simone\Nina Simone - High Priestess Of Soul (2005, Remaster) (1967)",Nina Simone,"High Priestess Of Soul (2005, Remaster)",Blues,12,,
Y:\Nina Simone\Nina Simone - In Concert & I Put A Spell On You (2000),Nina Simone,In Concert & I Put A Spell On You,,19,,
Y:\Nina Simone\Nina Simone - Jazz as Played in an ExclusiveSide Street Club (2004),Nina Simone,Jazz as Played in an ExclusiveSide Street Club,,15,Jazz,
"Y:\Nina Simone\Nina Simone - Little Girl Blue (2013, Remaster) (1958)",Nina Simone,"Little Girl Blue (2013, Remaster)",,11,,
Y:\Nina Simone\Nina Simone - Nina Simone at Carnegie Hall.. (2005),Nina Simone,Nina Simone at Carnegie Hall..,,19,,
"Y:\Nina Simone\Nina Simone - Nina Simone At Town Hall (2005, Remaster) (1983)",Nina Simone,"Nina Simone At Town Hall (2005, Remaster)",Blues,11,,
Y:\Nina Simone\Nina Simone - Sings The Blues (1967),Nina Simone,Sings The Blues,,13,,
Y:\Compilations\Various Artists - Verve Remixed 2 (2003),Nina Simone,Verve Remixed 2,,14,,
Y:\Compilations\Various Artists - Verve Remixed 3 (2005),Nina Simone,Verve Remixed 3,,13,,
Y:\Compilations\Various Artists - Verve Remixed 4 (2008),Nina Simone,Verve Remixed 4,,12,,
Y:\Compilations\Various Artists - Verve Remixed The First Ladies (2013),Nina Simone,Verve Remixed: The First Ladies,,13,,
Y:\Nina Simone\Nina Simone - Wild Is The Wind (2006),Nina Simone,Wild Is The Wind,,11,,
Y:\Nirvana\Nirvana - Bleach (1992_ Remastered) (cat #_ Geffen Records _– MVCG-93_ Japan)(1989),Nirvana,"Bleach (1992, Remastered) (cat #: Geffen Records ‎– MVCG-93, Japan)",,13,,
Y:\Nirvana\Nirvana - In Utero (2011_ Remastered Mini LP SHM-CD)(1993),Nirvana,"In Utero (2011, Remastered Mini LP SHM-CD)",,12,,
Y:\Nirvana\Nirvana - MTV Unplugged In New York (cat #_ MCA Victor _– MVCG-163_ Japan)(1994),Nirvana,"MTV Unplugged In New York (cat #: MCA Victor ‎– MVCG-163, Japan)",,14,,
Y:\Nirvana\Nirvana - Nevermind(1991),Nirvana,Nevermind,,12,,
Y:\Noah Howard\Noah Howard - The Black Ark (1969),Noah Howard,The Black Ark,,4,,
"Y:\Noah Howard Quartet\Noah Howard Quartet - Live At The Swing Club (2014, Reissue) (1974)",Noah Howard Quartet,"Live At The Swing Club (2014, Reissue)",Blues,3,,
Y:\Noel Gallagher's High Flying Birds\Noel Gallagher's High Flying Birds - Everybody's On The Run (2012),Noel Gallagher's High Flying Birds,"Everybody's On The Run (CDS) [Sour Mash, JDNCSCD15]",BritPop/Indie Rock,2,,
Y:\Notwist\Notwist - Neon Golden (2002),Notwist,Neon Golden,,13,,
Y:\Nurse With Wound\Nurse With Wound - Homotopy To Marie (2007),Nurse With Wound,Homotopy To Marie,Blues,5,,
Y:\OMD\OMD - Architecture & Morality(1981),O.M.D.,Architecture & Morality,,9,,
Y:\OMD\OMD - Orchestral Manoeuvres In The Dark(1980),O.M.D.,Orchestral Manoeuvres In The Dark,,13,,
Y:\Oasis\Albums\Oasis - 1995 - (What's The Story) Morning Glory,Oasis,(What's the Story) Morning Glory?,Rock,12,Rock,
Y:\#recycle\Oasis\Oasis - (What's The Story) Morning Glory - Deluxe Edition (1995),Oasis,(What's The Story) Morning Glory? - Deluxe Edition [CD 2],,40,Rock,
Y:\#recycle\Oasis\Oasis - (What_s The Story) Morning Glory_ - Deluxe Edition(1995),Oasis,(What's The Story) Morning Glory? - Deluxe Edition [CD 2],,40,Rock,
Y:\Oasis\Singles\Oasis - 1998.01.12 - All Around The World,Oasis,All Around The World,Rock,4,Rock,
Y:\#recycle\Oasis\Oasis - Be Here Now (1997),Oasis,Be Here Now,,12,Rock,
Y:\#recycle\Oasis\Oasis - Be Here Now(1997),Oasis,Be Here Now,,12,Rock,
Y:\#recycle\Oasis\Oasis - Be Here Now(1997) (1),Oasis,Be Here Now,,12,Rock,
Y:\Oasis\Albums\Oasis - 1997 - Be Here Now,Oasis,Be Here Now,Rock,12,Rock,
Y:\Oasis\Singles\Oasis - 1996.05.13 - Champagne Supernova,Oasis,Champagne Supernova,Rock,3,Rock,
Y:\Oasis\Singles\Oasis - 1994.10.10 - Cigarettes and Alcohol,Oasis,Cigarettes & Alcohol,Rock,4,Rock,
Y:\#recycle\Oasis\Oasis - Definitely Maybe (1994),Oasis,Definitely Maybe,,13,Rock,
Y:\#recycle\Oasis\Oasis - Definitely Maybe(1994),Oasis,Definitely Maybe,,13,Rock,
Y:\Oasis\Albums\Oasis - 1994 - Definitely Maybe (2 CD Australia Edition)\CD1,Oasis,Definitely Maybe,Rock,11,Rock,
Y:\#recycle\Oasis\Oasis - Definitely Maybe (20th Anniversary Special Edition) (2014),Oasis,Definitely Maybe (20th Anniversary Special Edition) [CD 3],,46,Rock,
Y:\Oasis\Albums\Oasis - 1994 - Definitely Maybe (2 CD Australia Edition)\CD2 - Bonus Disc,Oasis,Definitely Maybe (Bonus Disc),Rock,3,Rock,
Y:\Oasis\Albums\Oasis - 2008 - Dig Out Your Soul,Oasis,Dig Out Your Soul,Rock,13,Rock,
Y:\Oasis\Albums\Oasis - 2008 - Dig Out Your Soul\CD2 - Box Set Bonus CD,Oasis,Dig Out Your Soul,Rock,9,Rock,
Y:\Oasis\Albums\Oasis - 2005 - Don't Believe The Truth,Oasis,Don't Believe the Truth,Rock,11,Rock,
Y:\Oasis\Singles\Oasis - 1998.02.19 - Don't Go Away,Oasis,Don't Go Away,Rock,4,Rock,
Y:\Oasis\Singles\Oasis - 1996.02.19 - Don't Look Back In Anger,Oasis,Don't Look Back In Anger,Rock,4,Rock,
Y:\Oasis\Singles\Oasis - 1997.07.07 - D'You Know What I Mean,Oasis,D'You Know What I Mean?,Rock,4,Rock,
Y:\Oasis\Singles\Oasis - 2009.05.09 - Falling Down (Japan Edition),Oasis,Falling Down (Japan Edition),Rock,5,Rock,
Y:\Oasis\Live\Oasis - 2000 - Familiar to Millions (1 CD),Oasis,Familiar To Millions,Rock,13,Rock,
Y:\Oasis\Live\Oasis - 2000 - Familiar to Millions (2 CD)\CD1,Oasis,Familiar To Millions,Rock,10,Rock,
Y:\Oasis\Live\Oasis - 2000 - Familiar to Millions (2 CD)\CD2,Oasis,Familiar to Millions,Rock,8,Rock,
Y:\Oasis\Singles\Oasis - 2000.02.07 - Go Let It Out,Oasis,Go Let It Out!,Rock,3,Rock,
Y:\Oasis\Albums\Oasis - 2002 - Heathen Chemistry,Oasis,Heathen Chemistry,Rock,11,Rock,
Y:\Oasis\Singles\Oasis - 2008.12.01 - I'm Outta Time (Japan Edition),Oasis,I'm Outta Time,Rock,5,Rock,
Y:\Oasis\Singles\Oasis - 2005.11.28 - Let There Be Love,Oasis,Let There Be Love,Rock,3,Rock,
Y:\Oasis\Singles\Oasis - 2002.09.23 - Little By Little - She Is Love,Oasis,Little By Little / She Is Love,Rock,3,Rock,
Y:\Oasis\Singles\Oasis - 1994.08.08 - Live Forever,Oasis,Live Forever,Rock,4,Rock,
Y:\Oasis\Singles\Oasis - 2007.10.21 - Lord Don't Slow Me Down,Oasis,Lord Don't Slow Me Down,Rock,1,Rock,
Y:\Oasis\Singles\Oasis - 2005.05.16 - Lyla,Oasis,Lyla,Rock,3,Rock,
Y:\Oasis\Singles\Oasis - 1995.09.15 - Morning Glory,Oasis,Morning Glory,Rock,4,Rock,
Y:\Oasis\Singles\Oasis - 1995.08.14 - Roll With It,Oasis,Roll With It,Rock,4,Rock,
Y:\Oasis\Singles\Oasis - 1994.06.13 - Shakermaker,Oasis,Shakermaker,Rock,4,Rock,
Y:\Oasis\Singles\Oasis - 1995.04.24 - Some Might Say,Oasis,Some Might Say,Rock,4,Rock,
Y:\Oasis\Singles\Oasis - 2003.02.03 - Songbird,Oasis,Songbird,Rock,3,Rock,
Y:\Oasis\Singles\Oasis - 1997.09.22 - Stand By Me,Oasis,Stand By Me,Rock,4,Rock,
Y:\Oasis\Albums\Oasis - 2000 - Standing on the Shoulder of Giants\CD1,Oasis,Standing On The Shoulder Of Giants,Rock,10,Rock,
Y:\Oasis\Albums\Oasis - 2000 - Standing on the Shoulder of Giants\CD2 - Bonus CD,Oasis,Standing on the Shoulder of Giants [Bonus CD],Rock,2,Rock,
Y:\Oasis\Singles\Oasis - 2002.06.17 - Stop Crying Your Heart Out,Oasis,Stop Crying Your Heart Out,Rock,3,Rock,
Y:\Oasis\Compilations\Oasis - 2006 - Stop The Clocks\CD1,Oasis,Stop The Clocks,Rock,9,Rock,
Y:\Oasis\Compilations\Oasis - 2006 - Stop The Clocks\CD2,Oasis,Stop The Clocks,Rock,9,Rock,
Y:\Oasis\Singles\Oasis - 2006.11.13 - Stop The Clocks EP,Oasis,Stop The Clocks EP,Rock,4,Rock,
Y:\Oasis\Singles\Oasis - 2000.07.03 - Sunday Morning Call,Oasis,Sunday Morning Call,Rock,3,Rock,
Y:\Oasis\Singles\Oasis - 1994.04.11 - Supersonic,Oasis,Supersonic,Rock,4,Rock,
Y:\Oasis\Singles\Oasis - 2002.04.15 - The Hindu Times,Oasis,The Hindu Times,Rock,3,Rock,
Y:\Oasis\Singles\Oasis - 2005.08.22 - The Importance Of Being Idle,Oasis,The Importance Of Being Idle,Rock,3,Rock,
Y:\#recycle\Oasis\Oasis - The Masterplan (1998),Oasis,The Masterplan,Blues,14,Rock,
Y:\#recycle\Oasis\Oasis - The Masterplan(1998),Oasis,The Masterplan,Blues,14,Rock,
Y:\Oasis\Compilations\Oasis - 1998 - The Masterplan,Oasis,The Masterplan,Rock,14,Rock,
Y:\Oasis\Singles\Oasis - 2008.09.29 - The Shock Of The Lightning,Oasis,The Shock of the Lightning,Rock,2,Rock,
Y:\Oasis\Singles\Oasis - 2008.11.26 - The Shock Of The Lightning (Japan Edition),Oasis,The Shock of the Lightning,Rock,3,Rock,
Y:\Oasis\Singles\Oasis - 2008.09.29 - The Shock Of The Lightning (Primal Scream Remix),Oasis,The Shock Of The Lightning (Primal Scream Remix),Rock,1,Rock,
Y:\Oasis\Compilations\Oasis - 2010 - Time Flies...1994-2009\CD1,Oasis,Time Flies... 1994-2009,Rock,13,Rock,
Y:\Oasis\Compilations\Oasis - 2010 - Time Flies...1994-2009\CD2,Oasis,Time Flies... 1994-2009,Rock,14,Rock,
Y:\Oasis\Compilations\Oasis - 2010 - Time Flies...1994-2009\CD4 - iTunes Live London Festival,Oasis,Time Flies... 1994-2009,Rock,16,Rock,
Y:\#recycle\Oasis\Oasis - Whatever (1994),Oasis,Whatever,,4,Rock,
Y:\Oasis\Singles\Oasis - 1994.12.19 - Whatever,Oasis,Whatever,Rock,4,Rock,
Y:\Oasis\Singles\Oasis - 2000.04.17 - Who Feels Love,Oasis,Who Feels Love?,Rock,3,Rock,
Y:\Oasis\Singles\Oasis - 1995.10.30 - Wonderwall,Oasis,Wonderwall,Rock,4,Rock,
Y:\Oasis\Singles\Oasis - 1995.10.30 - Wonderwall (US Edition),Oasis,Wonderwall (US Edition),Rock,5,Rock,
Y:\Ocean Colour Scene\Ocean Colour Scene - Moseley Shoals (1996),Ocean Colour Scene,Moseley Shoals,,12,,
Y:\Odetta\Odetta - Sings Ballads and Blues (1956),Odetta,Sings Ballads and Blues,,16,,
Y:\Of Monsters And Men\Of Monsters And Men - My Head is an Animal (2011),Of Monsters And Men,My Head is an Animal,,11,,
Y:\Oingo Boingo\Oingo Boingo - Anthology (2CD) (1999),Oingo Boingo,Anthology (2CD),,34,,
Y:\Oliver Nelson\Oliver Nelson - The Blues And The Abstract Truth (1961),Oliver Nelson,The Blues And The Abstract Truth,,6,,
"Y:\Omar Souleyman\Omar Souleyman - To Syria, With Love (2017)",Omar Souleyman,"To Syria, With Love",Blues,7,,
Y:\Oneohtrix Point Never\Oneohtrix Point Never - Garden Of Delete (2015),Oneohtrix Point Never,Garden Of Delete,Blues,12,,
Y:\Orange Juice\Orange Juice - Rip It Up (1998),Orange Juice,Rip It Up  [...Coals To Newcastle - Disc 3],Rock,10,,
Y:\Orb\Orb - The Orb's Adventures Beyond The Ultraworld (Double Album) (1991),Orb,The Orb's Adventures Beyond The Ultraworld (Double Album) [CD 1],Blues,10,,
Y:\Orbital\Orbital - In Sides (1996),Orbital,In Sides,,11,,
Y:\Orbital\Orbital - Snivilisation (1994),Orbital,Snivilisation,Techno,10,,
Y:\Oregon\Oregon - Elvin Jones (1977),"Oregon, Elvin Jones",Together,,7,,
"Y:\Ornette Coleman\Ornette Coleman - At The Golden Circle, Vol. 1 (1965)",Ornette Coleman,"At The Golden Circle, Vol.1",Jazz,8,,
"Y:\Ornette Coleman\Ornette Coleman - At The Golden Circle, Vol. 2 (1965)",Ornette Coleman,"At The Golden Circle, Vol.2",Jazz,7,,
Y:\Ornette Coleman\Ornette Coleman - Change Of The Century (1959),Ornette Coleman,Change of the Century,Jazz,7,,
"Y:\Ornette Coleman\Ornette Coleman - Change Of The Century (1992, Remaster) (1960)",Ornette Coleman,"Change Of The Century (1992, Remaster)",Blues,7,,
Y:\Ornette Coleman\Ornette Coleman - Chappaqua Suite (1965),Ornette Coleman,Chappaqua Suite,Jazz,4,,
Y:\Ornette Coleman\Ornette Coleman - Dancing In Your Head (1976),Ornette Coleman,Dancing In Your Head,Jazz,4,,
Y:\Ornette Coleman\Ornette Coleman - Harlem's Manhattan (1961),Ornette Coleman,Harlem's Manhattan,Jazz,7,,
Y:\Ornette Coleman\Ornette Coleman - Ornette! (1961),Ornette Coleman,Ornette!,Jazz,4,,
"Y:\Ornette Coleman\Ornette Coleman - Science Fiction (1998, Remaster - Japan) (1971)",Ornette Coleman,"Science Fiction (1998, Remaster - Japan)",Blues,8,,
Y:\Ornette Coleman\Ornette Coleman - Skies Of America (1972),Ornette Coleman,Skies of America,Free Jazz,21,,
Y:\Ornette Coleman\Ornette Coleman - Sound Grammar (2006),Ornette Coleman,Sound Grammar,Jazz,9,,
Y:\Ornette Coleman\Ornette Coleman - The Art Of The Improvisers (1961),Ornette Coleman,The Art Of The Improvisers,Jazz,7,,
Y:\Ornette Coleman\Ornette Coleman - The Shape Of Jazz To Come (1959),Ornette Coleman,The Shape Of Jazz To Come,Jazz,6,,
Y:\Ornette Coleman\Ornette Coleman - Town Hall (1962),Ornette Coleman,Town Hall 1962,Jazz,4,,
Y:\Ornette Coleman\Ornette Coleman - Twins (1961),Ornette Coleman,Twins,Jazz,5,,
Y:\Ornette Coleman\Ornette Coleman - Virgin Beauty (1988),Ornette Coleman,Virgin Beauty,Jazz,11,,
Y:\Oscar Peterson\Oscar Peterson - Stephane Grappelli (1973),"Oscar Peterson, Stephane Grappelli",Jazz In Paris [Box Set] [CD 30]: Quartet Vol. 1,,13,Jazz,
Y:\Osunlade\Osunlade - Various Artists (2010),Osunlade,House Masters - Osunlade,,27,,
Y:\Otis Redding\Otis Redding - In Person At The Whisky A Go Go (1968),Otis Redding,In Person at the Whisky A Go Go,Soul,10,,
Y:\Otis Redding\Otis Redding - Otis Blue _ Otis Redding Sings Soul (1991_ Remastered US) (cat #_ ATCO Records – 7 80318-2)(1965),Otis Redding,"Otis Blue / Otis Redding Sings Soul (1991, Remastered US) (cat #: ATCO Records – 7 80318-2)",,11,,
Y:\Otis Redding\Otis Redding - The Dock Of The Bay. The Definitive Collection(1992),Otis Redding,The Definitive Collection - The dock of the bay,Soul,20,,
Y:\Compilations\Various Artists - Late Night Tales Metronomy (2012),Outkast,Late Night Tales: Metronomy,Electronica,20,,
Y:\Pale Saints\Pale Saints - In Ribbons (1992),Pale Saints,In Ribbons,,12,,
Y:\Pale Saints\Pale Saints - Slow Buildings (1994),Pale Saints,Slow Buildings,,11,,
Y:\Pale Saints\Pale Saints - The Comforts of Madness (1990),Pale Saints,The Comforts of Madness,,11,,
Y:\Panda Bear\Panda Bear - Panda Bear(1999),Panda Bear,Panda Bear,Indie Rock/Experimental,14,,
Y:\Panda Bear\Panda Bear - Person Pitch(2007),Panda Bear,Person Pitch,,7,,
Y:\Panda Bear\Panda Bear - Tomboy(2011),Panda Bear,Tomboy,,11,,
Y:\Panda Bear\Panda Bear - Young Prayer (Japanese Edition)(2004),Panda Bear,Young Prayer,Experimental/Folk/Ambient,10,,
Y:\Compilations\Various Artists - Fabriclive 73 - Pangaea (2014),Pangaea,Fabriclive 73 - Pangaea,,27,,
Y:\Powell\Powell - Gillespie (1953),"Parker, Gillespie, Powell, Roach, Mingus","The Quintet: Jazz At Massey Hall (2012, Remaster)",Blues,6,,
Y:\Pato Banton\Pato Banton - The Best Of (2008),Pato Banton,The Best Of,,12,,
Y:\Compilations\Various Artists - Country Legends (2005),Patsy Cline,Country Legends [CD 01]: Rawhide,,2,,
Y:\Patti Smith\Patti Smith - Banga(2012),Patti Smith,Banga (Special Edition),,12,,
Y:\Patti Smith Group\Patti Smith Group - Easter(1978),Patti Smith Group,Easter,,12,,
Y:\Patti Smith Group\Patti Smith Group - Radio Ethiopia(1976),Patti Smith Group,Radio Ethiopia,,9,,
Y:\Patti Smith Group\Patti Smith Group - Wave(1979),Patti Smith Group,Wave,,11,,
Y:\Patti Smith\Patti Smith - Kevin Shields (2008),"Patti Smith, Kevin Shields",The Coral Sea (2CD),,10,,
Y:\Patti Smith Kevin Shields\Patti Smith Kevin Shields - The Coral Sea (2CD)(2008),"Patti Smith, Kevin Shields",The Coral Sea (2CD),,10,,
Y:\Paul Bley\Paul Bley - Closer (1965),Paul Bley,Closer,Jazz,10,,
Y:\Paul Bley\Paul Bley - The Fabulous Paul Bley Quintet (1958),Paul Bley,The Fabulous Paul Bley Quintet,Jazz,4,,
Y:\Paul Bley\Paul Bley - Touching (1965),Paul Bley,Touching,Jazz,8,,
Y:\Paul Bley\Paul Bley - Barrage (1964),Paul Bley Quintet,Barrage,Jazz,6,,
Y:\Charles Mingus\Charles Mingus - Paul Bley (1953),"Paul Bley, Charles Mingus, Art Blakey",Introducing Paul Bley,Jazz,11,,
Y:\Barre Phillips\Barre Phillips - Evan Parker (1996),"Paul Bley, Evan Parker, Barre Phillips",Sankt Gerold,Jazz,12,,
Y:\Barre Phillips\Barre Phillips - Evan Parker (1994),"Paul Bley, Evan Parker, Barre Phillips",Time Will Tell,Jazz,11,,
Y:\Paul McCartney Linda McCartney\Paul McCartney Linda McCartney - Ram(1971),Paul McCartney,Ram,,11,,
Y:\Paul McCartney\Paul McCartney - The Family Way (Remastered_ 1999)(1967),Paul McCartney,"The Family Way (Remastered, 1999)",,25,,
Y:\Paul McCartney\Paul McCartney - Donovan (1969),"Paul McCartney, Donovan",No.3 Abbey Road N.W. 8,,8,,
Y:\Paul McCartney\Paul McCartney - Elvis Costello (1998),"Paul McCartney, Elvis Costello",The Mccartney & Mcmanus Collaboration,,19,,
Y:\Paul McCartney Wings\Paul McCartney Wings - Band On The Run (Remastered_ 2010)(1973),"Paul McCartney, Wings","Band On The Run (Remastered, 2010)",,9,,
Y:\Paul Simon\Paul Simon - Paul Simon (1973),Paul Simon,Paul Simon,,11,,
Y:\Paul Weller\Paul Weller - Stanley Road (1995),Paul Weller,Stanley Road,,12,,
Y:\Paul Weller\Paul Weller - Wild Wood (1993),Paul Weller,Wild Wood,,15,,
"Y:\Pavel Haas Quartet\Pavel Haas Quartet - Dvorak - Quintets, Op. 81 & 97 (2017)",Pavel Haas Quartet,"Dvorak - Quintets, Op. 81 & 97",Blues,8,,
Y:\Pavement\Pavement - Brighten The Corners (2008),Pavement,Brighten The Corners [CD 2],,44,,
Y:\Pavement\Pavement - Crooked Rain_ Crooked Rain(1994),Pavement,"Crooked Rain, Crooked Rain",,12,,
Y:\Pavement\Pavement - Slanted And Enchanted (1992),Pavement,Slanted And Enchanted [CD 1],,48,,
Y:\Pavement\Pavement - Terror Twilight (1999),Pavement,Terror Twilight,,11,,
Y:\Pavement\Pavement - Secret History Vol. 1 (1990-1992) (2015),Pavement,The Secret History Vol. 1,Indie Rock,30,,
Y:\Pavement\Pavement - Westing (By Musket And Sextant) (1993),Pavement,Westing (By Musket And Sextant),,23,,
Y:\Pavement\Pavement - Wowee Zowee (1995),Pavement,Wowee Zowee [CD 1],,50,,
Y:\Peaking Lights\Peaking Lights - 936 (2011),Peaking Lights,936,Lo-Fi,8,,
Y:\Peaking Lights\Peaking Lights - Cosmic Logic (2014),Peaking Lights,Cosmic Logic,Electronic,11,,
Y:\Peaking Lights\Peaking Lights - Lucifer (2012),Peaking Lights,Lucifer,,8,,
Y:\Peggy Lee\Peggy Lee - Black Coffee (1952),Peggy Lee,Black Coffee,,21,,
Y:\Percy Mayfield\Percy Mayfield - Johnny Moore's Three Blazers (2010),Percy Mayfield,ABC of the Blues [52-CD Box Set]  [CD 28],,20,Blues,
"Y:\Pere Ubu\Pere Ubu - The Modern Dance (2005, Remastered US) (1978)",Pere Ubu,"The Modern Dance (2005, Remastered US)",,10,,
Y:\Pet Shop Boys\Pet Shop Boys - Discography - The Complete Singles Collection (1991),Pet Shop Boys,Discography - The Complete Singles Collection,Synthpop,18,,
Y:\Pet Shop Boys\Pet Shop Boys - Discography - The Complete Singles Collection(1991),Pet Shop Boys,Discography - The Complete Singles Collection,Synthpop,18,,
Y:\Peter Bjorn And John\Peter Bjorn And John - Writer's Block (2006),Peter Bjorn And John,Writer's Block,,11,,
Y:\Peter Cook\Peter Cook - The Genius Of Peter Cook and Dudley Moore (2010),Peter Cook,The Genius Of Peter Cook and Dudley Moore,,11,,
Y:\Evan Parker\Evan Parker - Okkyung Lee (2011),"Peter Evans, Okkyung Lee, Evan Parker",The Bleeding Edge,,11,,
Y:\Compilations\Various Artists - Fabriclive 36 - James Murphy & Pat Mahoney (2007),Peter Goddon & Love of Life Orchestra,Fabriclive 36 - James Murphy & Pat Mahoney,,24,,
Y:\Compilations\Various Artists - Pebbles Vol.11 - Northern California (1996),Peter Wheat & The Breadmen,Pebbles Vol.11 - Northern California,,20,,
Y:\Petre inspirescu\Petre inspirescu - Fabric 68 (2013),Petre inspirescu,Fabric 68,,15,,
Y:\Petula Clark\Petula Clark - Downtown_ The Best Of(2001),Petula Clark,Downtown: The Best Of,,50,,
Y:\Pharoah Sanders\Pharoah Sanders - In The Beginning (1963-1964) (2012),Pharoah Sanders,In The Beginning (1963-1964) [CD 1],Blues,45,,
Y:\Pharoah Sanders\Pharoah Sanders - Karma (1969),Pharoah Sanders,Karma,,2,,
Y:\Pharoah Sanders\Pharoah Sanders - Tauhid (1993),Pharoah Sanders,Tauhid,Blues,3,,
Y:\Pharoah Sanders\Pharoah Sanders - Village Of The Pharoahs  Wisdom Through Music (2011),Pharoah Sanders,Village Of The Pharoahs / Wisdom Through Music,,12,,
Y:\Pharoah Sanders\Pharoah Sanders - Alice Coltrane (2009),"Pharoah Sanders, Alice Coltrane",Athens,,2,,
Y:\Legacy\Legacy - Phil Cohran (2010),"Phil Cohran, Legacy",African Skies,,8,,
Y:\Phil_Spector_-_Back_to_Mono_(1958-1969)_(3CD)_(1991),Phil Spector,Back to Mono (1958-1969) (3CD),,60,,
Y:\Philip Glass\Philip Glass - Akhnaten (2CD) (1987),Philip Glass,Akhnaten (2CD),,14,,
Y:\Philip Glass\Philip Glass - Arvo Part (1992),"Philip Glass, Peter Maxwell Davies, Arvo Part, Christopher Bowers-Broadbent",Trivium,Blues,8,,
Y:\Phosphorescent\Phosphorescent - A Hundred Times or More (2003),Phosphorescent,A Hundred Times or More,"Folk-Rock, Indie-Folk, Experimental",10,,
Y:\Phosphorescent\Phosphorescent - Aw Come Aw Wry (2005),Phosphorescent,Aw Come Aw Wry,"Folk-Rock, Indie-Folk, Experimental",12,,
Y:\Phosphorescent\Phosphorescent - here's to taking it easy (2010),Phosphorescent,here's to taking it easy,,9,,
Y:\Phosphorescent\Phosphorescent - Muchacho (2013),Phosphorescent,Muchacho,,10,,
Y:\Phosphorescent\Phosphorescent - Pride (2007),Phosphorescent,Pride,"Folk-Rock, Indie-Folk, Experimental",8,,
Y:\Phosphorescent\Phosphorescent - To Willie (2008),Phosphorescent,To Willie,"Folk-Rock, Indie-Folk, Experimental",11,,
"Y:\Pink Floyd\Pink Floyd - A Saucerful Of Secrets (1994, Remaster) (1968)",Pink Floyd,"A Saucerful Of Secrets (1994, Remaster)",,7,,
"Y:\Pink Floyd\Pink Floyd - Animals (2012, Remaster) (1977)",Pink Floyd,"Animals (2012, Remaster)",,5,,
"Y:\Pink Floyd\Pink Floyd - Atom Heart Mother (1994, Remaster) (1970)",Pink Floyd,"Atom Heart Mother (1994, Remaster)",,5,,
"Y:\Pink Floyd\Pink Floyd - Meddle (1994, Remaster) (1971)",Pink Floyd,"Meddle (1994, Remaster)",,6,,
"Y:\Pink Floyd\Pink Floyd - More (2011, Remastered) (1969)",Pink Floyd,"More (2011, Remastered) [CD 3]",,13,,
"Y:\Pink Floyd\Pink Floyd - Obscured By Clouds (1995, Remaster) (1972)",Pink Floyd,"Obscured By Clouds (1995, Remaster)",,10,,
Y:\Pink Floyd\Pink Floyd - Relics (1971),Pink Floyd,Relics,,11,,
"Y:\Pink Floyd\Pink Floyd - The Dark Side Of The Moon (2003, Remaster) (1973)",Pink Floyd,"The Dark Side Of The Moon (2003, Remaster)",,10,,
Y:\Pink Floyd\Pink Floyd - The Piper At The Gates Of Dawn (Japan) (1967),Pink Floyd,The Piper At The Gates Of Dawn (Japan),,11,,
"Y:\Pink Floyd\Pink Floyd - The Wall (1994, Remaster) (1979)",Pink Floyd,"The Wall (1994, Remaster)",,26,,
"Y:\Pink Floyd\Pink Floyd - Ummagumma (1994, Remaster) (1969)",Pink Floyd,"Ummagumma (1994, Remaster)",,12,,
"Y:\Pink Floyd\Pink Floyd - Wish You Were Here (2011, Remaster) (1975)",Pink Floyd,"Wish You Were Here (2011, Remaster)",,5,,
Y:\Pixies\Pixies - Acoustic in Newport (2005),Pixies,Acoustic in Newport,,21,,
Y:\Pixies\Pixies - Bossanova (1990),Pixies,Bossanova,,14,,
Y:\Pixies\Pixies - Come On Pilgrim (1987),Pixies,Come On Pilgrim,,8,,
Y:\Pixies\Pixies - Complete 'B' Sides (2001),Pixies,Complete 'B' Sides,Rock,19,,
Y:\Pixies\Pixies - Death to the Pixies (Limited Edition) (1997),Pixies,Death to the Pixies (Limited Edition) [CD 1],,17,,
Y:\Pixies\Pixies - Doolittle (1989),Pixies,Doolittle,,15,,
Y:\Pixies\Pixies - Indie Cindy (Deluxe Limited Edition) (2014),Pixies,Indie Cindy (Deluxe Limited Edition) [CD 1],,27,,
"Y:\Pixies\Pixies - Live At Salle Des Fetes De Thonex, Thonex, Switzerland. 11-02-2013 (2013)",Pixies,"Live At Salle Des Fêtes De Thônex, Thônex, Switzerland",Alt. Rock,20,,
Y:\Pixies\Pixies - Pixies At The BBC (1998),Pixies,Pixies At The BBC,,15,,
Y:\Pixies\Pixies - Surfer Rosa (1988),Pixies,Surfer Rosa,,13,,
Y:\Pixies\Pixies - Trompe Le Monde (1991),Pixies,Trompe Le Monde,,15,,
Y:\PJ Harvey\PJ Harvey - 4-Track Demos (1993),PJ Harvey,4-Track Demos,Blues,14,,
Y:\PJ Harvey\PJ Harvey - Dry (1992),PJ Harvey,Dry,Blues,11,,
Y:\PJ Harvey\PJ Harvey - Is This Desire (1998),PJ Harvey,Is This Desire?,Blues,12,,
Y:\PJ Harvey\PJ Harvey - Rid Of Me (1993),PJ Harvey,Rid Of Me,Blues,14,,
Y:\PJ Harvey\PJ Harvey - To Bring You My Love (1995),PJ Harvey,To Bring You My Love,Blues,10,,
Y:\Plaid\Plaid - Double Figure (2001),Plaid,Double Figure,Electronic,19,,
Y:\Plaid\Plaid - Mbuki Mvuki (1991),Plaid,Mbuki Mvuki,I.D.M.,8,,
Y:\Plaid\Plaid - Not For Threes (1998),Plaid,Not For Threes,Blues,17,,
Y:\Plaid\Plaid - Rest Proof Clockwork (1999),Plaid,Rest Proof Clockwork,Electronic,15,,
Y:\Plaid\Plaid - The Digging Remedy (2016),Plaid,The Digging Remedy,Blues,12,,
Y:\Plan B\Plan B - Heaven Before All Hell Breaks Loose (2018),Plan B,Heaven Before All Hell Breaks Loose,Alternative,14,,
Y:\Compilations\Various Artists - Fabriclive 08. Plump DJs (2003),Plump DJs,Fabriclive 08. Plump DJs,House,20,,
"Y:\Popol Vuh\Popol Vuh - Einsjager & Siebenjager (2004, Remaster) (1974)",Popol Vuh,"Einsjager & Siebenjager (2004, Remaster)",,8,,
Y:\Popol Vuh\Popol Vuh - Hosianna Mantra (1972),Popol Vuh,Hosianna Mantra,,9,,
Y:\Popol Vuh\Popol Vuh - Nosferatu (1979),Popol Vuh,Nosferatu,,10,,
Y:\Popol Vuh\Popol Vuh - Seligpreisung (1973),Popol Vuh,Seligpreisung,,9,,
Y:\Porches\Porches - Pool (2016),Porches.,Pool,,12,,
Y:\Portishead\Portishead - Dummy (1994),Portishead,Dummy,,11,,
Y:\Portishead\Portishead - Portishead (1997),Portishead,Portishead,New Age,11,,
Y:\Portishead\Portishead - Roseland NYC Live (1998),Portishead,Roseland NYC Live,,11,,
Y:\Portishead\Portishead - Third (2008),Portishead,Third,,11,,
Y:\Preservation Hall Jazz Band\Preservation Hall Jazz Band - Best Of Preservation Hall Jazz Band (1989),Preservation Hall Jazz Band,Best Of Preservation Hall Jazz Band,,13,,
Y:\Pretty Girls Make Graves\Pretty Girls Make Graves - Good Health (2002),Pretty Girls Make Graves,Good Health,Post-punk revival,13,,
Y:\Priests\Priests - Nothing Feels Natural (2017),PRIESTS,Nothing Feels Natural,Blues,10,,
Y:\Priests\Priests - The Seduction Of Kansas (2019),Priests,The Seduction Of Kansas,Blues,12,,
Y:\Primal Scream\Primal Scream - Chaosmosis (2016),Primal Scream,Chaosmosis,,10,,
Y:\Primal Scream\Primal Scream - Evil Heat(2002),Primal Scream,Evil Heat,Rock,11,,
Y:\Primal Scream\Primal Scream - Give Out But Don_t Give Up (Limited Edition)(1994),Primal Scream,Give Out But Don't Give Up,Rock,12,,
Y:\Primal Scream\Primal Scream - Primal Scream (1996_ Reissue)(1989),Primal Scream,Primal Scream,Rock,10,,
Y:\Primal Scream\Primal Scream - 1991 - Screamadelica,Primal Scream,Screamadelica,House,11,,
Y:\Primal Scream\Primal Scream - Sonic Flower Groove(1987),Primal Scream,Sonic Flower Groove,Electronica/Dance,10,,
Y:\Primal Scream\Primal Scream - Vanishing Point(1997),Primal Scream,Vanishing Point,Rock,11,,
Y:\Prince\Prince - 1999 (1982),Prince,1999,,11,,
Y:\Prince\1999 (2019-11-29),Prince,1999,Blues,54,,
Y:\_Untagged\1999 (Super Deluxe Edition) [CD 1] (2019),Prince,1999 (Super Deluxe Edition) [CD 1],Blues,1,,
Y:\Prince_-_1999_(Super_Deluxe_Edition)_(2019),Prince,1999 (Super Deluxe Edition) [CD 2],Blues,65,,
Y:\_Untagged\1999 (Super Deluxe Edition) [CD 2] (2019),Prince,1999 (Super Deluxe Edition) [CD 2],Blues,2,,
Y:\_Untagged\1999 (Super Deluxe Edition) [CD 5] (2019),Prince,1999 (Super Deluxe Edition) [CD 5],Blues,8,,
"Y:\Prince\Prince - Dirty Mind (Limited Edition) (Remastered, 2009) (1980)",Prince,"Dirty Mind (Limited Edition) (Remastered, 2009)",,8,,
Y:\Prince\Originals (2019-06-21),Prince,Originals,Pop / Rock / Funk,15,,
Y:\Prince\Prince - Prince (1979),Prince,Prince,,9,,
Y:\Prince\Prince - Purple Rain(1984),Prince,Purple Rain,,9,,
Y:\Prince\Prince - Sign 'O' The Times (1987),Prince,Sign 'O' The Times [CD 1],,16,,
Y:\Prince\Prince - Revolution (1985),Prince & The Revolution,Around The World In A Day,Soul,9,,
Y:\Prince Buster\Prince Buster - FABulous Greatest Hits(1993),Prince Buster,FABulous Greatest Hits,,24,,
Y:\Prince Far I\Prince Far I - B.B.C. John Peel session (1978),Prince Far I,B.B.C. John Peel session,,6,,
Y:\Prince\Prince - Revolution (1986),"Prince, Revolution","Parade (Remastered, 2009) (Limited Edition)",,12,,
Y:\Prins Thomas\Prins Thomas - Prins Thomas (2010),Prins Thomas,Prins Thomas,,7,,
Y:\Lindstrom\Lindstrom - Prins Thomas (2005),"Prins Thomas, Lindstrom",Lindstrom and Prins Thomas,,13,,
Y:\Procol Harum\Procol Harum - Inside-Outside The Very Best Of (Live & In The Studio) (2014),Procol Harum,Inside/Outside: The Very Best Of Live & In The Studio CD 1,Rock,32,,
Y:\Procol Harum\Procol Harum - Procol Harum (Deluxe Edition) (2015),Procol Harum,Procol Harum (Deluxe Edition),Rock,37,,
Y:\_Untagged\Always Outnumbered Never Outgunned (2004),Prodigy,Always Outnumbered Never Outgunned,,1,,
"Y:\Prodigy\Always Outnumbered, Never Outgunned (2004)",Prodigy,"Always Outnumbered, Never Outgunned",,10,,
Y:\_Untagged\Music For The Jilted Generation  (1995),Prodigy,Music For The Jilted Generation,,1,,
Y:\#recycle\Releases\release_284275,Prodigy,The Fat of the Land,,10,,
Y:\Professor Longhair\Professor Longhair - Junior Parker (2010),Professor Longhair,ABC of the Blues [52-CD Box Set]  [CD 36],,20,Blues,
Y:\Professor Longhair\Professor Longhair - New Orleans Piano (1972),Professor Longhair,New Orleans Piano,,16,,
Y:\Propaganda\Propaganda - Noise And Girls Come Out To Play  A Compact Introduction To Propaganda (2012),Propaganda,Noise And Girls Come Out To Play / A Compact Introduction To Propaganda,,19,,
Y:\Protomartyr\Protomartyr - Under Cover Of Official Right (2014),Protomartyr,Under Cover Of Official Right,,14,,
Y:\Psyche\Psyche - 69 Minutes Of History (1993),Psyche,69 Minutes Of History,,14,,
Y:\Psychedelic Furs\Psychedelic Furs - Forever Now (1982),Psychedelic Furs,Forever Now,Blues,16,,
Y:\Psychedelic Furs\Psychedelic Furs - Talk Talk Talk (1981),Psychedelic Furs,Talk Talk Talk,Blues,13,,
Y:\Psychic Ills\Psychic Ills - Dins (2005),Psychic Ills,Dins,Psychedelic,10,,
Y:\Public Enemy\Public Enemy - Apocalypse 91... The Enemy Strikes Black(1991),Public Enemy,Apocalypse 91... The Enemy Strikes Black,,14,,
Y:\Public Enemy\Public Enemy - Fear Of A Black Planet(1990),Public Enemy,Fear Of A Black Planet,,20,,
Y:\Public Enemy\Public Enemy - How You Sell Soul To A Soulless People Who Sold Their Soul (2007),Public Enemy,How You Sell Soul To A Soulless People Who Sold Their Soul???,,19,,
Y:\Public Enemy\Public Enemy - It Takes A Nation Of Millions To Hold Us Back (2000_ Remaster)(1988),Public Enemy,"It Takes A Nation Of Millions To Hold Us Back (2000, Remaster)",,16,,
Y:\Public Enemy\Public Enemy - It Takes A Nation_ The First London Invasion Tour 1987(2005),Public Enemy,It Takes A Nation: The First London Invasion Tour 1987,,19,,
Y:\Public Enemy\Public Enemy - Yo! Bum Rush The Show(1987),Public Enemy,Yo! Bum Rush The Show,Rap,12,,
Y:\Public Image Ltd\Public Image Ltd - Metal Box (Second Edition)(1979),Public Image Ltd,Metal Box (Second Edition),,12,,
Y:\Public Image Ltd\Public Image Ltd - Public Image(1978),Public Image Ltd,Public Image,,8,,
Y:\Pulp\Pulp - Different Class(1995),Pulp,Different Class,,12,,
Y:\Pulp\Pulp - His _N_ Hers(1994),Pulp,His 'N' Hers,Blues,12,,
Y:\Pulp\Pulp - More (2025),Pulp,More [Rough Trade  RT0541LPE 2025],Rock,11,,
Y:\Pulp\Pulp - The Peel Sessions (2006),Pulp,Peel Sessions (Disc 2),Rock,29,,
Y:\Pulp\Pulp - Separations (1992),Pulp,Separations,Brit Rock,9,,
Y:\Pulp\Pulp - This Is Hardcore (Deluxe Edition) (1998),Pulp,This Is Hardcore Deluxe Edition (2 CD ),Brit Pop,26,,
Y:\Purity Ring\Purity Ring - Shrines (2012),Purity Ring,Shrines,,11,,
Y:\Compilations\Various Artists - DJ Kicks Mixed By John Talabot (Studio !K7 - K7312DTM) (2013),Pye Corner Audio,DJ Kicks Mixed By John Talabot (Studio !K7 - K7312DTM),,23,,
Y:\Pylon\Pylon - Chomp More (2009),Pylon,Chomp More,,16,,
Y:\Pylon\Pylon - The Eternal Wedding Band (2006),Pylon,The Eternal Wedding Band,,12,,
"Y:\Queen_-_The_Platinum_Collection_(Box_Set)_(2011,_Remastered_SHM-CD)_(cat_#__UICY-75044)_(1981) (1)",Queen,The Platinum Collection (2011 Remaster) [CD 1]: Greatest Hits,,53,,
Y:\Queensryche\Queensryche - Operation Mindcrime (1988),Queensryche,Operation: Mindcrime,,15,,
Y:\R.E.M\R.E.M. - Automatic For The People (1992),R.E.M.,Automatic For The People,,12,,
Y:\R.E.M\R.E.M. - Green (1988),R.E.M.,Green,,11,,
Y:\R.E.M\R.E.M. - Out Of Time (1991),R.E.M.,Out Of Time,,11,,
Y:\R.E.M\R.E.M. - Reckoning (25th Anniversary - Deluxe Editions) (1984),R.E.M.,Reckoning (25th Anniversary - Deluxe Editions) [CD 2]: Live At The Aragon Ballroom,,26,,
Y:\Radiohead\A Moon Shaped Pool (2016-05-08),Radiohead,A Moon Shaped Pool,Indie Rock,13,,
Y:\Radiohead\Amnesiac (2009-09-16),Radiohead,Amnesiac,,14,,
Y:\_Untagged\Amnesiac (Collectors Edition) (2CD) (2009),Radiohead,Amnesiac (Collectors Edition) (2CD),,5,,
Y:\Radiohead\Amnesiac College (2001),Radiohead,Amnesiac College,,3,,
Y:\Radiohead\Radiohead - Com Lag 2+2=5 (2004),Radiohead,Com Lag: 2+2=5,,18,,
Y:\#recycle\Releases\release_1474812,Radiohead,Hail to the Thief: Live Recordings 2003–2009,Indie Rock / Alter. Rock / Experimental,12,,
Y:\#recycle\Releases\release_683,Radiohead,I Might Be Wrong: Live Recordings,,7,,
Y:\Radiohead\In Rainbows (2007-12-03),Radiohead,In Rainbows,,17,,
Y:\#recycle\Releases\release_283256,Radiohead,In Rainbows [CD 2],,1,,
Y:\Radiohead\Kid A (2009),Radiohead,Kid A,,22,,
Y:\_Untagged\Kid A (Collector's Edition) (2 CD) (2009),Radiohead,Kid A (Collector's Edition) (2 CD),,1,,
Y:\_Untagged\Live from the Basement The King of Limbs (2011),Radiohead,Live from the Basement The King of Limbs,,7,,
Y:\Radiohead\Radiohead - Me & this Army Radiohead Remixes (2005),Radiohead,Me & this Army: Radiohead Remixes,,16,,
Y:\Radiohead\Radiohead - OK Computer (Oknotok 1997-2017) (2017),Radiohead,OK Computer [OKNOTOK 1997 2017],,23,,
Y:\Radiohead\Pablo Honey (1993),Radiohead,Pablo Honey,Blues,11,,
Y:\Radiohead\Pablo Honey (2009-03-24),Radiohead,Pablo Honey,Blues,16,,
Y:\#recycle\Releases\release_786622,Radiohead,Pablo Honey (Japan Special Edition) [CD 2],Blues,1,,
Y:\_Untagged\Pablo Honey (Japan Special Edition) [CD 2] (1993),Radiohead,Pablo Honey (Japan Special Edition) [CD 2],Blues,6,,
"Y:\Radiohead\Radiohead - The Bends (Remastered, 2009) (2CD) (1995)",Radiohead,"The Bends (Remastered, 2009) (2CD)",,33,,
Y:\Radiohead\Radiohead - The King Of Limbs (2011),Radiohead,The King Of Limbs,,8,,
Y:\Radiohead\The King of Limbs_ Live From the Basement (2011-12),Radiohead,The King of Limbs: Live From the Basement,,1,,
Y:\Radiohead\The King of Limbs_ Live from the Basement (2011-12-19),Radiohead,The King of Limbs: Live from the Basement,,3,,
Y:\Radiohead\Radiohead - TKOL RMX 1234567 (2011),Radiohead,TKOL RMX 1234567 [CD 2],,19,,
Y:\Rahsaan Rolland Kirk\Rahsaan Rolland Kirk - And Al Hibbler A Meeting Of The Times (1972),Rahsaan Rolland Kirk,And Al Hibbler: A Meeting Of The Times,,9,,
Y:\Ramones\Ramones - Anthology Hey Ho Let's Go (1999),Ramones,Anthology: Hey Ho Lets Go  (Disc 1),Punk Rock,58,,
"Y:\Ramones\Ramones - Leave home (2002, Remastered US) (1977)",Ramones,"Leave home (2002, Remastered US)",,31,,
"Y:\Compilations\Various Artists - No Thanks! The '70s Punk Rebellion (4CD, Box-Set) (2003)",Ramones,"No Thanks! The '70s Punk Rebellion (4CD, Box-Set) [CD 3]",,100,,
Y:\Ramones\Ramones - Ramones (1976),Ramones,Ramones,Rock,14,,
Y:\Ramones\Ramones - Road To Ruin (1978),Ramones,Road To Ruin,Punk Rock,12,,
"Y:\Ramones\Ramones - Rocket To Russia (2001, Remastered EU) (1977)",Ramones,"Rocket To Russia (2001, Remastered EU)",,19,,
Y:\Ran Blake\Ran Blake - All That Is Tied (2006),Ran Blake,All That Is Tied,,12,,
Y:\Ran Blake\Ran Blake - Driftwoods (2009),Ran Blake,Driftwoods,Blues,14,,
Y:\Ran Blake Quartet\Ran Blake Quartet - Short Life Of Barbara Monk (1986),Ran Blake Quartet,Short Life Of Barbara Monk,,11,,
Y:\Ran Blake Quartet\Ran Blake Quartet - Short Life Of Barbara Monk(1986),Ran Blake Quartet,Short Life Of Barbara Monk,,11,,
Y:\Randy Newman\Randy Newman - Good Old Boys (1974),Randy Newman,Good Old Boys,,12,,
Y:\Philip Glass\Philip Glass - Ravi Shankar (1990),"Ravi Shankar, Philip Glass",Passages,,6,,
Y:\Ray Charles\Ray Charles - Modern Sounds in Country and Western Music (1962),Ray Charles,Modern Sounds in Country and Western Music,,15,,
Y:\Ray Charles\Ray Charles - Ray Charles At Newport (1958),Ray Charles,Ray Charles At Newport,,8,,
"Y:\Ray Charles\Ray Charles - The Birth Of Soul (3CD, Box-Set) (1991)",Ray Charles,"The Birth Of Soul (3CD, Box-Set) [CD 2]",,53,,
Y:\Ray Charles\Ray Charles - The Essential (2013),Ray Charles,The Essential,,20,,
Y:\Ray Charles\Ray Charles - The Genius Sings The Blues (1961),Ray Charles,The Genius Sings The Blues,,12,,
Y:\Real Estate\Real Estate - Atlas (2014),Real Estate,Atlas,,10,,
Y:\Real Estate\Real Estate - Days (2011),Real Estate,Days,,10,,
Y:\Real Estate\Real Estate - Real Estate (2009),Real Estate,Real Estate,,10,,
Y:\Red House Painters\Red House Painters - Down Colorful Hill (1992),Red House Painters,Down Colorful Hill,,6,,
Y:\Red House Painters\Red House Painters - Ocean Beach (1995),Red House Painters,Ocean Beach,Blues,9,,
Y:\Red House Painters\Red House Painters - Red House Painters I (1993),Red House Painters,Red House Painters I,,14,,
Y:\Red House Painters\Red House Painters - Red House Painters III (1993),Red House Painters,Red House Painters III,,8,,
Y:\Red House Painters\Red House Painters - Songs For A Blue Guitar (1996),Red House Painters,Songs For A Blue Guitar,,11,,
Y:\Red Nichols\Red Nichols - Big Bands Of The Swingin' Years Red Nichols (Digitally Remastered) (2010),Red Nichols,Big Bands Of The Swingin' Years: Red Nichols (Digitally Remastered),,14,,
Y:\Belle & Sebastian\Belle & Sebastian - Various Artists (2006),Rehash,Late Night Tales,,26,,
Y:\Reigning Sound\Reigning Sound - Shattered (2014),Reigning Sound,Shattered,,11,,
Y:\Compilations\Various Artists - Blue Note Rare Grooves (1996),Reuben Wilson,Blue Note Rare Grooves,,13,,
Y:\Reverend Horton Heat\Reverend Horton Heat - Smoke _Em If You Got _Em(1991),Reverend Horton Heat,Smoke 'Em If You Got 'Em,,12,,
Y:\Reverend Horton Heat\Reverend Horton Heat - The Full-Custom Gospel Sounds Of (1993),Reverend Horton Heat,The Full-Custom Gospel Sounds Of,,12,,
Y:\Rhye\Rhye - Open (EP) (2012),Rhye,Open - EP,Electronic,6,,
Y:\Rhye\Rhye - The Fall (EP) (2012),Rhye,The Fall EP,Lo-Fi,6,,
Y:\Rhye\Rhye - Woman (2013),Rhye,Woman,,10,,
Y:\Richard Berry\Richard Berry - Barbecue bob (2010),Richard Berry,ABC of the Blues [52-CD Box Set] [CD 2],,20,Blues,
Y:\Richard Galliano\Richard Galliano - Bach (2010),Richard Galliano,Bach,,16,,
Y:\Richard Galliano\Richard Galliano - Mozart (2016),Richard Galliano,Mozart,Blues,11,,
Y:\Richard Hell the Voidoids\Richard Hell the Voidoids - Blank Generation(1977),Richard Hell & The Voidoids,"Blank Generation [1990, 7599-26137-2]",Punk,12,,
Y:\Richard M. Sherman\Richard M. Sherman - Robert B. Sherman (2004),"Richard M. Sherman, Robert B. Sherman",Mary Poppins (Special Edition) [CD 1],,51,,
Y:\Rickie Lee Jones\Rickie Lee Jones - It's Like This (2000),Rickie Lee Jones,It's Like This,,11,,
Y:\Ride\Ride - Going Blank Again(1992),Ride,Going Blank Again,,10,,
Y:\Ride\Ride - Nowhere(1990),Ride,Nowhere,,11,,
Y:\Ride\Ride - Tarantula (1996),Ride,Tarantula,Blues,12,,
Y:\Ride\Ride - Weather Diaries (2017),Ride,Weather Diaries,Rock,11,,
Y:\Ringo Starr\Ringo Starr - Beaucoups Of Blues (1995_ Remaster - Japan)(1970),Ringo Starr,"Beaucoups Of Blues (1995, Remaster - Japan)",Blues,14,,
Y:\Ringo Starr\Ringo Starr - Blast From Your Past(1976),Ringo Starr,Blast From Your Past,,10,,
Y:\Rjd2\Rjd2 - Dead Ringer (2002),Rjd2,Dead Ringer,,16,,
Y:\Rjd2\Rjd2 - The Horror (2003),Rjd2,The Horror,,10,,
Y:\Robert Ashley\Robert Ashley - Automatic Writing (1979),Robert Ashley,Automatic Writing,,3,,
Y:\Robert Johnson - ABC of the Blues [52-CD Box Set](2010),Robert Johnson,ABC of the Blues [52-CD Box Set]  [CD 18],,20,Blues,
Y:\Robert Johnson\Robert Johnson - King Of The Delta Blues(1997),Robert Johnson,King Of The Delta Blues,Blues,16,,
Y:\Robert Nighthawk\Robert Nighthawk - Johnny Otis (2010),Robert Nighthawk,ABC of the Blues [52-CD Box Set]  [CD 34],,20,Blues,
Y:\Rodriguez\Rodriguez - Cold Fact (1991_ Remaster)(1970),Rodriguez,"Cold Fact (1991, Remaster)",,12,,
Y:\Rodriguez\Rodriguez - Coming From Reality (2005_ Remaster)(1971),Rodriguez,"Coming From Reality (2005, Remaster)",,10,,
Y:\Roger McGough\Roger McGough - A Summer with Monika (1978),Roger McGough,A Summer with Monika,,19,,
Y:\Roger Sanchez\Choice_ A Collection of Classics (2007-01-29),Roger Sanchez,Choice: A Collection of Classics,,27,,
"Y:\Roky Erickson\Roky Erickson - Anthology, I Have Always Been Here Before (2005)",Roky Erickson,"Anthology, I Have Always Been Here Before  [CD 1]",Blues,43,,
Y:\Roky Erickson and The Aliens\Roky Erickson and The Aliens - The Evil One (1981),Roky Erickson and The Aliens,The Evil One,,15,,
Y:\Okkervil River\Okkervil River - Roky Erickson (2010),"Roky Erickson, Okkervil River",True Love Cast Out All Evil,,12,,
Y:\Rone\Rone - Tohu Bohu (2012),Rone,Tohu Bohu,,10,,
Y:\Roni Size\Roni Size - Take Lontrol (2014),Roni Size,Take Lontrol,,16,,
Y:\Roni Size Reprazent\Roni Size Reprazent - New Forms (1997),Roni Size Reprazent,New Forms,,23,,
Y:\Compilations\Various Artists - Blue Note Trip 2 (2004),Ronnie Foster,Blue Note Trip 2 (CD 1): Sunset,,34,,
Y:\Compilations\Various Artists - Blue Note Trip 3 (2004),Ronnie Laws,Blue Note Trip 3 (CD 2): Gettin' Up,,31,,
Y:\Son House\Son House - Roosevelt Sykes (2010),Roosevelt Sykes,ABC of the Blues [52-CD Box Set]  [CD 41],,20,Blues,
Y:\Lizzy Mercier Descloux\Lizzy Mercier Descloux - Rosa yemen (1979),"Rosa yemen, Lizzy Mercier Descloux","Press Color (2003, Reissue)",Blues,18,,
Y:\Roscoe Mitchell\Roscoe Mitchell - Nonaah (1977),Roscoe Mitchell,Nonaah [CD 2],,14,,
Y:\Rose City Band\Rose City Band - Earth Trip (2021),Rose City Band,Earth Trip,Folk,8,,
Y:\Rose City Band\Rose City Band - Garden Party (2023),Rose City Band,Garden Party,Rock,8,,
Y:\Rose City Band\Rose City Band - Rose City Band (2019),Rose City Band,Rose City Band,Indie-Rock/Psychedelic/Folk,7,,
Y:\Rose City Band\Rose City Band - Sol Y Sombra (2025),Rose City Band,Sol Y Sombra,Rock,10,,
Y:\Rose City Band\Rose City Band - Summerlong (2020),Rose City Band,Summerlong,Indie-Rock/Psychedelic/Folk,8,,
Y:\Roxy Music\Roxy Music - Roxy Music (2012),Roxy Music,"Singles, B-Sides And Alternative Mixes CD1",Blues,106,,
Y:\Roy Harper\Roy Harper - HQ (1975),Roy Harper,HQ,Folk,10,,
Y:\Roy Milton\Roy Milton - Amos Milburn (2010),Roy Milton,ABC of the Blues [52-CD Box Set]  [CD 30],,20,Blues,
Y:\Roy Orbison\Roy Orbison - The Essential Roy Orbison (2010),Roy Orbison,The Essential Roy Orbison,,42,,
Y:\Royal Headache\Royal Headache - Royal Headache (2011),Royal Headache,Royal Headache,Other,12,,
Y:\Rubblebucket\Rubblebucket - Omega La La (2011),Rubblebucket,Omega La La,,11,,
Y:\Rubblebucket\Rubblebucket - Survival Sounds (2014),Rubblebucket,Survival Sounds,,11,,
Y:\Rubblebucket\Rubblebucket - Triangular Daisies (EP) (2010),Rubblebucket,Triangular Daisies (EP),,6,,
Y:\Run D.M.C\Run D.M.C - King Of Rock(1985),Run D.M.C,King Of Rock,,9,,
Y:\Run D.M.C\Run D.M.C - Raising Hell (remastered_ 2005)(1986),Run D.M.C,"Raising Hell (remastered, 2005)",,17,,
Y:\Run D.M.C\Run D.M.C - Walk This Way - The Best Of(2010),Run D.M.C,Walk This Way - The Best Of,,16,,
Y:\#recycle\Releases\release_864670,Run The Jewels,RTJ3,Hip-Hop,4,,
Y:\Run the Jewels\RTJ3 (2016),Run The Jewels,RTJ3,Hip-Hop,2,,
Y:\Run the Jewels\RTJ4 (2020),Run The Jewels,RTJ4,Hip-Hop,1,,
Y:\Run the Jewels\RTJ4 (2020-06-02),Run the Jewels,RTJ4,Hip-Hop,10,,
Y:\Run the Jewels\Run the Jewels (2013),Run the Jewels,Run the Jewels,,10,,
Y:\Run the Jewels\Run The Jewels 2 (2014),Run The Jewels,Run The Jewels 2,Hip-Hop,1,,
Y:\Run the Jewels\Run the Jewels 2 (2014-10-24),Run the Jewels,Run the Jewels 2,Hip-Hop,9,,
Y:\Run the Jewels\Run the Jewels 2 (2014-10-27),Run the Jewels,Run the Jewels 2,Hip-Hop,1,,
Y:\Run the Jewels\Run the Jewels 3 (2016-12-25),Run the Jewels,Run the Jewels 3,Hip-Hop,8,,
Y:\Ryuichi Sakamoto\Ryuichi Sakamoto - Async (2017),Ryuichi Sakamoto,async,*,14,,
Y:\Ryuichi Sakamoto\Ryuichi Sakamoto - Alva Noto (2015),"Ryuichi Sakamoto, Alva Noto & Bryce Dessner",The Revenant (OST),Soundtrack,23,,
Y:\Sadael\Sadael - Vox Clamantis (2009),Sadael,Desolation (Split),,8,,
Y:\Saint Etienne\Saint Etienne - Foxbase Alpha (Deluxe Edition) (2CD) (2009),Saint Etienne,Foxbase Alpha (Deluxe Edition) (2CD),,27,,
Y:\Saint Etienne\Saint Etienne - So Tough (2010),Saint Etienne,So Tough,,15,,
Y:\Saint Etienne\Saint Etienne - Sound Of Water (2010),Saint Etienne,Sound Of Water,,10,,
Y:\Compilations\Various Artists - The Rough Guide to Bellydance Cafe (2007),Salatin El Tarab Orchestra,The Rough Guide to Bellydance Cafe,,18,,
"Y:\Sam Cooke\Sam Cooke - Live At The Harlem Square Club, 1963 (1985)",Sam Cooke,"Live At The Harlem Square Club, 1963",,9,,
Y:\Sam Cooke\Sam Cooke - Live At The Harlem Square Club_ 1963(1985),Sam Cooke,"Live At The Harlem Square Club, 1963",,9,,
Y:\Compilations\Various Artists - Fabric 69 Sandwell District (2013),Sandwell District,Fabric 69,Techno,30,,
Y:\Sandy Denny\Sandy Denny - Sandy (1972),Sandy Denny,Sandy,,15,,
Y:\Compilations\Various Artists - Sgt. Pepper's Lonely Hearts Club Band (1978),Sandy Farina,Sgt. Pepper's Lonely Hearts Club Band,,24,,
Y:\Santigold\Santigold - I Don't Want The Gold Fire Sessions (2018),Santigold,I Don't Want: The Gold Fire Sessions,New Wave | Hip Hop,10,,
Y:\Ran Blake\Ran Blake - Sara Serpa (2010),"Sara Serpa, Ran Blake",Camera Obscura,,10,,
Y:\Saul Williams\Saul Williams - MartyrLoserKing (2016),Saul Williams,MartyrLoserKing,Blues,12,,
Y:\Scissor Sisters\Scissor Sisters - Scissor Sisters (2004),Scissor Sisters,Scissor Sisters,Blues,14,,
Y:\Scott Walker\Scott Walker - 5 Easy Pieces (2003),Scott Walker,5 Easy Pieces [CD 1],,92,,
Y:\Scott Walker\Scott Walker - Scott (1967),Scott Walker,Scott,,12,,
Y:\Scott Walker\Scott Walker - Scott 2 (1968),Scott Walker,Scott 2,,12,,
Y:\Scott Walker\Scott Walker - Scott 3 (1969),Scott Walker,Scott 3,,13,,
Y:\Scott Walker\Scott Walker - Scott 4 (1969),Scott Walker,Scott 4,,10,,
Y:\Scott Walker\Scott Walker - Sunn O))) (2014),"Scott Walker, Sunn O)))",Soused,,5,,
Y:\Screamin' Jay Hawkins\Screamin' Jay Hawkins - Earl Hooker (2010),Screamin' Jay Hawkins,ABC of the Blues [52-CD Box Set]  [CD 14],,20,Blues,
Y:\Compilations\Various Artists - Fabric 01 Craig Richards (2001),SCSI-9,Fabric 01: Craig Richards,Blues,16,,
"Y:\Sepultura\Sepultura - Arise (1997, Remaster) (1991)",Sepultura,"Arise (1997, Remaster)",Thrash Metal,13,,
Y:\Sepultura\Sepultura - Beneath The Remains (1989),Sepultura,Beneath The Remains,,10,,
Y:\Sepultura\Sepultura - Chaos A.D. (Reissue) (1996),Sepultura,Chaos A.D. (Reissue),,16,,
Y:\Sepultura\Sepultura - Roots (Japan) (1996),Sepultura,Roots (Japan),Blues,17,,
Y:\Serge Gainsbourg\Serge Gainsbourg - Gainsbourg... Forever (2CD) (2001),Serge Gainsbourg,Gainsbourg... Forever (2CD),,42,,
Y:\Serge Gainsbourg\Serge Gainsbourg - Histoire De Melody Nelson(1971),Serge Gainsbourg,Histoire De Melody Nelson,,7,,
Y:\Serge Gainsbourg\Serge Gainsbourg - Le Claqueur De Mots (1958-1959) (2010),Serge Gainsbourg,Le Claqueur De Mots (1958-1959),,43,,
Y:\Seun Kuti\Seun Kuti - From Africa With Fury Rise (2012),Seun Kuti,From Africa With Fury Rise,,7,,
Y:\Seun Kuti\Seun Kuti - Egypt 80 (2014),"Seun Kuti, Egypt 80",A Long Way To The Beginning,,7,,
Y:\Seun Kuti\Seun Kuti - Fela's Egypt 80 (2008),"Seun Kuti, Fela's Egypt 80",Many Things,,7,,
Y:\Sex Pistols\Sex Pistols - Never Mind the Bollocks(1977),Sex Pistols,Never Mind the Bollocks,,12,,
Y:\Sex Pistols\Sex Pistols - The Great Rock _N_ Roll Swindle(1980),Sex Pistols,The Great Rock 'N' Roll Swindle,,24,,
Y:\Sexwitch\Sexwitch - Sexwitch (2015),SEXWITCH,SEXWITCH,"Psychodelic, Folk, Indie",6,,
Y:\Shabaka And The Ancestors\Shabaka And The Ancestors - Wisdom Of Elders (2016),Shabaka And The Ancestors,Wisdom Of Elders,Blues,9,,
Y:\Shackleton\Shackleton - Fabric 55 Shackleton (2010),Shackleton,Fabric 55: Shackleton,,22,,
Y:\Compilations\Various Artists - Pebbles Vol.01 (1992),Shadows Of Knight,Pebbles Vol.01,,20,,
"Y:\Shaggs\Shaggs - Philosophy of the World (1999, Remastered EU) (1969)",Shaggs,"Philosophy of the World (1999, Remastered EU) (cat #: BMG / RCA Victor - 09026 63371 2)",,12,,
Y:\Helen Anahita Wilson\Helen Anahita Wilson - Shahbaz Hussain (2019),"Shahbaz Hussain, Helen Anahita Wilson",Diwan,Blues,7,,
Y:\Sharon Van Etten\Sharon Van Etten - Are We there (2014),Sharon Van Etten,Are We there,,11,,
Y:\Sheer Mag\Sheer Mag - 7'' II (EP) (2015),Sheer Mag,7'' II EP,Punk,4,,
Y:\Compilations\Various Artists - 100% Dynamite NYC! (2CD) (2009),Shinehead,100% Dynamite NYC! (2CD),,22,,
Y:\Shirley Bassey\Shirley Bassey - And I love you so (1972),Shirley Bassey,And I love you so,,14,,
Y:\Jonny Greenwood\Jonny Greenwood - Shye Ben Tzur (2015),"Shye Ben Tzur, Jonny Greenwood, The Rajasthan Express",Junun [CD 2],Blues,13,,
Y:\Sidney Bechet\Sidney Bechet - Claude Luter (1948),"Sidney Bechet, Claude Luter",Jazz In Paris [Box Set] [CD 22]: Sidney Bechet Et Claude Luter,,18,Jazz,
Y:\Compilations\Various Artists - Scuba DJ-Kicks (2011),Sigha,Scuba DJ-Kicks (cat #: Studio !K7 – !K7291CD),,32,,
Y:\Silver Apples\Silver Apples - Contact (1969),Silver Apples,Contact (Cat #: Whirlybird Rec. - WR102),,9,,
Y:\Silver Apples\Silver Apples - Silver Apples (1968),Silver Apples,Silver Apples (Cat #: Whirlybird Rec. - WR101),,10,,
Y:\Silver Jews\Silver Jews - American Water (1998),Silver Jews,American Water,,12,,
Y:\Compilations\Various Artists - Fabriclive 41 - Simian Mobile Disco (2008),Simian Mobile Disco,Fabriclive 41 - Simian Mobile Disco,,22,,
Y:\Simon & Garfunkel\Simon & Garfunkel - Greatest Hits (1972),Simon & Garfunkel,Greatest Hits,,14,,
Y:\Simon & Garfunkel\Simon & Garfunkel - Sounds Of Silence (1965),Simon & Garfunkel,Sounds Of Silence,Blues,15,,
Y:\the Banshees Siouxsie\the Banshees Siouxsie - A Kiss In The Dreamhouse(1982),"Siouxsie, the Banshees",A Kiss In The Dreamhouse,,13,,
Y:\the Banshees Siouxsie\the Banshees Siouxsie - Join Hands(1979),"Siouxsie, the Banshees",Join Hands,,10,Rock,
Y:\the Banshees Siouxsie\the Banshees Siouxsie - Juju(1981),"Siouxsie, the Banshees",Juju,,9,Rock,
Y:\the Banshees Siouxsie\the Banshees Siouxsie - Kaleidoscope(1980),"Siouxsie, the Banshees",Kaleidoscope,,20,,
Y:\the Banshees Siouxsie\the Banshees Siouxsie - Nocturne(1983),"Siouxsie, the Banshees",Nocturne,,16,,
Y:\the Banshees Siouxsie\the Banshees Siouxsie - The Scream(1978),"Siouxsie, the Banshees",The Scream,,10,,
Y:\Sippie Wallace\Sippie Wallace - Peetie Wheatstraw (2010),Sippie Wallace,ABC of the Blues [52-CD Box Set]  [CD 48],,20,Blues,
"Y:\Sister Nancy\Sister Nancy - One, Two (1982)",Sister Nancy,"One, Two",Blues,10,,
Y:\Compilations\Various Artists - Fabric 72 Rhadoo (2013),Sit,Fabric 72: Rhadoo,,17,,
Y:\Skepta\Skepta - Konnichiwa (2016),Skepta,Konnichiwa,Hip-Hop,12,,
Y:\Slade\Slade - Sladest (2011 remastered) (1973),Slade,Sladest (2011 remastered),,18,,
Y:\Sleaford Mods\Sleaford Mods - Austerity Dogs (2013),Sleaford Mods,Austerity Dogs,Blues,13,,
Y:\Sleaford Mods\Sleaford Mods - Divide And Exit (2014),Sleaford Mods,Divide And Exit,,14,,
Y:\Sleaford Mods\Sleaford Mods - English Tapas (2017),Sleaford Mods,English Tapas,Blues,12,,
Y:\Sleaford Mods\Sleaford Mods - Key Markets (2015),Sleaford Mods,Key Markets,,12,,
Y:\Sleaford Mods\Sleaford Mods - Sleaford Mods (EP) (2018),Sleaford Mods,Sleaford Mods EP,Post-Punk,5,,
Y:\Sleater-Kinney\Sleater-Kinney - No Cities To Love (2015),Sleater Kinney,No Cities To Love,Alternative,10,,
Y:\Sleater-Kinney\Sleater-Kinney - All Hands On The Bad One (2000),Sleater-Kinney,All Hands On The Bad One,,13,,
Y:\Sleater-Kinney\Sleater-Kinney - Call The Doctor (1996),Sleater-Kinney,Call The Doctor,,12,,
Y:\Sleater-Kinney\Sleater-Kinney - Dig Me Out (1997),Sleater-Kinney,Dig Me Out,,13,,
Y:\Sleater-Kinney\Sleater-Kinney - One Beat (2002),Sleater-Kinney,One Beat,,12,,
Y:\Sleater-Kinney\Sleater-Kinney - The Hot Rock (1999),Sleater-Kinney,The Hot Rock,,13,,
Y:\Sleater-Kinney\Sleater-Kinney - The Woods (2005),Sleater-Kinney,The Woods,,10,,
Y:\Sleeper\Sleeper - Smart (1995),Sleeper,Smart,,12,,
"Y:\Slint\Slint - Spiderland (2014, Remaster) (1991)",Slint,"Spiderland (2014, Remaster) [CD 2]",,20,,
Y:\Slowdive\Slowdive - Slowdive (2017),Slowdive,Slowdive,Indie,8,,
Y:\Slowthai\Slowthai - Nothing Great About Britain (2019),slowthai,Nothing Great About Britain,Hip-Hop,17,,
"Y:\Slum Village\Slum Village - Fan-Tas-Tic, Vol. 1 (2006)",Slum Village,"Fan-Tas-Tic, Vol. 1",,24,,
Y:\Sly & The Family Stone\Sly & The Family Stone - Fresh (1973),Sly & The Family Stone,Fresh,,11,,
"Y:\Sly & The Family Stone\Sly & The Family Stone - Stand! (2007, Remaster) (1969)",Sly & The Family Stone,"Stand! (2007, Remaster)",,13,,
"Y:\Sly & The Family Stone\Sly & The Family Stone - There's A Riot Goin' On (2007, Remaster) (1971)",Sly & The Family Stone,"There's A Riot Goin' On (2007, Remaster)",,16,,
Y:\Small Faces\Small Faces - Small Faces (Remastered_ 1997)(1966),Small Faces,"Small Faces (Remastered, 1997)",,17,,
Y:\Small Faces\Small Faces - The Complete Collection(1992),Small Faces,The Complete Collection,,24,,
Y:\Snooks Eaglin\Snooks Eaglin - Sleepy John Estes (2010),Snooks Eaglin,ABC of the Blues [52-CD Box Set] [CD 10],,20,Blues,
"Y:\Compilations\Various Artists - Brazilian Beats (8CD, Box-Set) (2007)",Som Tres,Brazilian Beats 'n Pieces: The Best Of Brazilian Beats,Brazilian Fusion,147,,
Y:\Sonic Youth\Sonic Youth - Goo (1990),Sonic Youth,Goo,Blues,11,,
Y:\Sonny Boy Williamson II\Sonny Boy Williamson II - Sonny Boy Williamson I (2010),Sonny Boy Williamson II,ABC of the Blues [52-CD Box Set]  [CD 50],,21,Blues,
Y:\Sonny Fisher\Sonny Fisher - Various Artists (2012),Sonny Fisher,It's Saturday Night! Starday-Dixie Rockabilly 1955-1961 Vol 1,,35,,
"Y:\Sonny Rollins\Sonny Rollins - A Night At The Village Vanguard (1987, Remaster) (1957)",Sonny Rollins,"A Night At The Village Vanguard (1987, Remaster) [CD 2]",Blues,16,,
"Y:\Sonny Rollins\Sonny Rollins - Saxophone Colossus (2006, Remaster) (1956)",Sonny Rollins,"Saxophone Colossus (2006, Remaster)",Blues,5,,
Y:\Sonny Rollins\Sonny Rollins - Sonny Side Up (1957),Sonny Rollins,Sonny Side Up,,4,,
Y:\Sonny Rollins\Sonny Rollins - Way Out West (1957),Sonny Rollins,Way Out West,,6,,
Y:\Dizzy Gillespie\Dizzy Gillespie - Sonny Rollins (1957),"Sonny Rollins, Sonny Stitt, Dizzy Gillespie",Sonny Side Up (single),,4,,
"Y:\Sonny Sharrock\Sonny Sharrock - Guitar (1994, Remaster) (1986)",Sonny Sharrock,"Guitar (1994, Remaster)",,9,,
Y:\Sonny Terry\Sonny Terry - Eddie Taylor (2010),Sonny Terry,ABC of the Blues [52-CD Box Set]  [CD 44],,20,Blues,
Y:\Sonny Terry\Sonny Terry - Brownie McGhee (1959),"Sonny Terry, Brownie McGhee",Back To New Orleans,,21,,
Y:\Sons of Kemet\Sons of Kemet - Your Queen Is A Reptile (2018),Sons of Kemet,Your Queen Is A Reptile,Jazz,9,,
Y:\Soulwax\Soulwax - Essential (2018),Soulwax,ESSENTIAL,,12,,
Y:\Soulwax\Soulwax - From Deewee (2017),Soulwax,From Deewee,Blues,12,,
Y:\Sound\Sound - From The Lions Mouth (1981),Sound,From The Lions Mouth,,10,,
Y:\Spacemen 3\Spacemen 3 - Playing With Fire(1989),Spacemen 3,Playing With Fire,,13,,
Y:\Spacemen 3\Spacemen 3 - The Perfect Prescription(1987),Spacemen 3,The Perfect Prescription,,13,,
Y:\Compilations\Various Artists - Fabriclive 33 - Spank Rock (2007),Spank Rock,Fabriclive 33 - Spank Rock,,29,,
Y:\Sparks\Sparks - Kimono My House & Big Beat (2000),Sparks,Kimono my house/Big beat,Blues,23,,
Y:\Sparks\Sparks - New Music For Amnesiacs - The Essential Collection (2013),Sparks,New Music For Amnesiacs - The Essential Collection [CD 1],,40,,
Y:\Compilations\Various Artists - Late Night Tales  Nouvelle Vague (2007),Special A.K.A.,Late Night Tales  Nouvelle Vague,,21,,
Y:\Spice Girls\Spice Girls - Spice (1996),Spice Girls,Spice,Blues,10,,
Y:\Spiritualized\Spiritualized - Amazing Grace(2003),Spiritualized,Amazing Grace,Rock,11,,
Y:\Spiritualized\Spiritualized - Ladies and Gentlemen We Are Floating in Space(1997),Spiritualized,Ladies and Gentlemen We Are Floating in Space,Rock,12,,
Y:\Spiritualized\Spiritualized - Let It Come Down(2001),Spiritualized,Let It Come Down,Rock,11,,
Y:\Spiritualized\Spiritualized - Royal Albert Hall October 10 1997 (1998),Spiritualized,Royal Albert Hall October 10 1997 Disc 1,Rock,14,,
Y:\Spiritualized\Spiritualized - Songs In A&E(2008),Spiritualized,Songs In A&E,Alt. Rock,18,,
Y:\Spiritualized\Spiritualized - Sweet Heart Sweet Light(2012),Spiritualized,Sweet Heart Sweet Light,Rock,11,,
Y:\Compilations\Various Artists - Fabriclive 57 - Jackmaster (2011),Splack Pack,Fabriclive 57 - Jackmaster,,29,,
Y:\St. Vincent\St. Vincent - Actor (2009),St. Vincent,Actor,,11,,
Y:\St. Vincent\St. Vincent - Marry Me (2007),St. Vincent,Marry Me,Chamber Pop,11,,
Y:\St. Vincent\St. Vincent - Masseduction (Japan Edition) (2017),St. Vincent,Masseduction (Japan Edition),,14,,
Y:\St. Vincent\St. Vincent - Strange Mercy (2011),St. Vincent,Strange Mercy,,11,,
Y:\David Byrne\David Byrne - St. Vincent (2012),"St. Vincent, David Byrne",Love This Giant,Blues,12,,
Y:\Staff Benda Bilili\Staff Benda Bilili - Bouger le monde! (2012),Staff Benda Bilili,Bouger le monde!,,11,,
Y:\Staff Benda Bilili\Staff Benda Bilili - Tres Tres Fort (2009),Staff Benda Bilili,Tres Tres Fort,,11,,
Y:\Stan Getz\Stan Getz - The complete roost recordings (1997),Stan Getz,The complete roost recordings (CD 1),,59,,
Y:\Stan Getz & Chet Baker\Stan Getz & Chet Baker - quintessence Vol II (2000),Stan Getz & Chet Baker,quintessence Vol II,,7,,
Y:\Stars Of The Lid\Stars Of The Lid - And Their Refinement of the Decline (2007),Stars Of The Lid,And Their Refinement of the Decline [CD1],,18,,
Y:\Stars Of The Lid\Stars Of The Lid - The Tired Sounds Of Stars Of The Lid (2001),Stars Of The Lid,The Tired Sounds Of Stars Of The Lid,,19,,
Y:\Stealing Sheep\Stealing Sheep - Big Wows (2019),Stealing Sheep,Big Wows,,11,,
Y:\Stereo MC_s\Stereo MC_s - Connected(1992),Stereo MC's,Connected,,12,,
Y:\Compilations\Various Artists - DJ-Kicks (2000),Stereo MC's,DJ-Kicks,,25,,
Y:\Evan Parker\Evan Parker - Steve Lacy (1991),"Steve Lacy, Evan Parker",Chirps,,6,,
Y:\Steve Miller Band\Greatest Hits (2006),Steve Miller Band,Greatest Hits,Rock | Blues | Blues Rock | Psychedelic Rock | Rock'n'Roll | Hard Rock | AOR | Melodic Rock | Progressive Rock | Art Rock | Contemporary Pop Rock | Soft Rock | Disco Rock | Country Rock | Classic Rock,10,,
Y:\Steve Reich\Steve Reich - Different Trains Piano Phase (2006),Steve Reich,Different Trains Piano Phase,,8,,
Y:\Steve Reich\Steve Reich - Double Sextet2x5 (2010),Steve Reich,Double Sextet/2x5,,6,,
Y:\Steve Reich\Steve Reich - Drumming (1987),Steve Reich,Drumming,,4,,
Y:\Steve Reich\Steve Reich - Music for 18 Musicians (2007),Steve Reich,Music for 18 Musicians,,14,,
Y:\Steve Reich\Steve Reich - Radio Rewrite (2014),Steve Reich,Radio Rewrite,,9,,
Y:\Steve Reid\Steve Reid - Nova (1976),Steve Reid,Nova,Blues,5,,
Y:\Stevie Wonder\Stevie Wonder - For Once In My Life(1968),Stevie Wonder,For Once In My Life,,12,,
Y:\Stevie Wonder\Stevie Wonder - I Was Made to Love Her(1967),Stevie Wonder,I Was Made to Love Her,"R&B, Soul",12,,
Y:\Stevie Wonder\Stevie Wonder - Innervisions(1973),Stevie Wonder,Innervisions,Jazz+Funk,9,,
Y:\Stevie Wonder\Stevie Wonder - Signed Sealed & Delivered(1970),Stevie Wonder,Signed Sealed & Delivered,Rhythmic Soul,12,,
Y:\Stevie Wonder\Stevie Wonder - Songs In The Key Of Life(1976),Stevie Wonder,Songs in the Key of Life,R&B,17,,
Y:\Stevie Wonder\Stevie Wonder - Stevie At The Beach(1964),Stevie Wonder,Stevie At The Beach,,11,,
Y:\Stevie Wonder\Stevie Wonder - Talking Book(1972),Stevie Wonder,Talking Book,Blues,10,,
Y:\Sturgill Simpson\Sturgill Simpson - High Top Mountain (2013),Sturgill Simpson,High Top Mountain,Country,12,,
Y:\Sturgill Simpson\Sturgill Simpson - Metamodern Sounds In Country Music (2014),Sturgill Simpson,Metamodern Sounds In Country Music,,9,,
Y:\Suede\Suede - Beautiful Ones An Introduction To Suede (2016),Suede,Beautiful Ones: An Introduction to Suede,,15,,
Y:\Suede\Suede - Dog Man Star(1994),Suede,Dog Man Star,,12,,
Y:\Suede\Suede - Suede(1993),Suede,Suede,,11,,
Y:\Sufjan Stevens\Sufjan Stevens - Carrie & Lowell (2015),Sufjan Stevens,Carrie & Lowell,Indie,11,,
Y:\Sufjan Stevens\Sufjan Stevens - Enjoy Your Rabbit (2001),Sufjan Stevens,Enjoy Your Rabbit,,14,,
Y:\Sufjan Stevens\Sufjan Stevens - Greetings From Michigan The Great Lake State (2003),Sufjan Stevens,Greetings From Michigan: The Great Lake State,,15,,
Y:\Sufjan Stevens\Sufjan Stevens - Illinois (2005),Sufjan Stevens,Illinois,,22,,
Y:\Sufjan Stevens\Sufjan Stevens - Seven Swans (2004),Sufjan Stevens,Seven Swans,,12,,
Y:\Sufjan Stevens\Sufjan Stevens - Silver & Gold Vol. 10 - Christmas Unicorn (2012),Sufjan Stevens,Silver & Gold Vol. 10 - Christmas Unicorn,,9,,
Y:\Sufjan Stevens\Sufjan Stevens - Silver & Gold Vol. 6 - Gloria (2012),Sufjan Stevens,Silver & Gold Vol. 6 - Gloria,,8,,
Y:\Sufjan Stevens\Sufjan Stevens - Silver & Gold Vol. 7 - I Am Santa's Helper! (2012),Sufjan Stevens,Silver & Gold Vol. 7 - I Am Santa's Helper!,,23,,
Y:\Sufjan Stevens\Sufjan Stevens - Silver & Gold Vol. 8 - Infinity Voyage (2012),Sufjan Stevens,Silver & Gold Vol. 8 - Infinity Voyage,,9,,
Y:\Sufjan Stevens\Sufjan Stevens - Silver & Gold Vol. 9 - Let It Snow! (2012),Sufjan Stevens,Silver & Gold Vol. 9 - Let It Snow!,,9,,
Y:\Sufjan Stevens\Sufjan Stevens - The Age Of Adz (2010),Sufjan Stevens,The Age Of Adz,,11,,
Y:\Sufjan Stevens\Sufjan Stevens - The Avalanche (2006),Sufjan Stevens,The Avalanche,,21,,
Y:\Sufjan Stevens\Sufjan Stevens - The BQE (2009),Sufjan Stevens,The BQE,,13,,
Y:\Suicide\Suicide - Suicide (1980),Suicide,Suicide,,13,,
Y:\Suicide\Suicide - Suicide(1978),Suicide,Suicide,,9,,
Y:\Sultans Of Ping FC\Sultans Of Ping FC - Casual Sex In The Cineplex (1993),Sultans Of Ping FC,Casual Sex In The Cineplex,,12,,
Y:\Sun Kil Moon\Sun Kil Moon - Admiral Fell Promises (2010),Sun Kil Moon,Admiral Fell Promises,Blues,10,,
Y:\Sun Kil Moon\Sun Kil Moon - Among The Leaves (2012),Sun Kil Moon,Among The Leaves [CD 1],Blues,22,,
Y:\Sun Kil Moon\Sun Kil Moon - April (2008),Sun Kil Moon,April [CD 1],Blues,15,,
Y:\Sun Kil Moon\Sun Kil Moon - Benji (Limited Edition) (2014),Sun Kil Moon,Benji (Limited Edition) CD1,Indie Rock / Folk Rock / Acoustic,16,,
Y:\Sun Ra\Sun Ra - Atlantis (1967),Sun Ra,Atlantis,,6,,
Y:\Sun Ra\Sun Ra - New Horizons (2008),Sun Ra,New Horizons,,19,,
Y:\Sun Ra\Sun Ra - Secrets Of The Sun (2009),Sun Ra,Secrets Of The Sun,,7,,
Y:\Sun Ra\Sun Ra - Space Is the Place(1998),Sun Ra,Space Is the Place,,5,,
Y:\Sun Ra\Sun Ra - The Antique Blacks (2009),Sun Ra,The Antique Blacks,,8,,
"Y:\Sun Ra\Sun Ra - Heliocentric Worlds, Vol. 2 (1965)",Sun Ra,The Heliocentric Worlds Of Sun Ra Vol. 2,Jazz,3,,
"Y:\Sun Ra\Sun Ra - Heliocentric Worlds, Vol. 1 (1969)",Sun Ra,"The Heliocentric Worlds of Sun Ra, Vol. 1",Jazz,7,,
Y:\Sun Ra\Sun Ra - The Magic City (1965),Sun Ra,The Magic City,,4,,
Y:\Sun Ra\Sun Ra - The Night of the Purple Moon (2007),Sun Ra,The Night of the Purple Moon,,15,,
Y:\Sun Ra\Sun Ra - Toward The Stars (Pioneering in 1955-1956) (2007),Sun Ra,Toward The Stars (Pioneering in 1955-1956),,14,,
Y:\Sun Ra\Sun Ra - Jazz In Silhouette (1958),Sun Ra and his Arkestra,Jazz in Silhouette,Jazz,8,Jazz,
Y:\Sun Ra\Sun Ra - His Arkestra (2014),"Sun Ra, His Arkestra",In The Orbit Of Ra [CD 2],Blues,20,,
Y:\Sunnyland Slim\Sunnyland Slim - Johnny Shines (2010),Sunnyland Slim,ABC of the Blues [52-CD Box Set]  [CD 42],,20,Blues,
Y:\Super Furry Animals\Super Furry Animals - Dark DaysLight Years (2009),Super Furry Animals,Dark Days/Light Years,,12,,
Y:\Super Furry Animals\Super Furry Animals - Rings Around The World (2001),Super Furry Animals,Rings Around The World,Blues,13,,
Y:\Supergrass\Supergrass - I Should Coco(1995),Supergrass,I Should Coco,Blues,13,,
Y:\Supergrass\Supergrass - In It For The Money (1997),Supergrass,In It For The Money,Blues,12,,
Y:\Superpitcher\Superpitcher - Kilimanjaro (2010),Superpitcher,Kilimanjaro,,11,,
Y:\Surfer Blood\Surfer Blood - Astrocoast(2010),Surfer Blood,Astrocoast,,10,,
Y:\Swell Maps\Swell Maps - A Trip To Marineville (1979),Swell Maps,A Trip To Marineville,,22,,
Y:\Swell Maps\Swell Maps - Jane From Occupied Europe (2004),Swell Maps,Jane From Occupied Europe,Blues,16,,
Y:\Syl Johnson\Syl Johnson - Is It Because I'm Black (69'-71') (2006),Syl Johnson,Is It Because I'm Black? (69'-71'),Blues,20,,
"Y:\T. Rex\T. Rex - The Albums Collection (10CD, Box-Set) (2014)",T. Rex,T.Rex,Rock,129,,
Y:\T. Rex\T. Rex - Unicorn (1969),T.Rex,Unicorn,,16,,
Y:\Compilations\Various Artists - Berghain 02 (Marcel Dettmann) (2008),Tadeo,Berghain 02 (Marcel Dettmann),,17,,
Y:\Talking Heads\Talking Heads - Fear Of Music (1979),Talking Heads,Fear Of Music,Blues,11,,
Y:\Talking Heads\Talking Heads - Little Creatures (1985),Talking Heads,Little Creatures,,9,,
Y:\Talking Heads\Talking Heads - Live at GBGB_ NY (bootleg)(1975),Talking Heads,"Live at GBGB, NY (bootleg)",,6,,
Y:\Talking Heads\Talking Heads - Live at The Agora_ Cleveland(1979),Talking Heads,"Live at The Agora, Cleveland",,10,,
Y:\Talking Heads\Talking Heads - More Songs About Buildings And Food (1978),Talking Heads,More Songs About Buildings And Food,Blues,11,,
Y:\Talking Heads\Talking Heads - Naked(1988),Talking Heads,Naked,,11,,
Y:\Talking Heads\Talking Heads - Rare 12'' Mixes (2005),Talking Heads,Rare 12'' Mixes,,9,,
Y:\Talking Heads\Talking Heads - Remain In Light (1980),Talking Heads,Remain In Light,,12,,
Y:\Talking Heads\Talking Heads - Sand In The Vaseline - Popular Favorites (1976-1992) (1992),Talking Heads,Sand In The Vaseline - Popular Favorites (1976-1992) [CD 1],Blues,33,,
Y:\Talking Heads\Talking Heads - Speaking In Tongues (1983),Talking Heads,Speaking In Tongues,Blues,9,,
Y:\Talking Heads\Talking Heads - Stop Making Sense (Special Edition) (1999),Talking Heads,Stop Making Sense (Special Edition),,16,,
Y:\Talking Heads\Talking Heads - Talking Heads 77 (1977),Talking Heads,Talking Heads: 77,,11,,
Y:\Talking Heads\Talking Heads - The name of this band is Talking Heads (1982),Talking Heads,The Name of This Band is Talking Heads,Rock,33,,
Y:\Tame Impala\Tame Impala - Currents (2015),Tame Impala,Currents,Blues,13,,
Y:\Tame Impala\Tame Impala - Innerspeaker (Limited Edition) (2011),Tame Impala,Innerspeaker (Limited Edition),,20,,
Y:\Tame Impala\Tame Impala - Lonerism (Limited Edition) (2012),Tame Impala,Lonerism (Limited Edition) [CD 1],Psychedelic Rock,17,,
"Y:\Tangerine Dream\Tangerine Dream - Atem (2011, Remaster) (1973)",Tangerine Dream,"Atem (2011, Remaster) [CD 1]",Blues,5,,
Y:\Tangerine Dream\Tangerine Dream - Cyclone(1978),Tangerine Dream,Cyclone,Blues,3,,
Y:\Tangerine Dream\Tangerine Dream - Exit(1981),Tangerine Dream,Exit,Blues,6,,
Y:\Tangerine Dream\Tangerine Dream - Phaedra (1974),Tangerine Dream,Phaedra,Blues,4,,
Y:\Tangerine Dream\Tangerine Dream - Rubycon (1975),Tangerine Dream,Rubycon,Blues,2,,
Y:\Tangerine Dream\Tangerine Dream - Stratosfear(1976),Tangerine Dream,Stratosfear,Blues,4,,
Y:\Tangerine Dream\Tangerine Dream - White Eagle(1982),Tangerine Dream,White Eagle,Blues,4,,
Y:\Haruomi Hosono\Haruomi Hosono - Tatsuro Yamashita (1978),"Tatsuro Yamashita, Shigeru Suzuki, Haruomi Hosono",Pacific,Blues,8,,
Y:\Taylor Swift\1989,Taylor Swift,1989,Pop,13,,
Y:\Taylor Swift\Fearless (International Version),Taylor Swift,Fearless (International Version),,16,,
Y:\Taylor Swift\folklore,Taylor Swift,folklore,Alternative,16,,
Y:\Taylor Swift\Lover,Taylor Swift,Lover,Pop,18,,
Y:\Taylor Swift\Red,Taylor Swift,Red,,16,,
Y:\Taylor Swift\reputation,Taylor Swift,reputation,Pop,15,,
Y:\Taylor Swift\Speak Now,Taylor Swift,Speak Now,Pop,14,,
Y:\Taylor Swift\Taylor Swift,Taylor Swift,Taylor Swift,,15,,
Y:\Jimmy Witherspoon\Jimmy Witherspoon - T-Bone Walker (2010),T-Bone Walker,ABC of the Blues [52-CD Box Set]  [CD 46],,20,Blues,
Y:\Compilations\Various Artists - Fabriclive 70 Friction (2013),Technimatic,Fabriclive 70: Friction,,31,,
Y:\Teenage Jesus and The Jerks\Teenage Jesus and The Jerks - Live 1977-1979 (2015),Teenage Jesus and The Jerks,Live 1977-1979,Blues,27,,
Y:\Television\Television - Adventure (2003_ Remaster)(1978),Television,"Adventure (2003, Remaster)",,12,,
Y:\Television\Television - Double Exposure(1975),Television,Double Exposure,,15,,
Y:\Television\Television - Marquee Moon(1977),Television,Marquee Moon,,13,,
Y:\Teodor Currentzis\Teodor Currentzis - Stravinsky - Le Sacre Du Printemps (2015),Teodor Currentzis,Stravinsky - Le Sacre Du Printemps,Blues,14,,
Y:\Terry reid\Terry reid - River (1973),Terry Reid,River,Rock,7,,
Y:\Terry Riley\Terry Riley - A Rainbow in Curved Air (1967),Terry Riley,A Rainbow in Curved Air,,2,,
Y:\Test Dept\Test Dept. - A Good Night Out (1987),Test Dept.,A Good Night Out,,7,,
Y:\Test Dept\Test Dept. - Beating A Retreat (1984),Test Dept.,Beating A Retreat,,7,,
Y:\Test Dept\Test Dept. - Ecstacy Under Duress (1984),Test Dept.,Ecstacy Under Duress,,11,,
Y:\Test Dept\Test Dept. - The Unacceptable Face Of Freedom (1987),Test Dept.,The Unacceptable Face Of Freedom,,11,,
Y:\The 1975\The 1975 - The 1975 (Deluxe Edition) (2013),The 1975,The 1975 (Deluxe Edition) [CD 2],,33,,
Y:\the Afghan Whigs\the Afghan Whigs - Gentlemen (1993),the Afghan Whigs,Gentlemen,Blues,11,,
Y:\The Amps\The Amps - Pacer (1995),The Amps,Pacer,Blues,12,,
"Y:\Compilations\Various Artists - Nigeria Special Modern Highlife, Afro-Sounds & Nigerian Blues 1970-6 (2008)",the Anambra Beats,"Nigeria Special: Modern Highlife, Afro-Sounds & Nigerian Blues 1970-6",,26,,
Y:\the Appleseed Cast\the Appleseed Cast - Low Level Owl Vol. 1(2001),the Appleseed Cast,Low Level Owl Vol. 1,,14,,
Y:\the Appleseed Cast\the Appleseed Cast - Low Level Owl Vol. 2(2001),the Appleseed Cast,Low Level Owl Vol. 2,,12,,
Y:\Andrew Weatherall - Masterpiece_ Created By Andrew Weatherall [2 CD](2012),The Asphodells,Masterpiece: Created By Andrew Weatherall [2 CD],,36,,
Y:\the Association\the Association - The Complete Warner Bros. and Valiant Singles Collection (2012),The Association,The Complete Warner Bros. & Valiant Singles Collection [CD 2],Pop,37,,
"Y:\Compilations\Various_Artists_-_Common_People,_Brit_Pop,_The_Story_(3CD)_(2009)",the Auteurs,"Common People, Brit Pop, The Story (3CD)",,54,,
Y:\The B-52_s\The B-52_s - The B-52_s(1979),The B-52's,The B-52's,,9,,
Y:\The B-52_s\The B-52_s - Whammy (1983),The B-52's,Whammy,,9,,
Y:\The B-52_s\The B-52_s - Wild Planet(1980),The B-52's,Wild Planet,,9,,
Y:\Nick Cave\Nick Cave - The Bad Seeds (1986),"The Bad Seeds, Nick Cave",Your Funeral My Trial (Digital Remaster 2009),,8,,
Y:\Band\Band - Live At The Academy Of Music 1971 (The Rock Of Ages Concerts) (1971),The Band,Live At The Academy Of Music 1971 (The Rock Of Ages Concerts) [CD 2],,56,,
Y:\Band\Band - Music from Big Pink (1968),The Band,Music from Big Pink,,11,,
Y:\Band\Band - The Band(1969),The Band,The Band,,12,,
Y:\The Beach Boys\The Beach Boys - All Summer Long(1964),The Beach Boys,All Summer Long,Pop,12,,
Y:\The Beach Boys\The Beach Boys - Christmas Album(1964),The Beach Boys,Christmas Album,Pop,16,,
Y:\The Beach Boys\The Beach Boys - Little Deuce Coupe(1963),The Beach Boys,Little Deuce Coupe,Rock,12,,
Y:\The Beach Boys\The Beach Boys - Lost & Found (1961-1962)(1961),The Beach Boys,Lost & Found (1961-1962),,21,,
Y:\The Beach Boys\The Beach Boys - Pet Sounds (Remastered_ 1996)(1966),The Beach Boys,"Pet Sounds (Remastered, 1996)",,16,,
Y:\The Beach Boys\The Beach Boys - Smiley Smile (Japan Pastmasters)(1967),The Beach Boys,Smiley Smile (Japan Pastmasters),,11,,
Y:\The Beach Boys\The Beach Boys - Surfer Girl(1963),The Beach Boys,Surfer Girl,Oldies,12,,
Y:\The Beach Boys\The Beach Boys - Surfin Safari(1962),The Beach Boys,Surfin Safari,,12,,
Y:\The Beach Boys\The Beach Boys - Surfin_ USA(1963),The Beach Boys,Surfin' USA,,12,,
Y:\The Beach Boys\The Beach Boys - Today! & Summer Days (And Summer Nights!!)(1965),The Beach Boys,Today! & Summer Days (And Summer Nights!!),,29,,
Y:\Beatles\Beatles - 1 (2000),The Beatles,1,,27,,
Y:\Beatles\Beatles - 1967 - 1970 (1973),The Beatles,1967 - 1970 [CD 1],,28,,
Y:\Beatles\Beatles - Abbey Road (Super Deluxe Edition) (2019),The Beatles,Abbey Road (Super Deluxe Edition) [CD 1],Blues,40,,
"Y:\Beatles\Beatles - Anthology Collection (8CD, Box-Set) (2025)",The Beatles,Anthology 1,Rock/Pop,191,,
"Y:\Beatles\Beatles_-_Anthology_Collection_(8CD,_Box-Set)_(2025)",The Beatles,Anthology 1,Rock/Pop,191,,
Y:\Beatles\Beatles - Get Back (The Rooftop Performance) (2022),The Beatles,Get Back (The Rooftop Performance),Classic Rock,10,,
"Y:\Beatles\Beatles - John Barrett's Cassette Dubs,  Vol. 2 - Los Paranoias (1999)",The Beatles,"John Barrett's Cassette Dubs,  Vol. 2 - Los Paranoias",Blues,9,Rock,
"Y:\Beatles\Beatles - John Barrett's Cassette Dubs,  Vol. 3 - She Loves You (1999)",The Beatles,"John Barrett's Cassette Dubs,  Vol. 3 - She Loves You",Blues,25,Rock,
"Y:\Beatles\Beatles - John Barrett's Cassette Dubs,  Vol. 4 - How Do You Do It (1999)",The Beatles,"John Barrett's Cassette Dubs,  Vol. 4 - How Do You Do It",Blues,21,Rock,
"Y:\Beatles\Beatles - John Barrett's Cassette Dubs, Vol. 5 - Odds & Ends (1999)",The Beatles,"John Barrett's Cassette Dubs, Vol. 5 - Odds & Ends",Blues,14,Rock,
"Y:\Beatles\Beatles - John Barrett's Cassette Dubs, Vol. 6 - Abbey Road Video Show (1999)",The Beatles,"John Barrett's Cassette Dubs, Vol. 6 - Abbey Road Video Show",Blues,25,Rock,
"Y:\Beatles\Beatles - John Barrett's Cassette Dubs, Vol. 7 - Get Back Glyn Johns Mix Jan. 5, 1970 (1999)",The Beatles,"John Barrett's Cassette Dubs, Vol. 7 - Get Back: Glyn Johns Mix Jan. 5, 1970",Blues,16,Rock,
"Y:\Beatles\Beatles - John Barrett's Cassette Dubs, Vol. 8 - Sessions (1999)",The Beatles,"John Barrett's Cassette Dubs, Vol. 8 - Sessions",Blues,15,Rock,
"Y:\Beatles\Beatles - Let It Be (2009, Remaster) (1970)",The Beatles,"Let It Be (2009, Remaster)",,12,,
Y:\Beatles\Beatles - Live at the BBC (1962),The Beatles,Live at the BBC,,69,,
Y:\Beatles\Beatles - Live At The Hollywood Bowl (1964-1965) (2016),The Beatles,Live At The Hollywood Bowl (1964-1965),Blues,17,,
Y:\Beatles\Beatles - On Air - Live At The BBC Vol. 2 (2013),The Beatles,On Air - Live At The BBC Vol. 2 [CD 1],,63,,
Y:\Beatles\Beatles - Past Masters - Volume Two (1988),The Beatles,Past Masters - Volume Two,,15,,
Y:\Beatles\Beatles - Past Masters (1988),The Beatles,"Past Masters (2009, Stereo Remastered Parlophone) [CD 1]",,33,,
Y:\Beatles\Beatles - Revolver (Super Deluxe Edition) (2022),The Beatles,Revolver,Rock,63,,
Y:\Beatles\Beatles_-_Revolver_(Super_Deluxe_Edition)_(2022),The Beatles,Revolver,Rock,63,,
Y:\Beatles\Beatles - Revolver (Stereo - 2009 Remaster) (1966),The Beatles,Revolver (Stereo - 2009 Remaster),,14,,
Y:\Beatles\Beatles - Sgt. Peppers Lonely Hearts Club Band (2009 Stereo Remaster) (1967),The Beatles,Sgt. Peppers Lonely Hearts Club Band (2009 Stereo Remaster),,13,,
Y:\Beatles\Beatles - Sgt. Pepper's Lonely Hearts Club Band (50th Anniversary - Super Deluxe Edition) (2017),The Beatles,Sgt. Pepper's Lonely Hearts Club Band (50th Anniversary - Super Deluxe Edition) [CD 4],Blues,65,,
Y:\Joan Baez\Joan Baez - Teatro Lirico di Milano (In Italy)(1967),The Beatles,Teatro Lirico di Milano (In Italy),,15,,
Y:\Beatles\Beatles - The Beatles 1962 1966 (2023 Edition) (2023),The Beatles,The Beatles 1962 – 1966 (2023 Edition),Rock,38,,
Y:\Beatles\Beatles - The Beatles 1962 1966 (2023 Edition)(2023),The Beatles,The Beatles 1962 – 1966 (2023 Edition),Rock,38,,
Y:\Beatles\Beatles - The Beatles 1967 1970 (2023 Edition) (2023),The Beatles,The Beatles 1967 – 1970 (2023 Edition),Rock,37,,
Y:\Beatles\Beatles - The Beatles 1967 1970 (2023 Edition)(2023),The Beatles,The Beatles 1967 – 1970 (2023 Edition),Rock,37,,
Y:\Beatles\Beatles - The Beatles White Album (Super Deluxe Edition) (2018),The Beatles,The Beatles: White Album (Super Deluxe Edition) [CD 3],Blues,107,,
"Y:\Beatles\Beatles - The U.S. Albums (13CD, Box-Set) (2014)",The Beatles,"The U.S. Albums (13CD, Box-Set) [CD 10]: 1965, Rubber Soul",,277,,
"Y:\Beatles\Beatles - Yellow Submarine (2009, Remaster) (1969)",The Beatles,"Yellow Submarine (2009, Remaster)",,13,,
Y:\The Birthday Party\The Birthday Party - Junkyard (1982),The Birthday Party,Junkyard,,13,,
Y:\The Birthday Party\The Birthday Party - MutinyThe Bad Seed (1983),The Birthday Party,Mutiny/The Bad Seed,,10,,
Y:\The Birthday Party\The Birthday Party - Prayers On Fire (1981),The Birthday Party,Prayers On Fire,,13,,
Y:\Black Lips\Black Lips - Arabia Mountain(2011),The Black Lips,Arabia Mountain,Punk,16,,
Y:\Bonzo Dog Band\Bonzo Dog Band - Bonzo Dog Doo-Dah Band (2011),The Bonzo Dog Band,A Dog's Life (The Albums 1967 - 1972),FOLK,62,,
Y:\The Brandt Brauer Frick Ensemble\The Brandt Brauer Frick Ensemble - Mr. Machine (2011),The Brandt Brauer Frick Ensemble,Mr. Machine,,8,,
Y:\The Bryan Ferry Orchestra\The Bryan Ferry Orchestra - The Great Gatsby Jazz Recordings (2013),The Bryan Ferry Orchestra,The Great Gatsby : Jazz Recordings,Rock | Pop Rock | Soft Rock | Glam Rock | New Wave | New Romantic | Rock Ballads | Classic Rock,14,,
Y:\The Bryan Ferry Orchestra\The Bryan Ferry Orchestra - The Jazz Age (2012),The Bryan Ferry Orchestra,The Jazz Age,Jazz Revival,13,,
Y:\The Cactus Blossoms\The Cactus Blossoms - You're Dreaming (2016),The Cactus Blossoms,You’re Dreaming,,11,,
Y:\the Caretaker\the Caretaker - An Emply Bliss Beyond This World (2011),the Caretaker,An Emply Bliss Beyond This World,,15,,
Y:\the Caretaker\the Caretaker - Everywhere At The End Of Time (Stage 1) (2016),the Caretaker,Everywhere At The End Of Time (Stage 1),Blues,12,,
Y:\the Caretaker\the Caretaker - Everywhere At The End Of Time (Stage 2) (2017),the Caretaker,Everywhere At The End Of Time (Stage 2),Blues,10,,
Y:\the Caretaker\the Caretaker - Everywhere At The End Of Time (Stage 3) (2017),the Caretaker,Everywhere At The End Of Time (Stage 3),Blues,16,,
Y:\The Carla Bley Band\The Carla Bley Band - European Tour 1977 (1977),The Carla Bley Band,European Tour 1977,,4,,
Y:\The Carla Bley Band\The Carla Bley Band - Live! (1981),The Carla Bley Band,Live!,,6,,
Y:\Compilations\Various Artists - Hard to Find 45s on CD Vol. 10 1960-1965 (2007),the Castells,Hard to Find 45s on CD Vol. 10: 1960-1965,,24,,
"Y:\Chameleons\Chameleons - Script Of The Bridge (2012, Remaster) (1983)",the Chameleons,"Script Of The Bridge (2012, Remaster)",,12,,
Y:\Chameleons\Chameleons - What Does Anything Mean Basically (Collectors Edition) (2CD) (2009),the Chameleons,What Does Anything Mean Basically (Collectors Edition) (2CD),,21,,
Y:\The Charlatans UK\The Charlatans UK - Between 10th And 11th (1992),The Charlatans UK,Between 10th And 11th,,10,,
Y:\The Charlatans UK\The Charlatans UK - Tellin' Stories (1997),The Charlatans UK,Tellin' Stories,,11,,
Y:\The Charlatans UK\The Charlatans UK - The Charlatans Uk (1995),The Charlatans UK,The Charlatans Uk,,12,,
Y:\The Charlatans UK\The Charlatans UK - Up To Our Hips(1994),The Charlatans UK,Up To Our Hips,,10,,
Y:\The Chemical Brothers\The Chemical Brothers - Born In The Echoes (2015),The Chemical Brothers,Born In The Echoes,,11,,
Y:\#recycle\Releases\release_219403,The Chemical Brothers,Brotherhood,,25,,
Y:\The Chemical Brothers\The Chemical Brothers - Brother's Gonna Work It Out (1998),The Chemical Brothers,Brother's Gonna Work It Out,,5,,
"Y:\The Chemical Brothers\B-Sides, Vol. 1 (2007-01-01)",The Chemical Brothers,"B-Sides, Vol. 1",Electronica,10,,
Y:\The Chemical Brothers\The Chemical Brothers - Come With Us (2002),The Chemical Brothers,Come With Us,,10,,
Y:\The Chemical Brothers\The Chemical Brothers - Dig Your Own Hole (1997),The Chemical Brothers,Dig Your Own Hole,,11,,
Y:\The Chemical Brothers\The Chemical Brothers - Don't Think (2012),The Chemical Brothers,Don't Think,,11,,
Y:\The Chemical Brothers\The Chemical Brothers - Exit Planet Dust (1995),The Chemical Brothers,Exit Planet Dust,,11,,
Y:\The Chemical Brothers\The Chemical Brothers - Further (2010),The Chemical Brothers,Further,,8,,
Y:\#recycle\Releases\release_228211,The Chemical Brothers,Out of Control,,2,,
Y:\#recycle\Releases\release_228205,The Chemical Brothers,Surrender,,11,,
Y:\The Chemical Brothers\The Chemical Brothers - We Are The Night (Japan Edition) (2007),The Chemical Brothers,We Are The Night (Japan Edition),,14,,
Y:\Church\Church - Starfish (1988),the Church,Starfish,,10,,
Y:\Compilations\Various Artists - Studio One Ska Fever! (More Ska Sounds From Sir Coxsone's Downbeat) (2013),the Clarendonians,Studio One Ska Fever! (More Ska Sounds From Sir Coxsone's Downbeat),,18,,
Y:\The Clash\The Clash - Album Discography (320)\1982 - Combat Rock [1999 Remaster],The Clash,Combat Rock [1999 Remaster],Alternative,12,,
Y:\The Clash\The Clash - Album Discography (320)\1985 - Cut the Crap [2000 Remaster],The Clash,Cut the Crap [2000 Remaster],Alternative,13,,
Y:\The Clash\The Clash - Album Discography (320)\1978 - Give 'Em Enough Rope [1999 Remaster],The Clash,Give ’Em Enough Rope [1999 Remaster],Alternative,10,,
Y:\The Clash\The Clash - Album Discography (320)\1979 - London Calling [1999 Remaster],The Clash,London Calling [1999 Remaster],Alternative,19,,
Y:\The Clash\The Clash - Album Discography (320)\1980 - Sandinista! [1999 Remaster]\Disc 1,The Clash,Sandinista! [1999 Remaster] Disc 1,Alternative,16,,
Y:\The Clash\The Clash - Album Discography (320)\1980 - Sandinista! [1999 Remaster]\Disc 2,The Clash,Sandinista! [1999 Remaster] Disc 2,Alternative,18,,
"Y:\The Clash\The Clash - Story of the Clash, Vol. 1 (2CD) (1988)",The Clash,"Story of the Clash, Vol. 1 (2CD)",,28,,
Y:\The Clash\The Clash - Story of the Clash_ Vol. 1 (2CD)(1988),The Clash,"Story of the Clash, Vol. 1 (2CD)",,28,,
Y:\The Clash\The Clash - Album Discography (320)\1977 - The Clash [1999 Remaster],The Clash,The Clash [1999 Remaster],Alternative,14,,
Y:\The Clash\The Essential Clash (2003),The Clash,The Essential Clash,,3,,
Y:\The Clash\The Essential Clash (2010),The Clash,The Essential Clash,,38,,
Y:\The Comet Is Coming\The Comet Is Coming - Channel The Spirits (2016),The Comet Is Coming,Channel The Spirits,Blues,12,,
Y:\The Comet Is Coming\The Comet Is Coming - Death To The Planet (EP) (2017),The Comet Is Coming,Death to the Planet EP,Jazz,4,,
Y:\The Comet Is Coming\The Comet Is Coming - Trust In The Lifeforce Of The Deep Mystery (2019),The Comet Is Coming,Trust In The Lifeforce Of The Deep Mystery,Electro,9,,
"Y:\the Comsat Angels\the Comsat Angels - Sleep No More (2006, Remaster) (1981)",the Comsat Angels,"Sleep No More (2006, Remaster)",,18,,
Y:\The Cramps McMartin Preschool Choir_The Cramps\The Cramps McMartin Preschool Choir_The Cramps - A Date With Elvis (Bonus Tracks)(2001),The Cramps,A Date With Elvis (Bonus Tracks),,15,,
Y:\The Cramps\The Cramps - Bad Music For Bad People(1984),The Cramps,Bad Music For Bad People,,11,,
Y:\The Cramps\The Cramps - How To Make A Monster(2004),The Cramps,How to Make a Monster (CD1),,46,,
Y:\The Cramps\The Cramps - Off The Bone(1987),The Cramps,Off The Bone,,17,,
Y:\The Cramps\The Cramps - Stay Sick! (Bonus Tracks)(1990),The Cramps,Stay Sick! (Bonus Tracks),,18,,
Y:\the Creation\the Creation - The Best Of The Creation (1968),the Creation,The Best Of The Creation,Blues,25,,
Y:\The Cure\The Cure - Boys Don't Cry (1979),The Cure,Boys Don't Cry (cat #: US Elektra 9 60786-2),,12,,
"Y:\The Cure\The Cure - Faith (Limited Edition) (2005, Remastered Japan) (1981)",The Cure,"Faith (Limited Edition) (2005, Remastered Japan) (cat #: UICY-93479)",,8,,
"Y:\The Cure\The Cure - Kiss Me, Kiss Me, Kiss Me (1987)",The Cure,"Kiss Me, Kiss Me, Kiss Me (cat #: US Elektra 9 60737-2)",,17,,
Y:\The Cure\The Cure - Paramount Theater 1984 (2025),The Cure,Paramount Theater 1984,Rock,16,,
"Y:\The Cure\The Cure - Pornography (1986, Reissue) (1982)",The Cure,"Pornography (1986, Reissue) (cat #: Fiction Records - 827 688-2, Fiction / France)",,8,,
Y:\The Cure\The Cure - Staring At The Sea - The Singles (2003),The Cure,Staring At The Sea - The Singles (cat #: UA Moon Records 829239-2),,17,,
Y:\The Cure\The Cure - The Top (1984),The Cure,The Top (cat #: US Sire 9 25086-2),,10,,
Y:\The Cure\The Cure - Wish (1992),The Cure,Wish (cat #: JP Polydor K.K. POCP-1190),,12,,
"Y:\Compilations\Various Artists - Ghana Special (Modern Highlife, Afro-Sounds & Ghanaian Blues 1968-81) (2CD) (2009)",The Cutlass Dance Band,"Ghana Special (Modern Highlife, Afro-Sounds & Ghanaian Blues 1968-81) (2CD)",,33,,
Y:\The Damned\The Damned - Damned Damned Damned (1977),The Damned,Damned Damned Damned,,12,,
Y:\The Damned\The Damned - Machine Gun Etiquette (1979),The Damned,Machine Gun Etiquette,Punk Rock,12,,
Y:\The Dandy Warhols\The Dandy Warhols - The Capitol Years 1995-2007 (2010),The Dandy Warhols,The Capitol Years 1995-2007,,15,,
Y:\the Deep Dark Woods\the Deep Dark Woods - hang me oh hang me(2007),the Deep Dark Woods,hang me oh hang me,,11,,
Y:\the Deep Dark Woods\the Deep Dark Woods - Jubilee(2013),the Deep Dark Woods,Jubilee,,13,Rock,
Y:\the Deep Dark Woods\the Deep Dark Woods - The Deep Dark Woods(2006),the Deep Dark Woods,The Deep Dark Woods,,10,,
Y:\the Deep Dark Woods\the Deep Dark Woods - The Place I Left Behind(2011),the Deep Dark Woods,The Place I Left Behind,,13,,
Y:\the Deep Dark Woods\the Deep Dark Woods - Winter Hours(2009),the Deep Dark Woods,Winter Hours,,12,,
Y:\Destroyer\Destroyer - City Of Daughters (1998),the Destroyer,City Of Daughters,,17,,
Y:\Destroyer\Destroyer - Streethawk A Seduction (2001),the Destroyer,Streethawk: A Seduction,,12,,
Y:\Destroyer\Destroyer - Thief (2000),the Destroyer,Thief,,13,,
Y:\the Dirtbombs\the Dirtbombs - Dangerous Magical Noise(2003),the Dirtbombs,Dangerous Magical Noise,,15,,
Y:\the Dirtbombs\the Dirtbombs - Horndog Fest(1998),The Dirtbombs,Horndog Fest,Rock,12,,
Y:\the Dirtbombs\the Dirtbombs - Ooey Gooey Chewy Ka-blooey!(2013),the Dirtbombs,Ooey Gooey Chewy Ka-blooey!,,10,,
Y:\the Dirtbombs\the Dirtbombs - Party Store(2011),the Dirtbombs,Party Store,,9,,
Y:\the Dirtbombs\the Dirtbombs - Play Sparks (2008),the Dirtbombs,Play Sparks,,2,,
Y:\the Dirtbombs\the Dirtbombs - Play Sparks(2008),the Dirtbombs,Play Sparks,,2,,
Y:\the Dirtbombs\the Dirtbombs - Ultraglide In Black (2001),The Dirtbombs,Ultraglide in Black,,13,,
Y:\the Dirtbombs\the Dirtbombs - Ultraglide In Black(2001),The Dirtbombs,Ultraglide in Black,,13,,
Y:\the Dirtbombs\the Dirtbombs - We Have You Surrounded(2008),the Dirtbombs,We Have You Surrounded,,12,,
Y:\the Dirty Dozen Brass Band\the Dirty Dozen Brass Band - Funeral for A Friend (2004),the Dirty Dozen Brass Band,Funeral for A Friend,,10,,
Y:\the Dismemberment Plan\the Dismemberment Plan - Emergency & I (1999),the Dismemberment Plan,Emergency & I,,12,,
Y:\The Doors\The Doors - L.A. Woman (40th Anniversary) (2012),The Doors,L.A. Woman (40th Anniversary) [CD 1],,19,,
Y:\The Doors\The Doors - Live In Boston 1970 (3CD) (2007),The Doors,Live In Boston 1970 (3CD),,46,,
Y:\The Doors\The Doors - Morrison Hotel (1970),The Doors,Morrison Hotel,Blues,11,,
Y:\The Doors\The Doors - Strange Days (1967),The Doors,Strange Days [CD 2],,10,,
Y:\The Doors\The Doors - The Best Of The Doors (1991),The Doors,The Best Of The Doors [CD 1],Blues,19,,
Y:\The Doors\The Doors - The Doors (50th Anniversary - Deluxe Edition) (2017),The Doors,The Doors (50th Anniversary - Deluxe Edition) [CD 1],Blues,30,,
Y:\The Doors\The Doors - The Soft Parade (1969),The Doors,The Soft Parade [CD 4],,9,,
Y:\The Doors\The Doors - Waiting For The Sun (1968),The Doors,Waiting For The Sun,,11,,
Y:\Compilations\Various Artists - Pebbles Vol.02 (1992),the Dovers,Pebbles Vol.02,,21,,
Y:\Compilations\Various Artists - Pebbles Vol.03 - The Acid Gallery (1992),The Driving Stupid,Pebbles Vol.03 - The Acid Gallery,,22,,
Y:\The Dubliners\The Dubliners - Spirit Of The Irish - The Ultimate Collection (2003),The Dubliners,Spirit Of The Irish - The Ultimate Collection,,20,,
Y:\The Durutti Column\The Durutti Column – The Return of the Durutti Column (Expanded & Remastered) (2025),The Durutti Column,The Return of the Durutti Column (Expanded & Remastered),Alternative & Indie,38,,
Y:\the English Beat\the English Beat - Ultimate Russian Classics (2012),the English Beat,"The Complete Beat (5CD, Box-Set) [CD 5]: Bonus Beat (Peel Sessions & Live in Boston)",,80,,
"Y:\Compilations\Various Artists - Th'is Rock&Roll Rock Around The Clock (3CD, Box-Set) (2011)",The Everly Brothers,"Th'is Rock&Roll: Rock Around The Clock (3CD, Box-Set) [CD 1]",,60,,
Y:\Fall\Fall - 2G+2 (2002),The Fall,2G + 2,,12,,
Y:\Fall\Fall - 458489 A Sides (1990),The Fall,458489 A Sides,,17,,
Y:\Fall\Fall - Are You Are Missing Winner (2001),The Fall,Are You Are Missing Winner,,10,,
Y:\Fall\Fall - Austerbaejarbio (1983),The Fall,Austerbaejarbio,,10,,
Y:\Fall\Fall - Bend Sinister (1986),The Fall,Bend Sinister,,12,,
Y:\Fall\Fall - Cerebral Caustic (1995),The Fall,Cerebral Caustic,,12,,
Y:\Fall\Fall - Dragnet (1979),The Fall,Dragnet,,11,,
Y:\Fall\Fall - Extricate (1990),The Fall,Extricate,,14,,
Y:\Fall\Fall - Grotesque (1980),The Fall,Grotesque,,10,,
Y:\Fall\Fall - Hex Enduction Hour(1982),The Fall,Hex Enduction Hour,,11,,
Y:\Fall\Fall - I Am Kurious Oranj (1988),The Fall,I Am Kurious Oranj,,13,,
Y:\Fall\Fall - Kimble (EP) + BBC Radio 1 Live In Concert (1995),The Fall,Kimble (EP) + BBC Radio 1 Live In Concert,,11,,
Y:\Fall\Fall - Last Night At The Palais (2007),The Fall,Last Night At The Palais,,12,,
Y:\Fall\Fall - Levitate (1997),The Fall,Levitate,,14,,
Y:\Fall\Fall - Live At The Witch Trials (1978),The Fall,Live At The Witch Trials,,11,,
Y:\Fall\Fall - Live In Cambridge 1988 (1988),The Fall,Live In Cambridge 1988,,15,,
Y:\Fall\Fall - Live Various Years (1998),The Fall,Live Various Years,,15,,
Y:\Fall\Fall - Middle Class Revolt (1994),The Fall,Middle Class Revolt,,14,,
Y:\Fall\Fall - Oxymoron (1997),The Fall,Oxymoron,,15,,
Y:\Fall\Fall - Perverted By Language (1983),The Fall,Perverted By Language,,8,,
Y:\Fall\Fall - Destroy the Runner (2013),The Fall,Re-Mit,Alternative,12,,
Y:\Fall\Fall - Room To Live (1982),The Fall,Room To Live,,9,,
Y:\Fall\Fall - Seminal Live (1989),The Fall,Seminal Live,,14,,
Y:\Fall\Fall - Shift-Work (1991),The Fall,Shift Work,,14,,
Y:\Fall\Fall - The Frenz Experiment (1988),The Fall,The Frenz Experiment,,15,,
Y:\Fall\Fall - The Infotainment Scan (1993),The Fall,The Infotainment Scan,,12,,
Y:\Fall\Fall - Live In London 1980 (The Legendary Chaos Tape) (1980),The Fall,The Legendary Chaos Tape,,14,,
Y:\Fall\Fall - The Light User Syndrome (1996),The Fall,The Light User Syndrome,,15,,
Y:\Fall\Fall - The Marshall Suite (1999),The Fall,The Marshall Suite,,13,,
Y:\Fall\Fall - The Unutterable (2000),The Fall,The Unutterable,,15,,
Y:\Fall\Fall - The wonderful And Frightening World Of (1984),The Fall,The wonderful And Frightening World Of,,16,,
Y:\Fall\Fall - This Nation's Saving Grace (1985),The Fall,This Nation's Saving Grace,,16,,
Y:\the Field\the Field - Cupid's Head (2013),the Field,Cupid's Head,,6,,
Y:\the Field\the Field - From Here We Go To Sublime (2007),the Field,From Here We Go To Sublime,,10,,
Y:\the Field\the Field - Infinite Moment (2018),The Field,Infinite Moment,Techno / Ambient,6,,
Y:\the Field\the Field - The Follower (2016),the Field,The Follower,Blues,6,,
Y:\the Field\the Field - Yesterday and Today (2009),the Field,Yesterday and Today,,6,,
Y:\The Field Mice\The Field Mice - Skywriting (1990),The Field Mice,Skywriting (CD 1),,21,,
Y:\The Flaming Lips\The Flaming Lips - A Collection Of Songs Representing An Enthusiasm For Recording... (1998),The Flaming Lips,A Collection Of Songs Representing An Enthusiasm For Recording...,,14,,
Y:\The Flaming Lips\The Flaming Lips - At War With The Mystics (2006),The Flaming Lips,At War With The Mystics,,12,,
Y:\The Flaming Lips\The Flaming Lips - Clouds Taste Metallic (1995),The Flaming Lips,Clouds Taste Metallic,,13,,
Y:\The Flaming Lips\The Flaming Lips - Embryonic (2009),The Flaming Lips,Embryonic,,18,,
Y:\The Flaming Lips\The Flaming Lips - Hear It Is (1986),The Flaming Lips,Hear It Is,,16,,
Y:\The Flaming Lips\The Flaming Lips - Imagene Peise - Atlas Eets Christmas (2014),The Flaming Lips,Imagene Peise - Atlas Eets Christmas,Alternative & Indie,11,,
Y:\The Flaming Lips\The Flaming Lips - In A Priest Driven Ambulance (1990),The Flaming Lips,In A Priest Driven Ambulance,,15,,
Y:\The Flaming Lips\The Flaming Lips - Oczy Mlody (2017),The Flaming Lips,Oczy Mlody,,12,,
Y:\The Flaming Lips\The Flaming Lips - Oh My Gawd!!! (1987),The Flaming Lips,Oh My Gawd!!!,,11,,
Y:\The Flaming Lips\The Flaming Lips - Shambolic Birth And Early Life Of (2002),The Flaming Lips,Shambolic Birth And Early Life Of,,12,,
Y:\The Flaming Lips\The Flaming Lips - Telepathic Surgery (1989),The Flaming Lips,Telepathic Surgery,,14,,
Y:\The Flaming Lips\The Flaming Lips - The Flaming Lips And Heady Fwends (2012),The Flaming Lips,The Flaming Lips And Heady Fwends,,17,,
Y:\The Flaming Lips\The Flaming Lips - The Soft Bulletin (1999),The Flaming Lips,The Soft Bulletin,,14,,
Y:\The Flaming Lips\The Flaming Lips - The Terror (UK Exclusive Edition) (2013),The Flaming Lips,The Terror (UK Exclusive Edition) [CD 1],,11,,
Y:\The Flaming Lips\The Flaming Lips - Transmissions From The Satellite Heart (1993),The Flaming Lips,Transmissions From The Satellite Heart,,11,,
Y:\The Flaming Lips\The Flaming Lips - With A Little Help From My Fwends (2014),The Flaming Lips,With A Little Help From My Fwends,Alternative,13,,
Y:\The Flaming Lips\The Flaming Lips - Yoshimi Battles The Pink Robots (2002),The Flaming Lips,Yoshimi Battles The Pink Robots,,11,,
Y:\The Flaming Lips\The Flaming Lips - Zaireeka (1997),The Flaming Lips,Zaireeka [CD 1],,32,,
Y:\The Flaming Lips And Friends\The Flaming Lips And Friends - The Time Has Come To Shoot You Down... What A Sound (2013),The Flaming Lips And Friends,The Time Has Come To Shoot You Down... What A Sound,,12,,
Y:\Flying Burrito Brothers\Flying Burrito Brothers - Hot Burritos! The Flying Burrito Brothers Anthology 1969-1972 (2000),The Flying Burrito Brothers,Hot Burritos! The Flying Burrito Brothers Anthology 1969-1972 CD1,Country-Rock,43,,
Y:\Compilations\Various Artists - Fabriclive. 19 - The Freestylers (2004),The Freestylers \ Boomblast (Deekline and Wizard Remix),Fabriclive. 19 - The Freestylers,,23,,
Y:\The Future Sound of London\Accelerator (1996-03-19),The Future Sound of London,Accelerator,Blues,13,,
Y:\The Future Sound of London\Archived _ Environmental _ Views (2017-05-12),The Future Sound of London,Archived : Environmental : Views,Blues,48,,
Y:\The Future Sound of London\Environments (2008-07-21),The Future Sound of London,Environments,,2,,
Y:\#recycle\Releases\release_239854,The Future Sound of London,Environments II,,1,,
Y:\The Future Sound of London\Environments II (2008-08-29),The Future Sound of London,Environments II,,13,,
Y:\#recycle\Releases\release_998522,The Future Sound Of London,From The Archives Vol. 9 (Archived 9),Ambient,6,,
Y:\The Future Sound of London\From The Archives Vol. 9 (Archived 9) (),The Future Sound Of London,From The Archives Vol. 9 (Archived 9),Ambient,11,,
Y:\The Go! Team\The Go! Team - Semicircle (2018),The Go Team,Semicircle,Indie,12,,
Y:\The Go! Team\The Go! Team - Proof Of Youth (Japanese Release) (2007),The Go! Team,Proof Of Youth [Japanese Release],Indie,15,,
Y:\The Go! Team\The Go! Team - Rolling Blackouts (2001),The Go! Team,Rolling Blackouts,Alternative,13,,
Y:\The Go! Team\The Go! Team - The Scene Between (2015),The Go! Team,The Scene Between,Indie,12,,
"Y:\The Go! Team\The Go! Team - Thunder, Lightning, Strike (2005)",The Go! Team,"Thunder, Lightning, Strike",Blues,13,,
Y:\the Go-Betweens\the Go-Betweens - Quiet Heart. The Best Of The Go-Betweens (2012),The Go-Betweens,Quiet Heart: Best Of The Go-Betweens [CD 1],Indie,30,,
Y:\The Gories\The Gories - I Know You Be Houserockin_(1994),The Gories,I Know You Be Houserockin',,25,,
Y:\The Gories\The Gories - Outta Here(1992),The Gories,Outta Here,,14,,
Y:\Compilations\Various Artists - Pebbles Vol.08 - Southern California 1 (1996),The Green Beans,Pebbles Vol.08 - Southern California 1,,25,,
Y:\the Handsome Family\the Handsome Family - Honey Moon(2009),the Handsome Family,Honey Moon,,12,,
Y:\the Handsome Family\the Handsome Family - In the Air(2000),the Handsome Family,In the Air,,11,,
Y:\the Handsome Family\the Handsome Family - Milk And Scissors (1996),the Handsome Family,Milk And Scissors,,12,,
Y:\the Handsome Family\the Handsome Family - Singing Bones(2003),the Handsome Family,Singing Bones,,13,,
Y:\the Handsome Family\the Handsome Family - Twilight(2001),the Handsome Family,Twilight,,13,,
"Y:\Compilations\Various Artists - Love, Peace & Poetry Japanese Psychedelic Music (2001)",the Happenings Four,"Love, Peace & Poetry: Japanese Psychedelic Music",,17,,
Y:\the Heliocentrics\the Heliocentrics - From The Deep (2016),The Heliocentrics,From the Deep,,19,,
Y:\the Herbaliser Band\the Herbaliser Band - Session 1 & 2(2009),the Herbaliser Band,Session 1 & 2,,19,,
Y:\The Hives\The Hives - Barely Legal (1997),The Hives,Barely Legal,,14,,
Y:\The Hives\The Hives - Lex Hives (2012),The Hives,Lex Hives,,12,,
Y:\The Hives\The Hives - The Black And White Album (2007),The Hives,The Black And White Album,,15,,
Y:\The Hives\The Hives - Tyrannosaurus Hives (2004),The Hives,Tyrannosaurus Hives,Blues,12,,
Y:\The Hives\The Hives - Veni Vidi Vicious (2000),The Hives,Veni Vidi Vicious,,12,,
Y:\Hot 8 Brass Band\Hot 8 Brass Band - Tombstone (2013),the Hot 8 Brass Band,Tombstone,,11,,
"Y:\the Incredible String Band\the Incredible String Band - The 5000 Spirits Or The Layers Of The Onion (2010, Remaster) (1967)",the Incredible String Band,"The 5000 Spirits Or The Layers Of The Onion (2010, Remaster)",Blues,13,,
"Y:\the Incredible String Band\the Incredible String Band - The Hangman's Beautiful Daughter (2010, Remaster) (1968)",the Incredible String Band,"The Hangman's Beautiful Daughter (2010, Remaster)",Blues,10,,
"Y:\the Incredible String Band\the Incredible String Band - Wee Tam & The Big Huge (2010, Remaster) (1968)",the Incredible String Band,"Wee Tam & The Big Huge (2010, Remaster) [CD 1]",Blues,18,,
"Y:\The International Submarine Band\The International Submarine Band - Safe At Home (2004, Remaster) (1968)",The International Submarine Band,"Safe At Home (2004, Remaster)",,10,,
Y:\The Jam\The Jam - All Mod Cons (1978),The Jam,All Mod Cons,DerrWeismaNN Collection,12,,
Y:\The Jazz Composer's Orchestra\The Jazz Composer's Orchestra - Communications (1968),The Jazz Composer's Orchestra,Communications,,6,,
Y:\Jesus and Mary Chain\Jesus and Mary Chain - Damage And Joy (2017),The Jesus And Mary Chain,Damage And Joy,Rock,14,,
"Y:\Compilations\Various Artists - The Monterey International Pop Festival (4CD, Box-Set) (1967)",The Jimi Hendrix Experience,"The Monterey International Pop Festival (4CD, Box-Set) [CD 3]",,70,,
Y:\Compilations\Various Artists - DJ-KiCKS  Mixed By Juan MacLean (2010),The Juan Maclean,DJ-KiCKS  Mixed By Juan MacLean,,19,,
Y:\King Khan BBQ Show\King Khan BBQ Show - Invisible Girl(2009),"The King Khan, BBQ Show",Invisible Girl,,12,,
Y:\Kinks\Kinks - The Ultimate Collection (2002),The Kinks,The Ultimate Collection (CD1),Classic Rock,44,,
Y:\Compilations\Various Artists - The Rough Guide to Klezmer Revolution (2008),The Klezmatics,The Rough Guide to Klezmer Revolution,,17,,
Y:\The KVB\The KVB - Always Then (2012),The KVB,Always Then,,10,,
Y:\The KVB\The KVB - Immaterial Visions (2013),The KVB,Immaterial Visions,,8,,
Y:\The KVB\The KVB - Minus One (2013),The KVB,Minus One,,8,,
Y:\The KVB\The KVB - Mirror Being (2015),The KVB,Mirror Being,Blues,10,,
Y:\The KVB\The KVB - Of Desire (2016),The KVB,Of Desire,Alternative,12,,
Y:\The KVB\The KVB - Subjection  Subordination (2011),The KVB,Subjection / Subordination,,8,,
Y:\the Las\the Las - The La_s(1990),the Las,The La's,,12,,
Y:\the Last Poets\the Last Poets - The Last Poets (1970),the Last Poets,The Last Poets,,13,,
Y:\the Last Shadow Puppets\the Last Shadow Puppets - Everything You've Come To Expect (2016),The Last Shadow Puppets,Everything You've Come To Expect,Indie Rock,11,,
Y:\Compilations\Various Artists - Pebbles Vol.10 (1996),The Leather Boy,Pebbles Vol.10,,24,,
Y:\The Left Banke\The Left Banke - Walk Away Renee  Pretty Ballerina (1967) (2011),The Left Banke,Walk Away Renee / Pretty Ballerina (1967),,11,,
Y:\The Lemon Twigs\The Lemon Twigs - Do Hollywood (2016),The Lemon Twigs,Do Hollywood,Indie,10,,
Y:\The Lemon Twigs\The Lemon Twigs - What We Know (2014),The Lemon Twigs,What We Know,,11,,
Y:\The Libertines\The Libertines - All Quiet On The Eastern Esplanade (2024),The Libertines,All Quiet On The Eastern Esplanade,,11,,
Y:\The Libertines\The Libertines - Anthems For Doomed Youth (Deluxe Edition) (2015),The Libertines,Anthems For Doomed Youth (Deluxe Edition),Blues,16,,
Y:\The Libertines\The Libertines - The Libertines (2004),The Libertines,The Libertines,Blues,14,,
Y:\The Libertines\The Libertines - Up The Bracket (2002),The Libertines,Up The Bracket,Blues,14,,
Y:\King Gizzard\King Gizzard - The Lizard Wizard (2014),"The Lizard Wizard, King Gizzard",I'm In Your Mind Fuzz,Blues,10,,
Y:\The London Suede\The London Suede - Coming Up (1996),The London Suede,Coming Up,,10,,
"Y:\the Long Ryders\the Long Ryders - Final Wild Songs (4CD, Box-Set) (2016)",the Long Ryders,"Final Wild Songs (4CD, Box-Set) [CD 1]",Blues,76,,
Y:\the Long Ryders\the Long Ryders - The Best of the Long Ryders (2004),the Long Ryders,The Best of the Long Ryders,,18,,
Y:\Compilations\Various Artists - Pebbles Vol.07 - Chicago 2 (1994),The Lost Agency,Pebbles Vol.07 - Chicago 2,,24,,
Y:\the Low Anthem\the Low Anthem - What The Crow Brings(2007),the Low Anthem,What The Crow Brings,,11,,
Y:\The Mamas And The Papas\the Mamas And Papas - If You Can Believe Your Eyes And Ears(1966),the Mamas And Papas,If You Can Believe Your Eyes And Ears,,12,,
Y:\The Mamas And The Papas\The Mamas And The Papas - The Mamas And The Papas(1968),The Mamas And The Papas,The Mamas And The Papas,,13,,
Y:\the Men\the Men - Leave Home(2011),the Men,Leave Home,,8,,
Y:\the Men\the Men - New Moon(2013),The Men,New Moon,Alternative,12,,
Y:\the Men\the Men - Open Your Heart(2012),the Men,Open Your Heart,,10,,
Y:\the Meteors\the Meteors - Only The Meteors Are Pure Psychobilly(1988),the Meteors,Only The Meteors Are Pure Psychobilly,,14,,
Y:\the Meteors\the Meteors - The Best Of(1993),the Meteors,The Best Of,,25,,
Y:\the Meteors\the Meteors - Wreckin_ Crew (Remastered_ 2008)(1983),the Meteors,"Wreckin' Crew (Remastered, 2008)",,18,,
Y:\the Microphones\the Microphones - Mount Eerie (2003),the Microphones,Mount Eerie,,5,,
Y:\the Microphones\the Microphones - The Glow Pt. 2 (2008),the Microphones,The Glow Pt. 2,,40,,
"Y:\Miles Davis - Full Discography Mp3 320 kbps Pack 1\1.1 Studio albums - Prestige-Debut, 1945–1961\1956 Workin With The Miles Davis Quintet @320",The Miles Davis Quintet,Workin' With The Miles Davis Quintet,Jazz,8,,
Y:\Compilations\Various Artists - Kats Karavan - The History Of John Peel On The Radio (2009),The Misunderstood,Kats Karavan - The History Of John Peel On The Radio [CD 1]: Programme One,,74,,
"Y:\the Modern Lovers\the Modern Lovers - The Modern Lovers (2003, Remasterd UK) (1976)",the Modern Lovers,"The Modern Lovers (2003, Remasterd UK)",,17,,
Y:\Jonathan Richman\Jonathan Richman - the Modern Lovers (1977),"the Modern Lovers, Jonathan Richman",Rock 'n' Roll With The Modern Lovers,,13,,
Y:\the Monks\the Monks - Black Monk Time (2009),the Monks,Black Monk Time,,12,,
Y:\The Moonlandingz\The Moonlandingz - Interplanetary Class Classics (2017),The Moonlandingz,Interplanetary Class Classics,Indie,11,,
Y:\Frank Zappa\Frank Zappa - the Mothers Of Invention (1968),"the Mothers Of Invention, Frank Zappa","We're Only In It For The Money (2005, Remastered US) (cat #: Mobile Fidelity Sound Lab – UDCD 764)",,19,,
Y:\the Muppets\the Muppets - The Muppet Show Album (1977),the Muppets,The Muppet Show Album,Other,36,,
Y:\the National\the National - Alligator (Deluxe Edition) (2005),The National,Alligator,,18,,
Y:\the National\the National - Alligator (Deluxe Edition)(2005),The National,Alligator,,18,,
Y:\the National\the National - Boxer(2007),the National,Boxer,,12,,
Y:\the National\the National - Cherry Tree (2021_ Remaster)(2004),The National,Cherry Tree (2021 Remaster),,7,,
Y:\the National\the National - Cherry Tree_ Vol. 2(2020),The National,Cherry Tree Vol. 2,,24,,
Y:\the National\the National - First Two Pages Of Frankenstein(2023),The National,First Two Pages Of Frankenstein,Indie,11,,
Y:\the National\the National - High Violet(2010),the National,High Violet,,11,,
Y:\the National\the National - I Am Easy To Find (2019),The National,I Am Easy To Find,Indie Rock / Alternative Rock,16,,
Y:\the National\the National - Sad Songs For Dirty Lovers(2002),the National,Sad Songs For Dirty Lovers,,12,,
Y:\the National\the National - Sleep Well Beast (2017),the National,Sleep Well Beast,Blues,12,,
Y:\the National\the National - Tarquin(2006),The National,Tarquin Roughs (July-August 2006),,26,,
Y:\the National\the National - The National(2001),the National,The National,,12,,
Y:\#recycle\The National - Trouble Will Find Me 2013 Indie 320kbps CBR MP3 [VX],The National,Trouble Will Find Me,Indie,13,,
Y:\#recycle\the National\the National - Trouble Will Find Me(2013),The National,Trouble Will Find me (Japanese,Alternative,13,,
Y:\the National\the National - Trouble Will Find Me (2013),The National,Trouble Will Find me (Japanese,Alternative,13,,
Y:\The Neville Brothers\The Neville Brothers - Yellow Moon (1989),The Neville Brothers,Yellow Moon,,12,,
Y:\the New Riders of the Purple Sage\the New Riders of the Purple Sage - New Riders Of The Purple Sage (1971),the New Riders of the Purple Sage,New Riders Of The Purple Sage,,10,,
Y:\the New Riders of the Purple Sage\the New Riders of the Purple Sage - Powerglide (1972),the New Riders of the Purple Sage,Powerglide,,11,,
Y:\The Olivia Tremor Control\The Olivia Tremor Control - Black Foliage (1999),The Olivia Tremor Control,Black Foliage,,27,,
Y:\The Olivia Tremor Control\The Olivia Tremor Control - Music From The Unrealized Film Script Dusk At Cubist Castle (1996),The Olivia Tremor Control,Music From The Unrealized Film Script: Dusk At Cubist Castle,,27,,
Y:\The Peter Brotzmann Octet\The Peter Brotzmann Octet - Machine Gun (1968),The Peter Brotzmann Octet,Machine Gun,,5,,
Y:\the Pharcyde\the Pharcyde - Bizarre Ride II The Pharcyde(1992),the Pharcyde,Bizarre Ride II The Pharcyde,,16,,
Y:\The Pogues\The Pogues - Hell_s Ditch(1990),The Pogues,Hell's Ditch,,13,,
Y:\The Pogues\The_Pogues_-_Just_Look_Them_Straight_In_The_Eye_And_Say..._Poguemahone!!_(2008),The Pogues,Just Look Them Straight In The Eye And Say... Poguemahone!! [CD 3],,110,,
Y:\The Pogues\The Pogues - Red Roses For Me(1984),The Pogues,Red Roses For Me,,13,,
Y:\The Pogues\The Pogues - Rum Sodomy & The Lash (Remastered_ 2004)(1985),The Pogues,"Rum Sodomy & The Lash (Remastered, 2004)",,18,,
Y:\The Pogues\The Pogues - The Pogues In Paris (30th Anniversary Concert At The Olympia) (2012),The Pogues,The Pogues In Paris (30th Anniversary Concert At The Olympia) [CD 1],,24,,
Y:\The Pogues\The Pogues - The Very Best Of The Pogues(2013),The Pogues,The Very Best Of The Pogues,,18,,
"Y:\The Prodigy\Always Outnumbered, Never Outgunned (2004)",The Prodigy,"Always Outnumbered, Never Outgunned",,1,,
Y:\#recycle\Releases\release_213992,The Prodigy,Experience: Expanded: Remixes & B-Sides,,25,,
Y:\The Prodigy\Invaders Must Die (2009-02-23),The Prodigy,Invaders Must Die,,4,,
Y:\The Prodigy\Music for the Jilted Generation (1995),The Prodigy,Music for the Jilted Generation,,12,,
Y:\Rapture\Rapture - Sister Savious (2003),The Rapture,Sister Savious,,5,,
Y:\The Raveonettes\The Raveonettes - Chain Gang Of Love (Japanese Edition) (2003),The Raveonettes,Chain Gang Of Love (Japanese Edition),Indie Rock,14,,
Y:\The Rolling Stones\The Rolling Stones - 12 x 5(1964),The Rolling Stones,12 x 5,,12,,
Y:\The Rolling Stones\The Rolling Stones - Between The Buttons (2002_ Remastered UK)(1967),The Rolling Stones,"Between The Buttons (2002, Remastered UK)",,12,,
Y:\The Rolling Stones\The Rolling Stones - Exile On Main Street (Remastered Deluxe Edition)(1972),The Rolling Stones,Exile On Main Street (Remastered Deluxe Edition),,18,,
Y:\The Rolling Stones\The Rolling Stones - Get Yer Ya-Ya's Out! (1970),The Rolling Stones,Get Yer Ya-Ya's Out!,,10,,
Y:\The Rolling Stones\The Rolling Stones - Goats Head Soup (Deluxe Edition) (2020) Mp3 320kbps [PMEDIA] ⭐️\CD 1,The Rolling Stones,Goats Head Soup (Deluxe),,10,,
Y:\The Rolling Stones\The Rolling Stones - Goats Head Soup (Deluxe Edition) (2020) Mp3 320kbps [PMEDIA] ⭐️\CD 2,The Rolling Stones,Goats Head Soup (Deluxe),,12,,
Y:\The Rolling Stones\The Rolling Stones - Goats Head Soup (Deluxe Edition) (2020) Mp3 320kbps [PMEDIA] ⭐️\CD 3,The Rolling Stones,Goats Head Soup (Deluxe),,15,,
"Y:\The Rolling Stones\The Rolling Stones - Hot Rocks 1964 - 1971 (2002, Remaster) (1971)",The Rolling Stones,Hot Rocks 1964 - 1971 [CD 1],Rock | Blues | British Blues | Blues Rock | Hard Rock | Rock'n'Roll | Psychedelic Rock | Rhythm And Blues | Pop Rock | Soft Rock | Classic Rock,21,,
Y:\The Rolling Stones\The Rolling Stones - Let It Bleed (1986_ Remastered US)(1969),The Rolling Stones,"Let It Bleed (1986, Remastered US)",,9,,
Y:\The Rolling Stones\The Rolling Stones - More Hot Rocks (Big Hits & Fazed Cookies) (1972),The Rolling Stones,More Hot Rocks [Big Hits & Fazed Cookies] 1,Rock | Blues | British Blues | Blues Rock | Hard Rock | Rock'n'Roll | Psychedelic Rock | Rhythm And Blues | Pop Rock | Soft Rock | Classic Rock,25,,
Y:\The Rolling Stones\The Rolling Stones - Out Of Our Heads (2002_ Remaster UK)(1965),The Rolling Stones,Out Of Our Heads (UK Version),Rock,12,,
Y:\The Rolling Stones\The Rolling Stones - Out of Our Heads (US)(1965),The Rolling Stones,Out of Our Heads (US),Rock,12,,
"Y:\The Rolling Stones\The Rolling Stones - Singles Collection The London Years (1995, Remaster) (1989)",The Rolling Stones,Singles Collection : The London Years [CD 1],Rock | Blues | British Blues | Blues Rock | Hard Rock | Rock'n'Roll | Psychedelic Rock | Rhythm And Blues | Pop Rock | Soft Rock | Classic Rock,58,,
Y:\The Rolling Stones\The Rolling Stones - Sticky Fingers (2005_ Remaster Japan)(1971),The Rolling Stones,"Sticky Fingers (2005, Remaster Japan)",Rock,10,,
Y:\The Rolling Stones\The Rolling Stones - The Rolling Stones(1964),The Rolling Stones,The Rolling Stones,Rock,12,,
Y:\The Rolling Stones\The Rolling Stones - The Rolling Stones No.2 (UK)(1964),The Rolling Stones,The Rolling Stones No.2 (UK),,12,,
"Y:\The Rolling Stones\The Rolling Stones - The Rolling Stones Rock And Roll Circus (1996, Original USA) (1996)",The Rolling Stones,"The Rolling Stones Rock And Roll Circus (1996, Original USA)",,19,,
Y:\The Rolling Stones\The Rolling Stones - Their Satanic Majesties Request (2006_ Remastered Japan)(1967),The Rolling Stones,Their Satanic Majesties Request,,10,,
"Y:\The Rolling Stones\The Rolling Stones - The Rolling Stones In Mono (15CD, Box-Set) (2016)",The Rolling Stones in Mono,Stray Cats,Rock,186,,
Y:\the Roy Hargrove Quintet\the Roy Hargrove Quintet - Earfood (2008),the Roy Hargrove Quintet,Earfood,,13,,
Y:\The Searchers\The Searchers - The Very Best Of The Searchers (2008),The Searchers,The Very Best Of The Searchers,,25,,
Y:\Selecter\Selecter - Celebrate The Bullet (1981),The Selecter,Celebrate the Bullet,Ska,15,,
"Y:\Selecter\Selecter - Too Much Pressure (2001, Remaster) (1980)",The Selecter,Too Much Pressure (Remaster),Ska,16,,
Y:\the Sensational Alex Harvey Band\the Sensational Alex Harvey Band - The Impossible Dream (1974),the Sensational Alex Harvey Band,The Impossible Dream,,9,,
Y:\the Sensational Alex Harvey Band\the Sensational Alex Harvey Band - The Impossible Dream (Japan) (1974),the Sensational Alex Harvey Band,The Impossible Dream (Japan),Blues,10,,
Y:\The Shangri-Las\The Shangri-Las - Leader Of The Pack (1992),The Shangri-Las,Leader Of The Pack,Blues,20,,
Y:\The Shins\The Shins - Chutes Too Narrow (2003),The Shins,Chutes Too Narrow,,10,,
Y:\The Shins\The Shins - Heartworms (2017),The Shins,Heartworms,Blues,11,,
"Y:\The Shins\The Shins - Oh, Inverted World (2001)",The Shins,"Oh, Inverted World",,11,,
Y:\The Shins\The Shins - Port Of Morrow (2012),The Shins,Port Of Morrow (Japanese Edition),,10,,
Y:\The Shins\The Shins - Wincing the Night Away (2007),The Shins,Wincing the Night Away,,11,,
"Y:\The Skatalites\The Skatalites - Ska Authentic Vol. 1 (1994, Reissue) (1964)",The Skatalites,"Ska Authentic Vol. 1 (1994, Reissue)",,16,,
Y:\The Skatalites\The Skatalites - The Legendary Skatalites (1976),The Skatalites,The Legendary Skatalites,,8,,
"Y:\The Skatalites\The Skatalites - The Skatalite! (1997, Reissue) (1969)",The Skatalites,"The Skatalite! (1997, Reissue)",,12,,
Y:\the Slits\the Slits - Cut (Deluxe Edition) (2CD) (Remastered_ 2009)(1979),the Slits,"Cut (Deluxe Edition) (2CD) (Remastered, 2009)",,40,,
Y:\the Slits\the Slits - Cut (Deluxe Edition) (2CD) (Remastered_ 2009)(1979) (1),the Slits,"Cut (Deluxe Edition) (2CD) (Remastered, 2009)",,40,,
Y:\the Slits\the Slits - Return Of The Giant Slits(1981),the Slits,Return Of The Giant Slits,,16,,
Y:\the Slits\the Slits - Return Of The Giant Slits(1981) (1),the Slits,Return Of The Giant Slits,,16,,
Y:\The Smashing Pumpkins\The Smashing Pumpkins - Adore (1998),The Smashing Pumpkins,Adore,,16,,
Y:\The Smashing Pumpkins\The Smashing Pumpkins - Mellon Collie And The Infinite Sadness (Limited Edition) (1996),The Smashing Pumpkins,Mellon Collie And The Infinite Sadness,Alternative,30,,
Y:\The Smashing Pumpkins\The Smashing Pumpkins - Siamese Dream (1993),The Smashing Pumpkins,Siamese Dream,Alt. Rock,13,,
Y:\The Smiths\The Smiths - Discography (1984-1988) V0 # DrBN\The Smiths - Discography (1984-1988)\#1 The Smiths (February 1984),The Smiths,#1 The Smiths (February 1984),Rock,10,,
Y:\The Smiths\The Smiths - Discography (1984-1988) V0 # DrBN\The Smiths - Discography (1984-1988)\#2 Hatful of Hollow (November 1984) [C],The Smiths,#2 Hatful of Hollow (November 1984) [Compilation],Rock,16,,
Y:\The Smiths\The Smiths - Discography (1984-1988) V0 # DrBN\The Smiths - Discography (1984-1988)\#3 Meat Is Murder (February 1985),The Smiths,#3 Meat Is Murder (February 1985),Rock,9,,
Y:\The Smiths\The Smiths - Discography (1984-1988) V0 # DrBN\The Smiths - Discography (1984-1988)\#4 The Queen Is Dead (June 1986),The Smiths,#4 The Queen Is Dead (June 1986),Rock,10,,
Y:\The Smiths\The Smiths - Discography (1984-1988) V0 # DrBN\The Smiths - Discography (1984-1988)\#5 The World Won't Listen (February 1987) [UK-C],The Smiths,#5 The World Won't Listen (February 1987) [UK-Compilation],Rock,16,,
Y:\The Smiths\The Smiths - Discography (1984-1988) V0 # DrBN\The Smiths - Discography (1984-1988)\#6 Louder Than Bombs (March 1987) [US-C],The Smiths,#6 Louder Than Bombs (March 1987) [US-Compilation],Rock,24,,
"Y:\The Smiths\The Smiths - Discography (1984-1988) V0 # DrBN\The Smiths - Discography (1984-1988)\#7 Strangeways, Here We Come (September 1987)",The Smiths,"#7 Strangeways, Here We Come (September 1987)",Rock,10,,
Y:\The Smiths\The Smiths - Discography (1984-1988) V0 # DrBN\The Smiths - Discography (1984-1988)\#8 Peel Session '83 (March 1988),The Smiths,#8 Peel Session '83 (March 1988),Rock,4,,
Y:\The Smiths\The Smiths - Discography (1984-1988) V0 # DrBN\The Smiths - Discography (1984-1988)\#9 'Rank' (September 1988),The Smiths,"#9 ""Rank"" (September 1988) [Live]",Rock,14,,
Y:\The Smiths\The Smiths - Best... (1992),The Smiths,Best...,,14,,
"Y:\The Smiths\The Smiths - 1984, Hatful Of Hollow (2011)",The Smiths,"Complete [CD 6]: 1987, Louder Than Bombs",,112,,
Y:\The Smiths\The Smiths - Hatful Of Hollow (Reissue 2006) (1984),The Smiths,Hatful Of Hollow (Reissue 2006),,16,,
Y:\The Smiths\The Smiths - Louder Than Bombs (1987),The Smiths,Louder Than Bombs,Blues,24,,
Y:\The Smiths\The Smiths - Meat Is Murder (Japan) (1985),The Smiths,Meat Is Murder (Japan),,10,,
"Y:\The Smiths\The Smiths - Strangeways, Here We Come (1987)",The Smiths,"Strangeways, Here We Come",Blues,10,,
Y:\The Smiths\The Smiths - The Queen Is Dead (Japan) (1986),The Smiths,The Queen Is Dead (Japan),,10,,
"Y:\The Smiths\The Smiths - The Smiths (Reissue, 2006) (1984)",The Smiths,"The Smiths (Reissue, 2006)",,11,,
Y:\The Smiths\The Smiths - The Sound Of The Smiths (2008),The Smiths,The Sound Of The Smiths [CD 1],,45,,
"Y:\The Smiths\The Smiths - The World Won't Listen (Reissue, 2006) (1987)",The Smiths,"The World Won't Listen (Reissue, 2006)",,18,,
Y:\The Specials\The Specials - Encore (Deluxe) (2019),The Specials,Encore (Deluxe),Reggae,21,,
Y:\Compilations\Various Artists - Nuggets (1998),The Standells,Nuggets: Original Artyfacts From The First Psychedelic Era (1965-1968) [CD 2],,118,,
Y:\The Staple Singers\The Staple Singers - The Ultimate Staple Singers.A Family Affair (2004),The Staple Singers,The Ultimate Staple Singers.A Family Affair [CD 1],,44,,
Y:\The Staple Singers\The Staple Singers - The Ultimate Staple Singers.A Family Affair(2004),The Staple Singers,The Ultimate Staple Singers.A Family Affair [CD 1],,44,,
Y:\The Steve Miller Band\Greatest Hits [1974 - 1978] [Limited Edition] (2008),The Steve Miller Band,Greatest Hits [1974 - 1978] [Limited Edition],Rock | Blues | Blues Rock | Psychedelic Rock | Rock'n'Roll | Hard Rock | AOR | Melodic Rock | Progressive Rock | Art Rock | Contemporary Pop Rock | Soft Rock | Disco Rock | Country Rock | Classic Rock,1,,
Y:\The Steve Miller Band\Greatest Hits 1974–78 (2008),The Steve Miller Band,Greatest Hits 1974–78,Rock | Blues | Blues Rock | Psychedelic Rock | Rock'n'Roll | Hard Rock | AOR | Melodic Rock | Progressive Rock | Art Rock | Contemporary Pop Rock | Soft Rock | Disco Rock | Country Rock | Classic Rock,3,,
Y:\The Stone Roses\The Stone Roses - Elephant Stone(1988),The Stone Roses,Elephant Stone,Blues,4,,
Y:\The Stone Roses\The Stone Roses - I Wanna Be Adored (maxi)(1991),The Stone Roses,I Wanna Be Adored (maxi),,4,,
Y:\The Stone Roses\The Stone Roses - Made Of Stone (single)(1992),The Stone Roses,Made Of Stone (single),,3,,
Y:\The Stone Roses\The Stone Roses - One Love (single)(1990),The Stone Roses,One Love (single),,2,,
Y:\The Stone Roses\The Stone Roses - Sally Cinnamon(1987),The Stone Roses,Sally Cinnamon,Blues,4,,
Y:\The Stone Roses\The Stone Roses - Second Coming(1994),The Stone Roses,Second Coming,Blues,13,,
Y:\The Stone Roses\The Stone Roses - She Bangs The Drums(1989),The Stone Roses,She Bangs The Drums,Blues,4,,
Y:\The Stone Roses\The Stone Roses - The Complete Stone Roses (1995),The Stone Roses,The Complete Stone Roses,,21,,
Y:\The Stone Roses\The Stone Roses - The Stone Roses (2004),The Stone Roses,The Stone Roses,,11,,
Y:\The Stone Roses\The Stone Roses - The Stone Roses(2004),The Stone Roses,The Stone Roses,,11,,
Y:\The Stone Roses\The Stone Roses - The Stone Roses 20th Anniversary Collectors Edition(2009),The Stone Roses,The Stone Roses 20th Anniversary Collectors Edition [CD 2],,13,,
Y:\The Stone Roses\The Stone Roses - Turns Into Stone(1992),The Stone Roses,Turns Into Stone,Blues,11,,
Y:\The Stone Roses\The Stone Roses - Waterfall (Maxi-Single)(1991),The Stone Roses,Waterfall (Maxi-Single),Blues,4,,
Y:\The Stone Roses\The Stone Roses - What The World Is Waiting For (single)(1989),The Stone Roses,What The World Is Waiting For (single),,3,,
Y:\The Stooges\The Stooges - Iggy Pop (1970),The Stooges,Fun House,,8,,
Y:\The Stooges\The Stooges - Iggy Pop (1973),The Stooges,Metallic 2xKO,Proto-punk,10,,
Y:\The Stooges\The Stooges - The Stooges (2005),The Stooges,The Stooges,,8,,
Y:\The Stranglers\The Stranglers - Black And White (1978),The Stranglers,Black And White,Blues,14,,
Y:\The Stranglers\The Stranglers - No More Heroes (1977),The Stranglers,No More Heroes,Blues,12,,
Y:\The Strokes\The Strokes - Angles(2011),The Strokes,Angles,,10,,
Y:\The Strokes\The Strokes - Comedown Machine (2013),The Strokes,Comedown Machine,,11,,
Y:\The Strokes\The Strokes - First Impressions Of Earth(2006),The Strokes,First Impressions Of Earth,,14,,
Y:\The Strokes\The Strokes - Is This It(2001),The Strokes,Is This It,,11,,
Y:\The Strokes\The Strokes - Room On Fire (2003),The Strokes,Room On Fire,,11,,
Y:\The Strokes\The Strokes - The New Abnormal (2020),The Strokes,The New Abnormal,Alternative,9,,
"Y:\The Strokes\The Strokes - The Singles - Volume 01 (10CD, Box-Set) (2023)",The Strokes,The Singles - Volume 01,Indie Rock,21,,
Y:\the Sundays\the Sundays - Reading_ Writing and Arithmetic(1990),the Sundays,"Reading, Writing and Arithmetic",,10,,
"Y:\The Teardrop Explodes\The Teardrop Explodes - Kilimanjaro (2000, Reissue) (1980)",The Teardrop Explodes,Kilimanjaro,Post-Rock,17,,
Y:\Compilations\Various Artists - Fabriclive 39 - DJ Yoda (2008),The Thunderclaps - Judgement Day (Donkey Work Re-Edit),Fabriclive 39 - DJ Yoda,,25,,
Y:\John McLaughlin\John McLaughlin - Larry Young (1969),"the Tony Williams' Lifetime, John McLaughlin, Larry Young",Emergency,,8,,
Y:\The Trashmen\The Trashmen - Surfin' Bird (1995),The Trashmen,Surfin' Bird,,16,,
Y:\Compilations\Various Artists - Pebbles Vol.05 (1992),The Tree,Pebbles Vol.05,,20,,
Y:\The Tubby Hayes Quartet\The Tubby Hayes Quartet - Tubby Hayes Archive Volume 1 Lament (2010),The Tubby Hayes Quartet,Tubby Hayes Archive Volume 1: Lament,,4,,
Y:\Various Artists The Upsetters\Various Artists The Upsetters - Arkology (3CD)(1997),The Upsetters,Arkology (3CD),,18,,
Y:\Lee Scratch Perry\Lee Scratch Perry - Arkology [3 CD] _ Reel 2 - Dub Shepherd(1997),The Upsetters,Arkology [3 CD] / Reel 2 - Dub Shepherd,,17,,
Y:\Lee Scratch Perry\Lee Scratch Perry - Arkology [3 CD] _ Reel 3 - Dub Adventurer(1997),The Upsetters,Arkology [3 CD] / Reel 3 - Dub Adventurer,,17,,
Y:\The Upsetters\The Upsetters - Return of Django(1969),The Upsetters,Return of Django,,16,,
Y:\The Upsetters Lee Scratch Perry\The Upsetters Lee Scratch Perry - Return Of The Super Ape(1978),"The Upsetters, Lee 'Scratch' Perry",Return Of The Super Ape,,10,,
Y:\Compilations\Various Artists - Punk 45 Kill the Hippies! Kill Yourself! The American Nation Destroys Its Young Underground Punk in the United States of America Vol.1 (2013),the Urinals,Punk 45: Kill the Hippies! Kill Yourself! The American Nation Destroys Its Young: Underground Punk in the United States of America Vol.1,,21,,
"Y:\Compilations\Various Artists - Punk 45 There Is No Such Thing As Society. Get A Job, Get A Car, Get A Bed, Get Drunk! - Underground Punk And Post Punk In The UK 1977-1981, Vol. 2 (2014)",The Users,"Punk 45: There Is No Such Thing As Society. Get A Job, Get A Car, Get A Bed, Get Drunk! - Underground Punk And Post Punk In The UK 1977-1981, Vol. 2",,24,,
"Y:\the Velvet Underground\the Velvet Underground - Loaded (1987, Reissue) (1970)",the Velvet Underground,"Loaded (1987, Reissue)",Blues,10,,
Y:\the Velvet Underground\the Velvet Underground - The Velvet Underground (1969),the Velvet Underground,The Velvet Underground,,10,,
Y:\the Velvet Underground\the Velvet Underground - Velvet Underground & Nico (1967),the Velvet Underground,The Velvet Underground & Nico [CD 2],,11,,
Y:\the Velvet Underground\the Velvet Underground - White Light  White Heat (Japan) (2009),the Velvet Underground,White Light / White Heat (Japan),,6,,
Y:\The Verve\The Verve - A Northern Soul (1995),The Verve,A Northern Soul,,7,,
Y:\The Verve\The Verve - A Storm In Heaven (1993),The Verve,A Storm In Heaven,,10,,
"Y:\The Verve\The Verve - Urban Hymns (1997, Remastered Virgin, Japan) (1997)",The Verve,"Urban Hymns (1997, Remastered Virgin, Japan)",,13,,
Y:\The Vines\The Vines - Highly Evolved (2002),The Vines,Highly Evolved,,12,,
Y:\the Vitamin String Quartet\the Vitamin String Quartet - Tribute To New Order & Joy Division (2003),the Vitamin String Quartet,Tribute To New Order & Joy Division,,10,,
"Y:\the Vitamin String Quartet\the Vitamin String Quartet - Tribute To Radiohead, Kid A (2004)",the Vitamin String Quartet,"Tribute To Radiohead, Kid A",,10,,
Y:\the Vitamin String Quartet\the Vitamin String Quartet - Tribute To The Smiths (2003),the Vitamin String Quartet,Tribute To The Smiths,,11,,
Y:\the War On Drugs\the War On Drugs - A Deeper Understanding (2017),The War On Drugs,A Deeper Understanding,,10,,
Y:\the War On Drugs\the War On Drugs - Future Weather (ep) (2011),the War On Drugs,Future Weather (ep),,8,,
Y:\the War On Drugs\the War On Drugs - Lost In The Dream (2014),the War On Drugs,Lost In The Dream,,10,,
Y:\the War On Drugs\the War On Drugs - Slave Ambient (Deluxe Edition) (2011),the War On Drugs,Slave Ambient (Deluxe Edition) [CD 1],,20,,
Y:\the Wedding Present\the Wedding Present - John Peel Sessions (1987-1990) (1993),The Wedding Present,John Peel Sessions 1987-1990,Alternative & Punk,12,Rock,
Y:\The White Stripes\The White Stripes - De Stijl(2000),The White Stripes,De Stijl,,13,,
Y:\The White Stripes\The White Stripes - Elephant (cat #_ V2 Records Japan – V2CP 150)(2003),The White Stripes,Elephant (cat #: V2 Records Japan – V2CP 150),Garage/Blues,16,,
Y:\The White Stripes\The White Stripes - Get Behind Me Satan(2005),The White Stripes,Get Behind Me Satan,,15,,
Y:\The White Stripes\The White Stripes - Icky Thump (Japanese Editions)(2007),The White Stripes,Icky Thump (Japanese Editions),,14,,
Y:\The White Stripes\The White Stripes - The Complete Peel Sessions (2016),The White Stripes,The Complete Peel Sessions,Rock,29,,
Y:\The White Stripes\The White Stripes - The White Stripes(1999),The White Stripes,The White Stripes,,19,,
Y:\The White Stripes\The White Stripes - White Blood Cells(2001),The White Stripes,White Blood Cells,,18,,
Y:\The Who\The Who - A Quick One Mono Mixes (1966),The Who,A Quick One: Mono Mixes [CD 1],,25,,
Y:\The Who\The Who - The Who Sell Out (1967),The Who,The Who Sell Out,,23,,
Y:\The Youngbloods\The Youngbloods - Earth Music (1967),The Youngbloods,Earth Music,,11,,
Y:\The Youngbloods\The Youngbloods - Elephant Mountain (1969),The Youngbloods,Elephant Mountain,,13,,
Y:\The Youngbloods\The Youngbloods - The Youngbloods (1967),The Youngbloods,The Youngbloods,,11,,
Y:\Zombies\Zombies - Odessey & Oracle (1969),The Zombies,Odessey & Oracle,,12,,
Y:\Thee Oh Sees\Thee Oh Sees - Carrion Crawler _ The Dream EP(2011),Thee Oh Sees,Carrion Crawler / The Dream EP,,10,,
Y:\Thee Oh Sees\Thee Oh Sees - Floating Coffin(2013),Thee Oh Sees,Floating Coffin,,10,,
Y:\Thee Oh Sees\Thee Oh Sees - Help(2009),Thee Oh Sees,Help,,12,,
Y:\Thee Oh Sees\Thee Oh Sees - Mutilator Defeated At Last(2015),Thee Oh Sees,Mutilator Defeated At Last,Blues,9,,
Y:\Thee Oh Sees\Thee Oh Sees - Putrifiers II(2012),Thee Oh Sees,Putrifiers II,Indie,10,,
Y:\Thelonious Monk\Thelonious Monk - 5 by Monk (1959),Thelonious Monk,5 by Monk,,7,,
Y:\Thelonious Monk\Thelonious Monk - After Hours At Minton's (1941),Thelonious Monk,After Hours At Minton's,,12,,
Y:\Thelonious Monk\Thelonious Monk - At The Blackhawk (1960),Thelonious Monk,At The Blackhawk,,8,,
Y:\Thelonious Monk\Thelonious Monk - Brilliant Corners (2010),Thelonious Monk,Brilliant Corners,,13,,
Y:\Thelonious Monk\Thelonious Monk - Genius Of Modern Music  Vol. 1 (1947),Thelonious Monk,Genius Of Modern Music  Vol. 1,,21,,
Y:\Thelonious Monk\Thelonious Monk - Genius Of Modern Music  Vol. 2 (1951),Thelonious Monk,Genius Of Modern Music  Vol. 2,,18,,
Y:\Thelonious Monk\Thelonious Monk - It's Monk's Time (1964),Thelonious Monk,It's Monk's Time,,9,,
Y:\Thelonious Monk\Thelonious Monk - Live At The 1964 Monterey Jazz Festival (2007),Thelonious Monk,Live At The 1964 Monterey Jazz Festival,,6,,
Y:\Thelonious Monk\Thelonious Monk - Live at the It Club (1964) (1964),Thelonious Monk,Live at the It Club (1964) (CD 2),,10,,
Y:\Thelonious Monk\Thelonious Monk - Live At The It Club (1964),Thelonious Monk,Live At The It Club (CD 1),,9,,
Y:\Thelonious Monk\Thelonious Monk - Monk In France (1961),Thelonious Monk,Monk In France,,8,,
Y:\Thelonious Monk\Thelonious Monk - Monk In Paris - Live At The Olympia (1965),Thelonious Monk,Monk In Paris - Live At The Olympia,,7,,
Y:\Thelonious Monk\Thelonious Monk - Monkism (1954),Thelonious Monk,Monkism,,8,,
Y:\Thelonious Monk\Thelonious Monk - Monk's  Blues (1968),Thelonious Monk,Monk's  Blues,,5,,
Y:\Thelonious Monk\Thelonious Monk - Monk's Music (1957),Thelonious Monk,Monk's Music,,8,,
Y:\Thelonious Monk\Thelonious Monk - Plays the Music of Duke Ellington (1955),Thelonious Monk,Plays the Music of Duke Ellington,,8,,
Y:\Thelonious Monk\Thelonious Monk - San Francisco Holiday (1958),Thelonious Monk,San Francisco Holiday,,10,,
Y:\Thelonious Monk\Thelonious Monk - Thelonious Alone in San Francisco (2005),Thelonious Monk,Thelonious Alone in San Francisco,,11,,
Y:\Thelonious Monk\Thelonious Monk - Thelonious himself (2008),Thelonious Monk,Thelonious himself,,13,,
Y:\Thelonious Monk\Thelonious Monk - Thelonius Monk in Italy (1961),Thelonious Monk,Thelonius Monk in Italy,,8,,
Y:\Thelonious Monk Quartet With John Coltrane\Thelonious Monk Quartet With John Coltrane - The Thelonious Monk Quartet With John Coltrane_ Live At Carnegie Hall(1957),Thelonious Monk Quartet With John Coltrane,The Thelonious Monk Quartet With John Coltrane: Live At Carnegie Hall,,9,,
Y:\John Coltrane\John Coltrane - Thelonious Monk (1957),"Thelonious Monk, John Coltrane",Live At The Five Spot,,5,,
Y:\John Coltrane\John Coltrane - Thelonious Monk (2006),"Thelonious Monk, John Coltrane",The Complete 1957 Riverside Recordings (2CD) [CD 2],,10,,
Y:\Theo Parrish\Theo Parrish - Sound Signature Sounds (2000),Theo Parrish,Sound Signature Sounds,,10,,
"Y:\This Heat\This Heat - Deceit (2006, Reissue) (1981)",This Heat,"Deceit (2006, Reissue)",Blues,11,,
Y:\This Is The Kit\This Is The Kit - Bashed Out (2015),This Is The Kit,Bashed Out,Indie,10,,
Y:\This Is The Kit\This Is The Kit - Moonshine Freeze (2017),This Is The Kit,Moonshine Freeze,Blues,11,,
Y:\Thom Yorke\Thom Yorke - Anima (2019),Thom Yorke,ANIMA,Indie Rock / IDM / Experimental,9,,
Y:\Thom Yorke\Thom Yorke - Feeling Pulled Apart by Horses The Hollow Earth (2009),Thom Yorke,Feeling Pulled Apart by Horses: The Hollow Earth,,2,,
Y:\Thom Yorke\Thom Yorke - Suspiria (Music For The Luca Guadagnino Film) (2018),Thom Yorke,Suspiria (Music For The Luca Guadagnino Film) [CD 1],Blues,25,,
Y:\Thom Yorke\Thom Yorke - The Eraser Rmxs (2009),Thom Yorke,The Eraser Rmxs,,9,,
Y:\Thom Yorke\Thom Yorke - Tomorrow's Modern Boxes (2014),Thom Yorke,Tomorrow's Modern Boxes,,8,,
Y:\Throwing Muses\Throwing Muses - Throwing Muses (1986),Throwing Muses,Throwing Muses,,10,,
Y:\Thunderbitch\Thunderbitch - Thunderbitch (2015),Thunderbitch,Thunderbitch,Indie,10,,
Y:\Thundercat\Thundercat - Drunk (2017),Thundercat,Drunk,Electronica,23,,
Y:\Tim Buckley\Tim Buckley - The Best of Tim Buckley (2006),Tim Buckley,The Best of Tim Buckley,,18,,
Y:\Tim Hecker\Tim Hecker - An Imaginary Country (2009),Tim Hecker,An Imaginary Country,,12,,
Y:\Tim Hecker\Tim Hecker - Dropped Pianos (2011),Tim Hecker,Dropped Pianos,,9,,
Y:\Tim Hecker\Tim Hecker - Harmony In Ultraviolet (2006),Tim Hecker,Harmony In Ultraviolet,,15,,
"Y:\Tim Hecker\Tim Hecker - Haunt Me, Haunt Me Do It Again (2001)",Tim Hecker,"Haunt Me, Haunt Me Do It Again",,20,,
Y:\Tim Hecker\Tim Hecker - Konoyo (2018),Tim Hecker,Konoyo,,7,,
Y:\Tim Hecker\Tim Hecker - Love Streams (2016),Tim Hecker,Love Streams,,11,,
Y:\Tim Hecker\Tim Hecker - Mirages (2004),Tim Hecker,Mirages,,11,,
Y:\Tim Hecker\Tim Hecker - Radio Amor (2007),Tim Hecker,Radio Amor,,10,,
Y:\Tim Hecker\Tim Hecker - Daniel Lopatin (2012),"Tim Hecker, Daniel Lopatin",Instrumental Tourist,,12,,
Y:\Tim Maia\Tim Maia - The Existential Soul of Tim Maia (2012),Tim Maia,The Existential Soul of Tim Maia,,15,,
Y:\Tindersticks\Tindersticks - 2nd Tindersticks Album (1995),Tindersticks,2nd Tindersticks Album,,16,,
Y:\Tindersticks\Tindersticks - Across Six Leap Years (2013),Tindersticks,Across Six Leap Years,,10,,
Y:\Tindersticks\Tindersticks - BBC Sessions (2CD) (2007),Tindersticks,BBC Sessions (2CD),,26,,
Y:\Tindersticks\Tindersticks - Can Our Love... (2001),Tindersticks,Can Our Love...,,8,,
Y:\Tindersticks\Tindersticks - Curtains (1997),Tindersticks,Curtains,,15,,
Y:\Tindersticks\Tindersticks - Falling Down A Mountain (2010),Tindersticks,Falling Down A Mountain,,10,,
Y:\Tindersticks\Tindersticks - San Sebastian 2012 (2012),Tindersticks,San Sebastian 2012 (cat #: Lucky Dog Recordings - Lucky Dog 13),,8,,
Y:\Tindersticks\Tindersticks - Simple Pleasure (1999),Tindersticks,Simple Pleasure,,9,,
Y:\Tindersticks\Tindersticks - The Hungry Saw (2008),Tindersticks,The Hungry Saw,,12,,
Y:\Tindersticks\Tindersticks - The Something Rain (2012),Tindersticks,The Something Rain,,9,,
Y:\Tindersticks\Tindersticks - The Waiting Room (2016),Tindersticks,The Waiting Room,Indie Rock,11,,
Y:\Tindersticks\Tindersticks - Tindersticks (1993),Tindersticks,Tindersticks,,21,,
Y:\Tindersticks\Tindersticks - Waiting For The Moon (2003),Tindersticks,Waiting For The Moon,,13,,
Y:\Tindersticks\Tindersticks - Working For The Man (2004),Tindersticks,Working For The Man (CD 2),,28,,
Y:\Brian Eno\Brian Eno - Tom Rogerson (2017),Tom Rogerson & Brian Eno,Finding Shore,"Modern Classical, Ambient",13,,
Y:\Tom Waits\Tom Waits - Heartattack And Vine (1980),Tom Waits,Heartattack And Vine,Blues,9,,
Y:\Tommy Dorsey\Tommy Dorsey - Big Bands Of The Swingin' Years Tommy Dorsey (Digitally Remastered) (2010),Tommy Dorsey,Big Bands Of The Swingin' Years: Tommy Dorsey (Digitally Remastered),,10,,
Y:\Tony Bennett\Tony Bennett - I Left My Heart In San Francisco (1962),Tony Bennett,I Left My Heart In San Francisco,,12,,
Y:\Tony Bennett\Tony Bennett - MTV Unplugged (1994),Tony Bennett,MTV Unplugged,,20,,
Y:\Tony Bennett\Tony Bennett - Sings Ellington - Hot And Cool (1999),Tony Bennett,Sings Ellington - Hot And Cool,,14,,
Y:\Tony Bennett\Tony Bennett - The Beat Of My Heart - mono vinyl rip (1957),Tony Bennett,The Beat Of My Heart - mono vinyl rip,,12,,
Y:\Tony Oxley Quintet\Tony Oxley Quintet - Crossing (1969),Tony Oxley Quintet,"The Baptised Traveller (1999, Remaster)",,3,,
Y:\Compilations\Various Artists - The Rough Guide to Congo Gold (2008),"Tpok Jazz, Franco",The Rough Guide to Congo Gold,,12,,
Y:\Transglobal Underground\Transglobal Underground - Dream Of 100 Nations (1993),Transglobal Underground,Dream Of 100 Nations,,12,,
Y:\Tricky\Tricky - Adrian Thaws (2014),Tricky,Adrian Thaws,,13,,
Y:\Tricky\Tricky - Angels With Dirty Faces (1998),Tricky,Angels With Dirty Faces,,12,,
Y:\Tricky\Tricky - BlowBack (2001),Tricky,BlowBack,,15,,
Y:\Tricky\Tricky - False Idols (2013),Tricky,False Idols,,15,,
Y:\Tricky\Tricky - Juxtapose (1999),Tricky,Juxtapose,,12,,
Y:\Tricky\Tricky - Knowle West Boy (2008),Tricky,Knowle West Boy,,13,,
"Y:\Tricky\Tricky - Maxinquaye (2CD) (Remastered, 2009) (1998)",Tricky,"Maxinquaye (2CD) (Remastered, 2009)",,25,,
Y:\Tricky\Tricky - Skilled Mechanics (2016),Tricky,Skilled Mechanics,Trip-Hop,13,,
Y:\Tricky\Tricky - Ununiform (2017),Tricky,Ununiform,Blues,14,,
Y:\Ben Klock\Ben Klock - Various Artists (2012),Truncate,Fabric 66  (cat #: Fabric - fabric131),,24,,
Y:\Maya Jane Coles\Maya Jane Coles - Various Artists (2014),Trusme,Fabric 75,,17,,
Y:\Tune-Yards\Tune-Yards - I Can Feel You Creep Into My Private Life (2018),tUnE-YaRdS,I can feel you creep into my private life,Indie,12,,
"Y:\Compilations\Various Artists - Trevor Jackson Presents Metal Dance 2 - Industrial, New Wave, EBM Classics & Rarities 79-88 (2013)",Tuxedomoon,"Trevor Jackson Presents: Metal Dance 2 - Industrial, New Wave, EBM Classics & Rarities 79-88 [CD 2]",,26,,
Y:\Compilations\Various Artists - LateNightTales - After Dark Nightshift (2014),Typesun,LateNightTales - After Dark Nightshift [CD 1]: Mixed,,36,,
Y:\UB40\UB40 - The Best Of Ub40 - Volume One(1995),UB40,The Best Of Ub40 - Volume One,,10,,
Y:\UB40\UB40 - The Best Of Ub40 - Volume Two(1995),UB40,The Best Of Ub40 - Volume Two,,10,,
Y:\Ultramagnetic MC's\Ultramagnetic MC's - Critical Beatdown (1988),Ultramagnetic MC's,Critical Beatdown,Blues,15,,
Y:\Ulver\Ulver - Themes from William Blake's The Marriage of Heaven and Hell (1998),Ulver,Themes from William Blake's The Marriage of Heaven and Hell [CD1],,19,,
Y:\Undertones\Undertones - The Undertones(1979),Undertones,The Undertones,,23,,
"Y:\Underworld\Underworld - Barbara Barbara, We Face A Shining Future (2016)",Underworld,"Barbara Barbara, We Face A Shining Future",,7,,
Y:\Underworld\Underworld - Beaucoup Fish (1999),Underworld,Beaucoup Fish,,11,,
Y:\Underworld\Underworld - Dubnobasswithmyheadman(1993),Underworld,Dubnobasswithmyheadman,,9,,
Y:\Underworld\Dubnobasswithmyheadman (2014-10-06),Underworld,Dubnobasswithmyheadman,Blues,37,,
Y:\_Untagged\Dubnobasswithmyheadman (20th Anniversary Super Deluxe Edition) [CD 2] (2014),Underworld,Dubnobasswithmyheadman (20th Anniversary Super Deluxe Edition) [CD 2],Blues,2,,
Y:\_Untagged\Dubnobasswithmyheadman (20th Anniversary Super Deluxe Edition) [CD 4] (2014),Underworld,Dubnobasswithmyheadman (20th Anniversary Super Deluxe Edition) [CD 4],Blues,2,,
Y:\Underworld\Underworld - Second Toughest In The Infants (1996),Underworld,Second Toughest In The Infants,,8,,
Y:\Underworld\Second Toughest in the Infants (2015-11-20),Underworld,Second Toughest in the Infants,Blues,33,,
Y:\_Untagged\Second Toughest In The Infants (Super Deluxe Edition) [CD 1] (2015),Underworld,Second Toughest In The Infants (Super Deluxe Edition) [CD 1],Blues,1,,
Y:\#recycle\Releases\release_1451392,Underworld,Strawberry Hotel,Electro,15,,
Y:\Unknown Mortal Orchestra\Unknown Mortal Orchestra - II(2013),Unknown Mortal Orchestra,II,,10,,
Y:\Unknown Mortal Orchestra\Unknown Mortal Orchestra - Multi-Love(2015),Unknown Mortal Orchestra,Multi-Love,Blues,9,,
Y:\Unknown Mortal Orchestra\Unknown Mortal Orchestra - Sex & Food (2018),Unknown Mortal Orchestra,Sex & Food,Blues,12,,
Y:\Unknown Mortal Orchestra\Unknown Mortal Orchestra - Unknown Mortal Orchestra(2011),Unknown Mortal Orchestra,Unknown Mortal Orchestra,,9,,
Y:\Valgeir Sigurdsson\Valgeir Sigurdsson - Architecture Of Loss (2012),Valgeir Sigurdsson,Architecture Of Loss,Blues,10,,
Y:\Vampire Weekend\Vampire Weekend - Contra(2010),Vampire Weekend,Contra,,10,,
Y:\Vampire Weekend\Vampire Weekend - Modern Vampires Of The City(2013),Vampire Weekend,Modern Vampires Of The City,,12,,
Y:\Vampire Weekend\Vampire Weekend - Vampire Weekend(2008),Vampire Weekend,Vampire Weekend,,11,,
Y:\Van Morrison\Van Morrison - Astral Weeks(1968),Van Morrison,Astral Weeks,,8,,
Y:\Van Morrison\At the Movies – Soundtrack Hits (2007-02-12),Van Morrison,At the Movies – Soundtrack Hits,,1,,
Y:\Van Morrison\Van Morrison - Blowin_ Your Mind !(1967),Van Morrison,Blowin' Your Mind !,,13,,
Y:\Van Morrison\Van Morrison - Saint Dominic_s Preview(1972),Van Morrison,Saint Dominic's Preview,,7,,
Y:\_Untagged\Still On Top – The Greatest Hits (Limited Edition) [CD 1] (2007),Van Morrison,Still On Top – The Greatest Hits (Limited Edition) [CD 1],,1,,
Y:\_Untagged\Still On Top – The Greatest Hits (Limited Edition) [CD 2] (2007),Van Morrison,Still On Top – The Greatest Hits (Limited Edition) [CD 2],,1,,
Y:\Van Morrison\Van_Morrison_-_Still_On_Top_–_The_Greatest_Hits_(Limited_Edition)__(2007),Van Morrison,Still On Top – The Greatest Hits (Limited Edition) [CD 2],,51,,
Y:\Van Morrison\Still on Top_ The Greatest Hits (2007-10-22),Van Morrison,Still on Top: The Greatest Hits,,48,,
"Y:\Vangelis\Vangelis - Blade Runner (2013, Remaster) (1994)",Vangelis,"Blade Runner (2013, Remaster)",,12,,
Y:\_Untagged\Blade Runner Trilogy_ 25th Anniversary [3CD] (2007),Vangelis,Blade Runner Trilogy: 25th Anniversary [3CD],,1,,
"Y:\Vangelis\Blade Runner_ Blade Runner Trilogy, 25th Anniversary (2007-12-10)",Vangelis,"Blade Runner: Blade Runner Trilogy, 25th Anniversary",,35,,
"Y:\Vangelis\Delectus_ The Polydor & Vertigo Recordings, 1973–1985 (2017-02-03)",Vangelis,"Delectus: The Polydor & Vertigo Recordings, 1973–1985",Blues,93,,
"Y:\_Untagged\Delectus_ The Polydor & Vertigo Recordings, 1973–1985 (13CD, Box-Set) [CD 13]_ 1983, Private Collection (2017)",Vangelis,"Delectus: The Polydor & Vertigo Recordings, 1973–1985 (13CD, Box-Set) [CD 13]: 1983, Private Collection",Blues,1,,
"Y:\_Untagged\Delectus_ The Polydor & Vertigo Recordings, 1973–1985 (13CD, Box-Set) [CD 6]_ 1981, Chariots Of Fire (2017)",Vangelis,"Delectus: The Polydor & Vertigo Recordings, 1973–1985 (13CD, Box-Set) [CD 6]: 1981, Chariots Of Fire",Blues,1,,
Y:\Vangelis\Nocturne_ The Piano Album (2019-01-25),Vangelis,Nocturne: The Piano Album,Blues,17,,
Y:\_Untagged\Odyssey - The Definitive Collection (2003),Vangelis,Odyssey - The Definitive Collection,,2,,
Y:\Vangelis\Odyssey_ The Definitive Collection (2003),Vangelis,Odyssey: The Definitive Collection,,16,,
Y:\#recycle\Releases\release_541058,Vangelis,The Collection [CD 1],,27,,
Y:\_Untagged\The Collection [CD 2] (2012),Vangelis,The Collection [CD 2],,4,,
Y:\_Untagged\The Music Of Cosmos (1981),Vangelis,The Music Of Cosmos,,1,,
Y:\Compilations\Various Artists - It's Your Voodoo Working The Best of Excello Records (2011),Various,It's Your Voodoo Working: The Best of Excello Records [Disc 1],Blues,34,,
"Y:\Compilations\Various Artists - The Complete Stax - Volt Singles 1959-1968 (9CD, Box-Set) (1991)",Various,The Complete Stax-Volt Singles: 1959-1968 (Disc 1),Soul,244,,
Y:\Compilations\100 Hits of the ’80s (2010-02-26),Various Artists,100 Hits of the ’80s,,1,,
Y:\Compilations\Various Artists - 20 ans de Musique Contemporaine a Metz (Digitally Remastered) (2009),Various Artists,20 ans de Musique Contemporaine a Metz (Digitally Remastered),Classical,23,,
Y:\Compilations\Atlantic Jaxx Recordings_ A Compilation (1997-11-10),Various Artists,Atlantic Jaxx Recordings: A Compilation,,13,,
Y:\Compilations\Christmas (2023-08-16),Various Artists,Christmas,,4,,
Y:\Compilations\Christmas Hits (2006-12-04),Various Artists,Christmas Hits,,15,,
Y:\Compilations\Christmas Hits (2007),Various Artists,Christmas Hits,,19,,
Y:\Compilations\Christmas Hits_ 60 Festive Favourites (2004-11-22),Various Artists,Christmas Hits: 60 Festive Favourites,,3,,
Y:\Compilations\Christmas Memories (2003),Various Artists,Christmas Memories,,1,,
Y:\Aretha Franklin\Aretha Franklin - King Curtis (2005),Various Artists,Don't Fight The Feeling: The Complete Aretha Franklin & King Curtis Live At Fillmore West [CD 1],R&B,61,,
Y:\Compilations\Various Artists - The Essential Motown Northern Soul (2018),Various Artists,Essential Motown - Northern Soul,Soul/Funk,66,,
Y:\Compilations\Frankie Knuckles_ Greatest 12 X 12 (2017-03-31),Various Artists,Frankie Knuckles: Greatest 12 X 12,"Electronic, House, Funky",3,,
Y:\Compilations\Various Artists - Hillbillies In Hell The Rapture (2018),Various Artists,Hillbillies In Hell: The Rapture,Country,34,,
Y:\Compilations\It’s Christmas (2007),Various Artists,It’s Christmas,,1,,
Y:\MIA\MIA. - Kala (2007),Various Artists,Kala (Reissue),Worldbeat,12,,
Y:\Jon Hopkins\Jon Hopkins - Various Artists (2015),Various Artists,LateNightTales,Electronic,22,,
Y:\Compilations\Music of Cosmos (1994-09-13),Various Artists,Music of Cosmos,,5,,
Y:\Stevie Wonder\Stevie Wonder - Music Of My Mind(1972),Various Artists,Music Of My Mind,,9,,
Y:\Compilations\Various_Artists_-_Music_To_Watch_Girls_By_-_Golden_Days_(2024),Various Artists,Music to Watch Girls By - Golden Days,Pop,70,,
Y:\Compilations\O Holy Night_ Christmas Religious Songs 2023 (2023-11-21),Various Artists,O Holy Night: Christmas Religious Songs 2023,,2,,
"Y:\Compilations\Ö3 Christmas Hits, Volume 3 (2003-11-24)",Various Artists,"Ö3 Christmas Hits, Volume 3",,1,,
Y:\Compilations\Various Artists - Pebbles Vol.09 - Southern California 2 (1996),Various Artists,Pebbles Vol.09 - Southern California 2,Garage 60's,24,,
Y:\Compilations\Platinum Christmas Hits (2007),Various Artists,Platinum Christmas Hits,,1,,
Y:\Compilations\Rock & Folk Monster CD N°6 (2004-04-01),Various Artists,Rock & Folk Monster CD N°6,,1,,
Y:\Compilations\The Best Christmas Album in the World… Ever! (2004),Various Artists,The Best Christmas Album in the World… Ever!,,1,,
Y:\Compilations\The Best of Love Songs (2011),Various Artists,The Best of Love Songs,,2,,
Y:\Stevie Wonder\Stevie Wonder - Up Tight (Everything_s Alright)(1966),Various Artists,Up Tight (Everything's Alright),Soul,12,,
Y:\Zip\Zip - Various Artists (2012),Vedomir,Fabric 67,,17,,
"Y:\Verdi\Verdi - Requiem (Herbert Von Karajan) (2010, Remastered) (2010)",Verdi,Requiem (Herbert Von Karajan),Opera,15,,
Y:\Vienna Art Orchestra\Vienna Art Orchestra - The Minimalism Of Erik Satie (1989),Vienna Art Orchestra,The Minimalism Of Erik Satie,Blues,11,,
"Y:\Violent Femmes\Violent Femmes - Violent Femmes (2011, Remaster) (1983)",Violent Femmes,"Violent Femmes (2011, Remaster)",Blues,10,,
Y:\Fall\Fall - Von Sudenfed (2007),Von Sudenfed,Tromatic Reflexxions,,12,,
Y:\Wanda Jackson\Wanda Jackson - Rockin' With Wanda (1960),Wanda Jackson,Rockin' With Wanda,Rock & Roll,18,,
Y:\Wang Chung\Wang Chung - Points On The Curve (1984),Wang Chung,Points On The Curve,,10,,
Y:\Warpaint\Warpaint - Heads Up (2016),Warpaint,Heads Up,Indie Rock / Psychedelic,11,,
Y:\Warpaint\Warpaint - The Fool (2010),Warpaint,The Fool,,9,,
Y:\Warpaint\Warpaint - Warpaint (Japanese Edition) (2014),Warpaint,Warpaint (Japanese Edition),,14,,
Y:\Waxahatchee\Waxahatchee - Out In The Storm (2017),Waxahatchee,Out In The Storm,Blues,10,,
Y:\Wayne County and The Electric Chairs\Wayne County and The Electric Chairs - Rock N Roll Cleopatra(1993),Wayne County and The Electric Chairs,Rock N Roll Cleopatra,Blues,20,,
"Y:\Wayne Shorter\Wayne Shorter - Speak No Evil (Remastered, 1999) (1964)",Wayne Shorter,"Speak No Evil (Remastered, 1999)",,7,,
Y:\Weezer\Weezer - Pinkerton (1996),Weezer,Pinkerton,Alternative,10,,
Y:\Wes Montgomery\Wes Montgomery - The Incredible Jazz Guitar Of Wes Montgomery (1960),Wes Montgomery,The Incredible Jazz Guitar Of Wes Montgomery,,8,,
Y:\White Hills\White Hills - Frying on this Rock (2012),White Hills,Frying on this Rock,,5,,
Y:\Whitest Boy Alive\Whitest Boy Alive - Dreams (2006),Whitest Boy Alive,Dreams,Blues,10,,
Y:\Whitest Boy Alive\Whitest Boy Alive - Rules (2009),Whitest Boy Alive,Rules,,10,,
Y:\Wilco\Wilco - A Ghost Is Born(2004),Wilco,A Ghost Is Born,Blues,12,,
Y:\Wilco\Wilco - A.M.(1995),Wilco,A.M.,Blues,13,,
Y:\Wilco\Wilco - Sky Blue Sky (2007),Wilco,Sky Blue Sky,Blues,12,,
Y:\Wilco\Wilco - Summerteeth(1999),Wilco,Summerteeth,Blues,17,,
Y:\Wilco\Wilco - Wilco (2009),Wilco,Wilco,Blues,11,,
Y:\Wilco\Wilco - Yankee Hotel Foxtrot(2002),Wilco,Yankee Hotel Foxtrot,Blues,11,,
Y:\Wilco\Wilco - Billy Bragg (1998),"Wilco, Billy Bragg",Mermaid Avenue Vol. 1,Blues,15,,
Y:\Wild Nothing\Wild Nothing - Empty Estate (Japanese Edition)(2013),Wild Nothing,Empty Estate (Japanese Edition),,10,,
Y:\Wiley\Wiley - Treddin' On Thin Ice (2004),Wiley,Treddin' On Thin Ice,,15,,
Y:\William Basinski\William Basinski - 92982 (2009),William Basinski,92982,,4,,
Y:\William Basinski\William Basinski - Melancholia (2003),William Basinski,Melancholia,,14,,
"Y:\William Basinski\William Basinski - The Disintegration Loops - Limited Edition (5CD, Box-Set) (2012)",William Basinski,"The Disintegration Loops - Limited Edition (5CD, Box-Set) [CD 4]",,11,,
Y:\,William Basinski,Variations For Piano & Tape,,12,,
Y:\#recycle\Releases\release_1434576,William Orbit,Strange Cargo III,"Electro, Ambient",12,,
Y:\William S. Burroughs\William S. Burroughs - Dead City Radio (1990),William S. Burroughs,Dead City Radio,,17,,
Y:\William S. Burroughs\William S. Burroughs - In Dub Conducted By Dub Spencer & Trance Hill (2014),William S. Burroughs,In Dub: Conducted By Dub Spencer & Trance Hill,,15,,
Y:\Willie Dixon\Willie Dixon - Floyd Dixon (2010),Willie Dixon,ABC of the Blues [52-CD Box Set] [CD 9],,20,Blues,
Y:\Willie Nelson\Willie Nelson - Phases And Stages (1974),Willie Nelson,Phases And Stages,,11,,
Y:\Willie Nelson\Willie Nelson - Shotgun Willie (1973),Willie Nelson,Shotgun Willie,,12,,
Y:\Wilson Pickett\Wilson Pickett - Hey Jude (1969),Wilson Pickett,Hey Jude,,6,,
Y:\Wilson Pickett\Wilson Pickett - Wilson Pickett's Greatest Hits (1973),Wilson Pickett,Wilson Pickett's Greatest Hits,Jazz,24,,
Y:\Wire\Wire - Pink Flag (1995_ Remastered Japan) (cat #_ Toshiba-EMI - TOCP 8726)(1977),Wire,"Pink Flag (1995, Remastered Japan) (cat #: Toshiba-EMI - TOCP 8726)",,38,,
Y:\Wolf Alice\Wolf Alice - My Love Is Cool (2015),Wolf Alice,My Love Is Cool,Blues,12,,
Y:\Wolf Alice\Wolf Alice - Visions Of A Life (2017),Wolf Alice,Visions Of A Life,Indie,12,,
Y:\Wolfgang Amadeus Mozart\Wolfgang Amadeus Mozart - 250 A Celebration (2006),Wolfgang Amadeus Mozart,250 A Celebration [CD 1],,36,,
Y:\Wolfgang Amadeus Mozart\Wolfgang Amadeus Mozart - Concertos Pour Piano No.20 & No.21(2005),Wolfgang Amadeus Mozart,Concertos Pour Piano No.20 & No.21,,6,,
Y:\Wolfgang Amadeus Mozart\Wolfgang Amadeus Mozart - Grandes Cantantes Mozartianos(2006),Wolfgang Amadeus Mozart,Grandes Cantantes Mozartianos,,15,,
Y:\Wolfgang Amadeus Mozart\Wolfgang Amadeus Mozart - Piano Concertos (2018),Wolfgang Amadeus Mozart,Piano Concertos,Blues,7,,
Y:\Wolfgang Amadeus Mozart\Wolfgang Amadeus Mozart - Symphonies (2009),Wolfgang Amadeus Mozart,Symphonies,Classical,11,,
Y:\Wolfgang Amadeus Mozart\Wolfgang Amadeus Mozart - Symphonies No.40 & No.41(2005),Wolfgang Amadeus Mozart,Symphonies No.40 & No.41,,9,,
Y:\Wolfgang Amadeus Mozart\Wolfgang Amadeus Mozart - The Best of Mozart (3CD)(2006),Wolfgang Amadeus Mozart,The Best of Mozart (3CD),,31,,
Y:\Wooden Shjips\Wooden Shjips - Back To Land (2013),Wooden Shjips,Back To Land,,8,,
Y:\Wooden Shjips\Wooden Shjips - Dos (2009),Wooden Shjips,Dos,Blues,5,,
Y:\Wooden Shjips\Wooden Shjips - Volume 1 (2008),Wooden Shjips,Volume 1,,6,,
Y:\Wooden Shjips\Wooden Shjips - West (2011),Wooden Shjips,West,,7,,
Y:\Woody Guthrie\Woody Guthrie - Dust Bowl Ballads (cat #_ Buddha - 74465 99724 2)(1940),Woody Guthrie,Dust Bowl Ballads (cat #: Buddha - 74465 99724 2),,15,,
Y:\Wu-Tang Clan\Wu-Tang Clan - 8 Diagrams(2007),Wu-Tang Clan,8 Diagrams,,14,,
Y:\Wu-Tang Clan\Wu-Tang Clan - A Better Tomorrow(2014),Wu-Tang Clan,A Better Tomorrow,Hip-Hop,15,,
Y:\Wu-Tang Clan\Wu-Tang Clan - Iron Flag(2001),Wu-Tang Clan,Iron Flag,,12,,
Y:\David Byrne\David Byrne - X-Press 2 (2008),"X-Press 2, David Byrne",Lazy (Single),,8,,
Y:\YACHT\YACHT - See Mystery Lights (2009),YACHT,See Mystery Lights,,10,,
Y:\Yardbirds\Yardbirds - Ultimate! (2001),Yardbirds,Ultimate! [CD 2],,52,,
Y:\Yeah Yeah Yeahs\Yeah Yeah Yeahs - Fever To Tell(2003),yeah yeah yeahs,Fever To Tell,Indie Rock,11,,
Y:\Yeah Yeah Yeahs\Yeah Yeah Yeahs - IS IS(2007),Yeah Yeah Yeahs,IS IS,,5,,
Y:\Yeah Yeah Yeahs\Yeah Yeah Yeahs - It_s Blitz!(2009),Yeah Yeah Yeahs,It's Blitz!,,10,,
Y:\Yeah Yeah Yeahs\Yeah Yeah Yeahs - Mosquito(2013),Yeah Yeah Yeahs,Mosquito,,11,,
Y:\Yeah Yeah Yeahs\Yeah Yeah Yeahs - Show Your Bones(2006),Yeah Yeah Yeahs,Show Your Bones,Indie Rock,12,,
Y:\Yeah Yeah Yeahs\Yeah Yeah Yeahs - Yeah Yeah Yeahs(2002),Yeah Yeah Yeahs,Yeah Yeah Yeahs,,5,,
Y:\Years & Years\Years & Years - Communion (2015),Years & Years,Communion,Blues,13,,
Y:\Yo La Tengo\Yo La Tengo - I Can Hear The Heart Beating As One (25th Anniversary Deluxe Edition) (2022),Yo La Tengo,I Can Hear The Heart Beating As One (25th Anniversary Deluxe Edition),,22,,
Y:\Compilations\Various Artists - The Rough Guide To Yodel Compiled By Bart Plantenga (2006),Yodeling lesson,The Rough Guide To Yodel Compiled By Bart Plantenga,,18,,
Y:\Young Fathers\Young Fathers - Dead (2014),Young Fathers,Dead,,11,,
Y:\Young Fathers\Young Fathers - White Men Are Black Men Too (2015),Young Fathers,White Men Are Black Men Too,Blues,12,,
Y:\Young Marble Giants\Young Marble Giants - Colossal Youth (1979),Young Marble Giants,Colossal Youth,,25,,
Y:\Yung Lean\Yung Lean - Stranger (2017),Yung Lean,Stranger,Hip-Hop / Rap,14,,
Y:\Yves Montand\Yves Montand - Chansons Populaires de France (2006),Yves Montand,Chansons Populaires de France,,21,,
Y:\Yves Tumor\Yves Tumor - Serpent Music (2016),Yves Tumor,Serpent Music,Blues,12,,
Y:\Zoot Sims\Zoot Sims - Henri Renaud (1952),"Zoot Sims, Henri Renaud",Jazz In Paris [Box Set] [CD 25]: Zoot Sims Et Henri Renaud,,10,Jazz,
Y:\Chameleons\Chameleons - John Peel Sessions (1990),,Chameleons - John Peel Sessions (1990),,12,Rock,
Y:\Kleenex\Kleenex - Liliput (1993),,Kleenex - Liliput (1993),,46,Rock,
